id,cipname,altname,standard,ciporigin,ciptype,cipdate,ciprevdate,cippdf,L0,L1,L2,L3,L4,L5,L6,R,R1,R3,E,E1,Emin,delta,FG,beta,P0,P1,P2,alpha,S,r1min,r2,H1,H2,G1,G2,f,L3G,Pmax,PK,PE,EE,V,M,c_L0,c_L1,c_L2,c_L3,c_R,c_R1,c_R2,c_R3,c_r_,c_E,c_P0,c_P1,c_P2,c_alpha,c_S,c_r1max,c_r2_,c_H1,c_H2,c_G,c_G1,c_alpha1,c_h_,c_s_,c_i_,c_w_,c_F,c_Z,c_b_,c_N,c_u_,c_Q,c_delta,c_Fe,c_Fe_proof,c_Fe_auto,sebert,cdate,cby,mdate,mby,type,mode,status,origin,descr,geloescht
1,.10 Eichelberger,.10 Eichelberger Long Rifle,WildCat,US,5 rimfire,1984-06-14,0000-00-00,,0.0,9.49,13.0,15.51,0.0,0.0,19.79,1.09,7.06,0.0,0.0,0.0,0.0,0,0.0,0,0.0,5.74,5.72,0,0.0,0.0,0.0,3.25,3.22,2.67,0.0,0.0,17.51,1700.0,1955.0,2210.0,0.0,3.7,9,0.0,0.0,0.0,0.0,0.0,0.0,0.0,0.0,0.0,0.0,0.0,0.0,0.0,0.0,0.0,0.0,0.0,0.0,0.0,0.0,0.0,0.0,0.0,0.0,0.0,0.0,2.57,2.62,1.0,4.0,177.8,5.288,0.0,0.0,0.0,0.0,0.9,2021-10-08,GRT,,,,,,cip-bobp.org,,0
2,.17 HMR,,CIP,US,5 rimfire,2004-09-27,2012-09-25,https://bobp.cip-bobp.org/uploads/tdcc/tab-v/17-hmr-en.pdf,0.0,22.2,23.54,27.03,0.0,0.0,34.67,1.27,7.47,0.0,0.0,0.0,0.0,0,0.0,0,0.0,6.15,6.15,50,28.79,0.0,0.0,4.9,4.9,4.38,0.0,0.0,30.53,1800.0,2070.0,2340.0,0.0,9.1,17.5,0.0,22.4,23.74,27.32,1.27,7.67,0.0,0.0,0.0,0.0,0.0,6.22,6.17,49.8,29.07,0.64,1.91,4.93,4.93,3.5,4.37,90.0,0.28,1.59,1.5,0.0,4.27,4.37,1.57,6.0,229.0,14.8,0.0,0.2,0.0,0.0,0.5,2021-10-08,GRT,,,,,,cip-bobp.org,,0
3,.17 Hornet,,CIP,US,2 rimmed,2014-05-20,1900-01-01,https://bobp.cip-bobp.org/uploads/tdcc/tab-ii/17-hornet-en.pdf,0.0,26.6,29.32,34.29,0.0,0.0,43.69,1.65,8.89,0.0,0.0,0.0,0.0,0,0.0,35,0.0,7.59,7.47,50,34.61,0.64,1.91,4.93,4.93,4.38,0.0,0.38,37.95,3700.0,4255.0,4625.0,820.0,14.0,17.5,0.0,26.58,29.28,34.46,1.65,9.14,0.0,0.0,0.0,0.0,0.0,7.62,7.49,50.0,34.61,0.64,1.91,4.97,4.96,3.66,4.38,90.0,0.29,1.56,1.5,0.0,4.27,4.37,1.57,6.0,228.0,14.8,0.0,0.15,0.0,0.0,0.5,2021-10-08,GRT,,,,,,cip-bobp.org,,0
4,.17 Libra,,CIP,CZ,1 rimless,2001-01-22,2002-05-15,https://bobp.cip-bobp.org/uploads/tdcc/tab-i/tabical-en-page76.pdf,0.0,21.78,25.01,30.1,0.0,0.0,41.0,1.24,7.65,0.0,3.5,6.4,0.75,20,0.0,45,0.0,7.56,6.88,34.081000000000003,33.0,0.64,2.54,4.9,4.9,4.28,0.0,0.3,32.87,4300.0,4945.0,5375.0,1500.0,11.2,17.5,0.0,21.35,24.63,30.2,0.0,7.67,0.0,0.0,0.0,2.77,0.0,7.62,7.0,34.217,32.72,0.64,3.18,4.98,4.9,2.77,4.4,90.0,0.25,0.0,1.46666666666667,0.0,4.27,4.4,1.57,6.0,229.0,14.95,0.0,0.1,0.0,0.0,0.5,2021-10-08,GRT,,,,,,cip-bobp.org,,0
5,.17 Mach 2,,CIP,US,5 rimfire,2004-09-27,2012-09-25,https://bobp.cip-bobp.org/uploads/tdcc/tab-v/17-mach-2-en-1.pdf,0.0,14.23,15.48,18.14,0.0,0.0,25.4,1.09,7.06,0.0,0.0,0.0,0.0,0,0.0,0,0.0,5.74,5.74,40,22.12,0.25,1.27,4.83,4.83,4.38,0.0,0.0,21.83,1800.0,2070.0,2340.0,0.0,5.1,6.5,0.0,14.31,15.56,18.29,1.09,7.32,0.0,0.0,0.25,0.0,0.0,5.79,5.79,40.0,22.26,0.64,1.9,4.88,4.88,3.69,4.37,0.0,0.25,1.78,1.5,0.0,4.27,4.37,1.57,6.0,228.6,14.8,0.0,0.2,0.0,0.0,0.5,2021-10-08,GRT,,,,,,cip-bobp.org,,0
6,.17 Rem. Fireball,,CIP,US,1 rimless,2008-04-15,2011-05-25,https://bobp.cip-bobp.org/uploads/tdcc/tab-i/17-rem-fireball-en.pdf,0.0,27.05,30.6,35.81,0.0,0.0,46.48,1.14,9.6,0.0,3.12,8.43,0.76,25,0.0,35,0.0,9.57,9.28,60,35.08,0.64,2.54,5.18,5.18,4.38,0.0,0.45,40.29,3800.0,4370.0,4750.0,980.0,22.7,17.5,0.0,26.92,30.45,36.07,0.0,9.63,0.0,0.0,0.0,3.12,0.0,9.6,9.31,60.0,34.98,0.64,3.18,5.23,5.21,4.48,4.39,90.0,0.41,1.04,1.0,0.0,4.27,4.37,1.57,6.0,228.6,14.8,0.0,0.15,0.0,0.0,0.5,2021-10-08,GRT,,,,,,cip-bobp.org,,0
7,.17 Rem.,,CIP,US,1 rimless,1984-06-14,2002-05-15,https://bobp.cip-bobp.org/uploads/tdcc/tab-i/tabical-en-page77.pdf,0.0,34.31,39.01,45.62,0.0,0.0,54.61,1.14,9.6,0.0,3.13,8.43,0.76,25,0.0,35,0.0,9.58,9.04,46,44.96,0.64,2.54,5.05,5.05,4.38,0.0,0.45,47.74,4250.0,4888.0,5310.0,1290.0,28.8,25,0.0,34.22,38.87,45.92,0.0,9.66,0.0,0.0,0.0,3.13,0.0,9.61,9.06,46.0,44.89,0.64,3.18,5.11,5.08,2.12,4.37,90.0,0.36,0.99,2.53333333333333,0.0,4.27,4.37,1.57,6.0,229.0,14.8,0.0,0.1,0.0,0.0,0.45,2021-10-08,GRT,,,,,,cip-bobp.org,,0
8,.17 WSM,"17 Winchester Super Magnum, 17 Win. Super Mag.",CIP,US,12 rimfire,2016-05-18,2016-05-18,https://bobp.cip-bobp.org/uploads/tdcc/tab-v/17-wsm-en.pdf,0.0,24.44,26.95,30.48,0.0,0.0,40.39,1.68,8.46,0.0,0.0,0.0,0.0,0,0.0,0,0.0,6.83,6.83,40,33.82,0.0,0.0,5.0,5.0,4.38,0.0,0.0,0.0,2200.0,2530.0,2860.0,515.0,11.8,17.5,0.0,24.64,27.17,30.78,1.68,8.66,0.0,0.0,0.0,0.0,0.0,6.91,6.86,39.767,34.12,0.64,2.79,5.03,5.03,3.49,4.37,90.0,0.33,1.58,1.5,0.0,4.27,4.37,1.57,6.0,229.0,14.8,0.0,0.15,0.0,0.0,0.5,2021-10-08,GRT,,,,,,,,0
9,.20 Vartarg,,WildCat,US,1 rimless,1984-06-14,2000-6-7,,0.0,27.08,29.87,35.43,0.0,0.0,47.12,1.14,9.6,0.0,3.13,8.43,0.76,25,0.0,35,0.0,9.55,9.17,60,37.98,0.64,2.54,5.84,5.84,5.19,0.0,0.45,37.72,3998.96,3680.0,4160.0,0.0,22.2,17.5,0.0,27.07,29.89,35.56,0.0,9.65,0.0,0.0,0.0,3.13,0.0,9.58,9.14,60.0,37.19,0.64,3.18,5.89,5.89,3.81,5.19,90.0,0.35,0.06,1.3,0.0,4.98,5.08,2.03,6.0,305.0,25.09,0.0,0.15,0.0,0.0,0.6,2021-10-08,GRT,,,,,,cip-bobp.org,,0
10,.204 Ruger,,CIP,US,1 rimless,2006-05-16,1900-1-1,https://bobp.cip-bobp.org/uploads/tdcc/tab-i/tabical-en-page79.pdf,0.0,39.08,41.91,46.99,0.0,0.0,57.4,1.14,9.6,0.0,3.11,8.43,0.76,25,0.0,35,0.0,9.56,9.14,60,46.99,0.64,2.54,5.87,5.87,5.19,0.0,0.48,51.98,4050.0,4658.0,5063.0,1940.0,32.0,25,0.0,38.97,41.79,47.31,0.0,9.63,0.0,0.0,0.0,3.11,0.0,9.59,9.16,60.0,46.92,0.64,3.18,5.91,5.89,4.99,5.19,0.0,0.35,2.89,1.5,0.0,5.08,5.18,1.37,6.0,305.0,20.68,0.0,0.1,0.0,0.0,0.6,2021-10-08,GRT,,,,,,cip-bobp.org,,0
11,.215,,CIP,DE,1 rimless,1992-02-27,2011-05-25,https://bobp.cip-bobp.org/uploads/tdcc/tab-i/215-en.pdf,0.0,30.0,33.97,39.6,0.0,0.0,58.0,1.5,10.0,0.0,3.2,8.6,1.0,45,0.0,45,0.0,10.0,9.25,40.509999999999998,42.53,0.0,0.0,6.32,6.32,5.64,0.0,0.5,44.72,3800.0,4370.0,4750.0,1505.0,27.7,17.5,0.0,29.93,33.78,40.13,1.5,10.05,0.0,0.0,0.0,3.83,0.0,10.0,9.3,40.483,42.54,0.0,0.0,6.46,6.33,5.12,6.33,180.0,0.0,0.0,5.18333333333333,0.0,5.4,5.6,1.81,6.0,214.0,24.01,0.0,0.15,0.0,0.0,0.5,2021-10-08,GRT,,,,,,cip-bobp.org,,0
12,.218 Bee,,CIP,US,2 rimmed,1984-06-14,2002-05-15,https://bobp.cip-bobp.org/uploads/tdcc/tab-ii/tabiical-en-page54.pdf,0.0,23.45,27.67,34.16,0.0,0.0,42.67,1.65,10.36,0.0,0.0,0.0,0.0,0,0.0,35,0.0,8.87,8.44,30,39.2,1.02,4.7,6.18,6.15,5.7,0.0,0.38,38.75,3200.0,3680.0,4000.0,1115.0,18.3,17.5,0.0,23.66,27.86,34.42,1.65,10.62,0.0,0.0,0.0,0.0,0.0,8.9,8.46,30.0,39.45,0.64,4.7,6.21,6.17,4.59,5.76,30.0,0.77,0.0,1.5,0.0,5.56,5.69,1.88,6.0,406.0,25.03,0.0,0.15,0.0,0.0,0.6,2021-10-08,GRT,,,,,,cip-bobp.org,,0
13,.219 Zipper,,CIP,US,2 rimmed,1984-06-14,2002-05-15,https://bobp.cip-bobp.org/uploads/tdcc/tab-ii/tabiical-en-page55.pdf,0.0,34.55,41.18,49.22,0.0,0.0,57.4,1.6,12.85,0.0,0.0,0.0,0.0,0,0.0,0,0.0,10.72,9.26,24,56.33,0.0,8.0,6.44,6.4,5.7,0.0,0.0,53.8,2850.0,3278.0,3560.0,1935.0,34.2,25,0.0,34.76,41.39,49.48,1.6,12.88,0.0,0.0,0.0,0.0,0.0,10.74,9.28,24.0,56.59,0.0,8.0,6.46,6.43,4.58,5.77,60.0,0.57,0.0,1.5,0.0,5.56,5.69,1.88,6.0,406.0,25.03,0.0,0.15,0.0,0.0,0.6,2021-10-08,GRT,,,,,,cip-bobp.org,,0
14,.22 Br Rem.,,WildCat,US,1 rimless,1984-06-14,2002-5-15,,0.0,27.3,31.44,38.63,0.0,0.0,49.4,1.37,12.01,0.0,3.85,10.39,0.84,36,0.0,35,0.0,11.96,11.68,60,37.42,0.64,1.27,6.13,6.13,5.7,0.0,0.46,52.39,4050.0,4658.0,5060.0,2370.0,38.0,25,0.0,0.0,0.0,0.0,0.0,0.0,0.0,0.0,0.0,0.0,0.0,0.0,0.0,0.0,0.0,0.0,0.0,0.0,0.0,0.0,0.0,0.0,0.0,0.0,0.0,0.0,5.56,5.69,2.03,6.0,356.0,25.09,0.0,0.0,0.0,0.0,0.5,2021-10-08,GRT,,,,,,cip-bobp.org,,0
15,.22 Creedmoor,".22 CM, 22 Creedmoor",WildCat,US,1 rimless,2020-04-09,2020-4-9,,0.0,37.85,42.42,48.77,0.0,0.0,68.58,1.37,12.01,0.0,3.84,10.39,1.4,36,0.0,35,0.0,11.95,11.74,60,48.01,0.76,3.18,6.48,6.48,5.7,0.0,0.38,58.42,4275.0,4945.0,5375.0,0.0,48.2,0,0.0,37.85,42.42,48.77,0.0,12.01,0.0,0.0,0.0,3.84,0.0,11.98,11.76,60.0,47.95,0.76,3.18,6.48,6.48,2.18,5.69,92.0,0.38,1.01,3.17,0.0,5.56,5.69,1.88,6.0,305.0,25.03,0.0,0.1,0.0,0.0,0.5,2021-10-08,GRT,,,,,,cip-bobp.org,,0
16,.22 Hornet,,CIP,US,2 rimmed,1984-06-14,2002-05-15,https://bobp.cip-bobp.org/uploads/tdcc/tab-ii/tabiical-en-page56.pdf,0.0,21.64,25.8,35.64,0.0,0.0,43.76,1.65,8.89,0.0,0.0,0.0,0.0,0,0.0,35,0.0,7.59,7.04,11.266999999999999,57.33,12.7,22.23,6.22,6.16,5.7,0.0,0.38,38.78,3000.0,3450.0,3750.0,1055.0,14.8,17.5,0.0,21.44,25.81,35.76,1.65,9.14,0.0,0.0,0.0,0.0,0.0,7.62,7.07,10.967,58.26,12.7,22.23,6.23,6.17,3.14,5.82,90.0,0.18,0.0,3.0,0.0,5.51,5.64,1.73,6.0,406.0,24.53,0.0,0.15,0.0,0.0,0.75,2021-10-08,GRT,,,,,,cip-bobp.org,,0
17,.22 Long Rifle,22 LR,CIP,US,5 rimfire,1984-06-14,2008-09-23,https://bobp.cip-bobp.org/uploads/tdcc/tab-v/22-long-rifle-en.pdf,0.0,0.0,0.0,15.57,0.0,0.0,25.4,1.09,7.06,0.0,0.0,0.0,0.0,0,0.0,0,0.0,5.74,0.0,0,0.0,0.0,0.0,0.0,5.72,5.72,0.0,0.0,17.51,1700.0,1955.0,2210.0,0.0,5.1,9,0.0,0.0,0.0,16.33,1.09,7.32,0.0,0.0,0.25,0.0,0.0,5.76,0.0,0.0,0.0,0.0,0.0,0.0,5.72,1.94,5.72,0.0,0.0,0.0,5.0,0.0,5.38,5.58,2.16,6.0,406.0,24.07,0.0,0.2,0.0,0.0,0.9,2021-10-08,GRT,,,,,,cip-bobp.org,,0
18,.22 PICRA,,CIP,CZ,4 pistol/revolver,1999-03-15,2000-06-07,https://bobp.cip-bobp.org/uploads/tdcc/tab-iv/tabivcal-en-page35.pdf,0.0,30.09,30.64,35.64,0.0,0.0,48.0,1.65,8.89,0.0,0.0,0.0,0.0,0,0.0,35,0.0,7.59,7.29,90,33.73,0.0,0.0,6.19,6.19,5.7,0.0,0.38,38.77,3200.0,3680.0,4160.0,0.0,15.5,17.5,0.0,30.07,30.64,35.8,1.65,9.14,0.0,0.0,0.0,0.0,0.0,7.62,7.32,88.983,33.8,0.0,0.0,6.2,6.17,3.13,5.82,91.65,0.17,0.0,2.98333333333333,0.0,5.51,5.64,1.73,6.0,406.0,24.53,0.0,0.15,0.0,0.0,0.5,2021-10-08,GRT,,,,,,cip-bobp.org,,0
19,.22 PPC USA,.22 PPC-USA,CIP,FI,1 rimless,1989-04-18,2002-05-15,https://bobp.cip-bobp.org/uploads/tdcc/tab-i/tabical-en-page81.pdf,0.0,27.3,31.28,38.48,0.0,0.0,55.7,1.5,11.3,0.0,3.5,9.6,1.1,42.68,0.0,45,0.0,11.26,10.95,60.045999999999999,36.77,1.0,3.0,6.35,6.35,5.7,0.0,0.4,43.96,4050.0,4658.0,5060.0,1935.0,33.8,17.5,0.0,27.27,31.25,38.74,1.5,11.32,0.0,0.0,0.0,3.5,0.0,11.28,10.98,59.933,36.79,0.5,3.0,6.39,6.38,5.48,5.72,90.0,0.33,1.85,1.5,0.0,5.53,5.66,2.04,6.0,355.0,24.83,0.0,0.1,0.0,0.0,0.5,2021-10-08,GRT,,,,,,cip-bobp.org,,0
20,.22 Rem. Jet Mag.,,CIP,US,4 pistol,2084-06-14,2000-06-07,https://bobp.cip-bobp.org/uploads/tdcc/tab-iv/tabivcal-en-page36.pdf,0.0,15.19,27.62,32.72,0.0,0.0,42.14,1.5,11.18,0.0,0.0,0.0,0.0,0,0.0,35,0.0,9.65,9.29,13.35,0.0,0.76,2.54,6.38,6.38,5.65,0.0,0.38,0.0,2550.0,2933.0,3315.0,0.0,17.7,10.5,0.0,15.26,27.52,32.97,1.52,11.28,0.0,0.0,0.0,0.0,0.0,9.65,9.3,13.35,54.99,0.76,3.18,6.43,6.4,10.31,5.69,90.0,0.35,9.53,4.75,0.0,5.56,5.65,1.8,6.0,381.0,24.77,0.0,0.25,0.0,0.0,0.5,2021-10-08,GRT,,,,,,,,0
21,.22 Savage,,CIP,US,2 rimmed,1984-06-14,2002-05-15,https://bobp.cip-bobp.org/uploads/tdcc/tab-ii/tabiical-en-page57.pdf,0.0,35.52,41.04,52.07,0.0,0.0,63.75,1.6,12.85,0.0,0.0,0.0,0.0,0,0.0,0,0.0,10.74,9.2,28,53.97,3.81,3.81,6.45,6.45,5.79,0.0,0.0,55.22,3300.0,3795.0,4125.0,1990.0,35.3,25,0.0,35.66,40.89,52.12,1.65,13.08,0.0,0.0,0.0,0.0,0.0,10.8,9.28,28.0,54.27,3.81,7.62,6.67,6.55,3.15,6.1,0.0,1.51,0.0,8.5,0.0,5.61,5.74,1.65,6.0,305.0,25.37,0.0,0.15,0.0,0.0,0.6,2021-10-08,GRT,,,,,,cip-bobp.org,,0
22,.22 Short,"22 kurz, 22 court",CIP,US,5 rimfire,1984-06-14,2008-09-23,https://bobp.cip-bobp.org/uploads/tdcc/tab-v/22-short-en.pdf,0.0,0.0,0.0,10.69,0.0,0.0,17.65,1.09,7.06,0.0,0.0,0.0,0.0,0,0.0,0,0.0,5.74,0.0,0,0.0,0.0,0.0,0.0,5.72,5.72,0.0,0.0,12.63,1050.0,1208.0,1365.0,0.0,3.5,7,0.0,0.0,0.0,12.04,1.09,7.32,0.0,0.0,0.25,0.0,0.0,5.75,0.0,0.0,0.0,0.0,0.0,0.0,5.72,1.94,5.72,0.0,0.0,0.0,5.0,0.0,5.38,5.58,2.16,6.0,406.0,24.07,0.0,0.2,0.0,0.0,0.75,2021-10-08,GRT,,,,,,cip-bobp.org,,0
23,.22 Win. Mag. R.F.,"22 Win.Mag., 22 WMR, 22 Magnum",CIP,US,5 rimfire,1984-06-14,2008-09-23,https://bobp.cip-bobp.org/uploads/tdcc/tab-v/22-win-mag-rf-en.pdf,0.0,0.0,0.0,26.8,0.0,0.0,34.29,1.27,7.47,0.0,0.0,0.0,0.0,0,0.0,0,0.0,6.15,0.0,0,0.0,0.0,0.0,0.0,6.15,5.7,0.0,0.0,31.39,1600.0,1840.0,2080.0,0.0,10.0,17.5,0.0,0.0,0.0,27.18,1.27,7.67,0.0,0.0,0.25,0.0,0.0,6.2,0.0,0.0,0.0,0.0,0.0,0.0,6.17,4.59,5.76,30.0,0.77,0.0,1.5,0.0,5.56,5.69,1.88,6.0,406.0,25.03,0.0,0.2,0.0,0.0,0.9,2021-10-08,GRT,,,,,,cip-bobp.org,,0
24,.22-250 Rem. AI,,WildCat,US,1 rimless,2021-01-07,2021-1-7,,0.0,39.0,42.1,48.3,0.0,0.0,59.69,1.24,11.9,0.0,3.24,10.28,0.84,34,0.0,35,0.0,11.88,11.56,80,45.9,0.0,3.05,6.43,6.43,5.7,0.0,0.38,52.39,4050.0,4658.0,5060.0,2370.0,50.3,25,0.0,39.05,42.07,48.77,0.0,11.91,0.0,0.0,0.0,5.08,0.0,11.86,11.56,80.0,45.93,0.0,3.05,6.48,6.48,5.08,5.7,90.0,0.38,3.45,2.5,0.0,5.56,5.69,2.03,6.0,356.0,25.09,0.0,0.1,0.0,0.0,0.5,2021-10-08,GRT,,,,,,cip-bobp.org,,0
25,.22-250 Rem.,,CIP,US,1 rimless,1984-06-14,2002-05-15,https://bobp.cip-bobp.org/uploads/tdcc/tab-i/tabical-en-page82.pdf,0.0,38.48,42.26,48.46,0.0,0.0,59.69,1.24,12.01,0.0,3.22,10.39,0.84,34,0.0,35,0.0,11.93,10.52,56,48.37,2.54,2.54,6.5,6.45,5.7,0.0,0.38,52.39,4050.0,4658.0,5060.0,2370.0,45.7,25,0.0,38.36,42.15,48.87,0.0,12.09,0.0,0.0,0.0,3.22,0.0,11.96,10.56,56.0,48.29,0.64,3.18,6.53,6.48,3.93,5.7,90.0,0.39,1.93,2.0,0.0,5.56,5.69,2.03,6.0,356.0,25.09,0.0,0.1,0.0,0.0,0.5,2021-10-08,GRT,,,,,,cip-bobp.org,,0
26,.220 Swift,,CIP,US,1 rimless,1984-06-14,2008-09-23,https://bobp.cip-bobp.org/uploads/tdcc/tab-i/tabical-en-page83.pdf,0.0,43.76,48.41,56.01,0.0,0.0,68.07,1.24,12.01,0.0,2.89,10.82,0.64,15,0.0,35,0.0,11.36,10.21,42,57.06,0.76,2.54,6.64,6.6,5.7,0.0,0.38,60.22,4300.0,4945.0,5375.0,2380.0,49.1,25,0.0,43.62,48.27,56.16,1.35,12.27,0.0,0.0,0.0,1.35,0.0,11.43,10.24,42.0,56.96,0.76,3.81,6.67,6.63,4.21,5.74,60.0,0.77,0.0,1.5,0.0,5.56,5.69,1.88,6.0,356.0,25.03,0.0,0.1,0.0,0.0,0.4,2021-10-08,GRT,,,,,,cip-bobp.org,,0
27,.221 Rem. Fireball,,CIP,US,4 pistol/revolver,1984-06-14,2000-06-07,https://bobp.cip-bobp.org/uploads/tdcc/tab-iv/tabivcal-en-page37.pdf,0.0,27.2,30.42,35.56,0.0,0.0,46.48,1.14,9.6,0.0,3.13,8.43,0.76,25,0.0,35,0.0,9.58,9.162,46,37.98,0.64,2.54,6.43,6.43,5.7,0.0,0.45,37.72,3200.0,3680.0,4160.0,0.0,22.2,17.5,0.0,27.08,30.28,36.37,0.0,9.65,0.0,0.0,0.0,3.13,0.0,9.61,9.19,46.0,37.91,0.64,3.18,6.48,6.45,2.16,5.69,90.0,0.38,0.99,3.16666666666667,0.0,5.56,5.69,2.03,6.0,305.0,25.09,0.0,0.15,0.0,0.0,0.6,2021-10-08,GRT,,,,,,cip-bobp.org,,0
28,.222 R Stief,,CIP,DE,2 rimmed,2014-05-20,1900-01-01,https://bobp.cip-bobp.org/uploads/tdcc/tab-ii/222-r-stief-en.pdf,0.0,32.04,35.15,43.18,0.0,0.0,54.1,1.4,10.9,0.0,0.0,0.0,0.0,0,0.0,45,0.0,9.59,9.07,46,42.72,0.64,2.54,6.43,6.43,5.7,0.0,0.5,45.37,3700.0,4255.0,4625.0,1600.0,26.7,25,0.0,32.01,35.1,43.48,1.4,10.93,0.0,0.0,0.0,0.0,0.0,9.62,9.1,46.0,42.73,0.64,3.18,6.48,6.45,2.19,5.69,90.0,0.38,1.02,3.16666666666667,0.0,5.56,5.69,2.03,6.0,356.0,25.09,0.0,0.15,0.0,0.0,0.5,2021-10-08,GRT,,,,,,cip-bobp.org,,0
29,.222 Rem. Mag.,.222 Rem.Mag.,CIP,US,1 rimless,1984-06-14,1900-01-01,https://bobp.cip-bobp.org/uploads/tdcc/tab-i/tabical-en-page85.pdf,0.0,37.18,40.29,46.99,0.0,0.0,57.91,1.14,9.6,0.0,3.11,8.43,0.76,25,0.0,35,0.0,9.56,9.07,46,47.86,0.64,2.54,6.43,6.43,5.7,0.0,0.45,49.18,4050.0,4658.0,5060.0,1820.0,30.8,25,0.0,37.07,40.15,47.29,0.0,9.63,0.0,0.0,0.0,3.11,0.0,9.59,9.09,46.0,47.78,0.64,3.18,6.48,6.45,2.19,5.69,0.0,0.38,1.02,3.16666666666667,0.0,5.56,5.69,2.03,6.0,356.0,25.09,0.0,0.1,0.0,0.0,0.6,2021-10-08,GRT,,,,,,cip-bobp.org,,0
30,.222 Rem.,,CIP,US,1 rimless,1984-06-14,2008-09-13,https://bobp.cip-bobp.org/uploads/tdcc/tab-i/tabical-en-page84.pdf,0.0,32.13,35.24,43.18,0.0,0.0,54.1,1.14,9.6,0.0,3.01,8.43,0.64,25,0.0,35,0.0,9.58,9.07,46,42.81,0.64,2.54,6.43,6.43,5.7,0.0,0.45,45.37,3700.0,4255.0,4625.0,1810.0,28.2,25,0.0,32.01,35.1,43.48,0.0,9.66,0.0,0.0,0.0,3.01,0.0,9.61,9.1,46.0,42.74,0.64,3.18,6.47954,6.47954,2.19,5.69,90.0,0.38,1.02,3.17,0.0,5.56,5.69,2.03,6.0,356.0,25.09,0.0,0.0,0.0,0.0,0.6,2021-10-08,GRT,,,,,,cip-bobp.org,,0
31,.223 Ackley Improved,.223 AI,WildCat,US,1 rimless,1984-06-14,0000-00-00,,0.0,37.72,39.45,44.7,0.0,0.0,57.4,1.14,9.6,0.0,3.13,8.43,0.76,25,0.0,35,0.0,9.58,9.33,80,43.28,0.64,2.54,6.43,6.43,5.69,0.0,0.45,46.88,4300.0,0.0,0.0,0.0,32.0,0,0.0,0.0,0.0,0.0,0.0,0.0,0.0,0.0,0.0,0.0,0.0,0.0,0.0,0.0,0.0,0.0,0.0,0.0,0.0,0.0,0.0,0.0,0.0,0.0,0.0,0.0,5.56,5.69,1.88,6.0,305.0,25.03,0.0,0.0,0.0,0.0,0.6,2021-10-08,GRT,,,,,,cip-bobp.org,,0
32,.223 Rem. (SAAMI),,SAAMI,US,1 rimless,1984-06-14,2002-5-15,https://saami.org/wp-content/uploads/2019/02/ANSI-SAAMI-Z299.4-CFR-Approved-2015-12-14-Posting-Copy.pdf,0.0,36.52,39.55,44.7,0.0,0.0,57.4,1.14,9.6,0.0,3.13,8.43,0.76,25,0.0,35,0.0,9.58,9.0,46,47.12,0.64,2.54,6.43,6.43,5.7,0.0,0.45,46.88,3792.11651124232,0.0,0.0,0.0,31.0,0,0.0,36.42,39.41,45.01,0.0,9.66,0.0,0.0,0.0,3.13,0.0,9.61,9.02,46.0,47.05,0.64,3.18,6.48,6.45,2.18,5.69,90.0,0.38,1.01,3.17,0.0,5.56,5.69,1.88,6.0,305.0,25.03,0.0,0.1,0.0,0.0,0.6,2021-10-08,GRT,,,,,,cip-bobp.org,,0
33,.223 Rem.,5.56 x 45 NATO,CIP,US,1 rimless,1984-06-14,2002-5-15,https://bobp.cip-bobp.org/uploads/tdcc/tab-i/223-rem-170406-en.pdf,0.0,36.52,39.55,44.7,0.0,0.0,57.4,1.14,9.6,0.0,3.13,8.43,0.76,25,0.0,35,0.0,9.58,9.0,46,47.12,0.64,2.54,6.43,6.43,5.7,0.0,0.45,46.88,4300.0,4945.0,5375.0,1825.0,31.0,25,0.0,36.42,39.41,45.01,0.0,9.66,0.0,0.0,0.0,3.13,0.0,9.61,9.02,46.0,47.05,0.64,3.18,6.48,6.45,2.18,5.69,90.0,0.38,1.01,3.16666666666667,0.0,5.56,5.69,1.88,6.0,305.0,25.03,0.0,0.1,0.0,0.0,0.6,2021-10-08,GRT,,,,,,cip-bobp.org,,0
34,.223 WSSM,.223 Win. SS Mag.,CIP,US,1 rimless,2004-05-18,2008-09-23,https://bobp.cip-bobp.org/uploads/tdcc/tab-i/tabical-en-page87.pdf,0.0,29.2,35.71,42.42,0.0,0.0,59.94,1.37,13.59,0.0,3.35,12.19,1.02,45,0.0,35,0.0,14.12,13.83,56,42.21,1.27,3.3,6.91,6.91,5.7,0.0,0.36,45.73,4400.0,5060.0,5500.0,2600.0,53.8,25,0.0,29.12,35.58,42.67,0.0,14.2,0.0,0.0,0.0,3.35,0.0,14.15,13.86,56.0,42.15,1.27,4.06,6.99,6.93,3.31,5.75,90.0,0.59,0.0,2.0,0.0,5.56,5.69,2.03,6.0,254.0,25.09,0.0,0.1,0.0,0.0,0.5,2021-10-08,GRT,,,,,,cip-bobp.org,,0
35,.224 Valkyrie,,CIP,US,1 rimless,2019-05-22,2019-05-22,https://bobp.cip-bobp.org/uploads/tdcc/tab-i/224-valkyrie-190408-en.pdf,0.0,30.56,33.8,40.64,0.0,0.0,57.4,1.24,10.72,0.0,5.08,9.09,0.84,36,0.0,35,0.0,10.72,10.24,60,39.43,0.76,0.0,6.5,6.5,5.7,0.0,0.38,0.0,4050.0,4658.0,5063.0,1900.0,30.8,25,0.0,30.45,33.68,40.89,0.0,10.81,0.0,0.0,0.0,5.08,0.0,10.72,10.28,60.0,39.35,0.64,3.18,6.55,6.55,4.56,5.71,90.0,0.42,1.7,1.5,0.0,5.56,5.69,1.88,6.0,177.8,25.03,0.0,0.1,0.0,0.0,0.5,2021-10-08,GRT,,,,,,,,0
36,.224 Weath. Mag.,,CIP,US,3 magnum,1984-06-14,2002-05-15,https://bobp.cip-bobp.org/uploads/tdcc/tab-iii/tabiiical-en-page8.pdf,0.0,39.01,41.03,48.84,0.0,0.0,59.18,1.27,10.91,10.91,5.03,9.37,1.14,45,0.0,45,0.0,10.54,10.01,83.439999999999998,45.7,3.3,3.83,6.4,6.4,5.7,0.0,0.31,54.48,4400.0,5060.0,5500.0,2310.0,38.3,25,0.0,39.14,41.09,49.25,0.0,10.97,0.0,10.97,0.0,5.05,0.0,10.59,10.09,84.95,44.65,3.05,3.83,6.52,6.45,5.64,5.7,0.0,0.38,4.11,3.0,0.0,5.54,5.69,1.8,6.0,356.0,24.93,0.0,0.1,0.0,0.0,0.5,2021-10-08,GRT,,,,,,cip-bobp.org,,0
37,.225 Win.,,CIP,US,2 rimmed,1984-06-14,2011-05-25,https://bobp.cip-bobp.org/uploads/tdcc/tab-ii/225-win-en.pdf,0.0,38.86,42.84,49.02,0.0,0.0,63.5,1.24,12.01,0.0,0.0,0.0,0.0,0,0.0,35,0.0,10.77,10.31,50,49.92,0.76,2.54,6.6,6.6,5.7,0.0,0.38,53.23,3900.0,4485.0,4875.0,2195.0,40.3,25,0.0,38.72,42.69,49.28,1.35,12.27,0.0,0.0,0.8,0.0,0.0,10.8,10.35,50.0,49.82,0.76,2.54,6.65,6.63,4.21,5.74,60.0,0.77,0.0,1.5,0.0,5.56,5.68,1.88,6.0,356.0,24.97,0.0,0.1,0.0,0.0,0.6,2021-10-08,GRT,,,,,,cip-bobp.org,,0
38,.240 Belt. Riml. N.E.,,CIP,GB,3 magnum,1984-06-14,2002-05-15,https://bobp.cip-bobp.org/uploads/tdcc/tab-iii/tabiiical-en-page9.pdf,0.0,48.26,53.34,63.5,0.0,0.0,82.55,1.09,11.89,12.12,5.56,10.46,0.81,26.57,0.0,45,0.0,11.56,10.29,34.759999999999998,65.2,0.0,0.0,7.11,7.11,6.22,0.0,0.3,68.71,3300.0,3795.0,4125.0,2625.0,55.3,25,0.0,48.41,53.46,64.0,0.0,12.17,0.0,12.17,0.0,5.56,0.0,11.56,10.32,34.733,64.9,0.0,0.0,7.16,7.14,5.21,6.27,90.0,0.44,0.0,1.5,0.0,6.02,6.22,3.5,4.0,203.0,29.95,0.0,0.15,0.0,0.0,0.5,2021-10-08,GRT,,,,,,cip-bobp.org,,0
39,.240 Fl. N.E.,,CIP,GB,2 rimmed,1984-06-14,2004-05-18,https://bobp.cip-bobp.org/uploads/tdcc/tab-ii/tabiical-en-page59.pdf,0.0,49.53,54.61,63.5,0.0,0.0,82.55,1.09,12.95,0.0,0.0,0.0,0.0,0,0.0,45,0.0,11.68,10.29,34.759,65.97,4.57,4.57,7.11,7.11,6.22,0.0,0.3,76.2,3200.0,3680.0,4000.0,2660.0,56.5,25,0.0,49.56,54.64,63.75,1.12,13.21,0.0,0.0,0.0,0.0,0.0,11.71,10.31,34.65,66.08,0.0,0.0,7.14,7.14,12.7,6.3,90.0,0.42,0.0,0.65,0.0,6.02,6.22,3.5,4.0,203.0,29.95,0.0,0.15,0.0,0.0,0.5,2021-10-08,GRT,,,,,,cip-bobp.org,,0
40,.240 Weath. Mag.,,CIP,US,3 magnum,1984-06-14,2002-05-15,https://bobp.cip-bobp.org/uploads/tdcc/tab-iii/tabiiical-en-page10.pdf,0.0,51.91,53.98,63.5,0.0,0.0,78.74,1.27,11.99,11.99,5.56,10.39,1.24,45,0.0,45,0.0,11.51,10.96,89.030000000000001,0.0,3.18,3.96,6.88,6.88,6.18,0.0,0.3,72.37,4400.0,5060.0,5500.0,3570.0,64.3,25,0.0,52.03,54.04,63.93,0.0,12.07,0.0,12.07,0.0,5.59,0.0,11.53,10.98,89.62,57.56,3.05,3.84,7.0,6.96,8.87,6.18,90.0,0.39,4.29,1.0,0.0,6.02,6.17,3.43,4.0,254.0,29.56,0.0,0.1,0.0,0.0,0.5,2021-10-08,GRT,,,,,,cip-bobp.org,,0
41,.243 AI,.243 Ackley Improved,WildCat,US,1 rimless,1984-06-14,0000-00-00,,0.0,42.96,45.73,51.94,0.0,0.0,68.83,1.37,12.01,0.0,3.85,10.39,1.4,36,0.0,35,0.0,11.96,11.684,80,0.0,0.76,3.18,7.01,7.01,6.17,0.0,0.38,57.2,4150.0,4773.0,5190.0,0.0,57.6,0,0.0,0.0,0.0,0.0,0.0,0.0,0.0,0.0,0.0,0.0,0.0,0.0,0.0,0.0,0.0,0.0,0.0,0.0,0.0,0.0,0.0,0.0,0.0,0.0,0.0,0.0,6.02,6.17,1.73,6.0,254.0,29.25,0.0,0.0,0.0,0.0,0.65,2021-10-08,GRT,,,,,,cip-bobp.org,,0
42,.243 Win.,,CIP,US,1 rimless,1984-06-14,2002-05-15,https://bobp.cip-bobp.org/uploads/tdcc/tab-i/tabical-en-page88.pdf,0.0,39.62,45.83,51.94,0.0,0.0,68.83,1.37,12.01,0.0,3.85,10.39,1.4,36,0.0,35,0.0,11.96,11.52906,40,55.46,0.76,3.18,7.01,7.01,6.17,0.0,0.38,57.2,4150.0,4773.0,5190.0,2890.0,53.6,25,0.0,39.48,45.65,52.2,0.0,12.03,0.0,0.0,0.0,3.85,0.0,11.99,11.56,40.0,55.36,0.76,3.68,7.07,7.04,5.26,6.26,60.0,0.68,0.0,1.5,0.0,6.02,6.17,1.73,6.0,254.0,29.25,0.0,0.1,0.0,0.0,0.65,2021-10-08,GRT,,,,,,cip-bobp.org,,0
43,.243 WSSM,.243 Win. SS Mag.,CIP,US,1 rimless,2003-11-07,2008-09-23,https://bobp.cip-bobp.org/uploads/tdcc/tab-i/tabical-en-page89.pdf,0.0,29.21,35.35,42.42,0.0,0.0,59.94,1.37,13.49,0.0,3.35,12.19,1.02,45,0.0,35,0.0,14.12,13.82,56,42.21,1.27,3.3,7.29,7.29,6.17,0.0,0.36,47.16,4400.0,5060.0,5500.0,3150.0,54.0,25,0.0,29.11,35.25,42.67,0.0,14.2,0.0,0.0,0.0,3.35,0.0,14.15,13.87,56.0,42.15,1.27,4.06,7.34,7.32,4.74,6.24,90.0,0.54,0.0,1.5,0.0,6.02,6.17,2.54,4.0,254.0,29.25,0.0,0.1,0.0,0.0,0.5,2021-10-08,GRT,,,,,,cip-bobp.org,,0
44,.244 H&H Mag.,,CIP,GB,3 magnum,1984-06-14,2002-05-15,https://bobp.cip-bobp.org/uploads/tdcc/tab-iii/tabiiical-en-page11.pdf,0.0,59.18,63.87,70.87,0.0,0.0,91.44,1.27,13.51,13.56,5.56,11.94,1.02,45,0.0,45,0.0,13.03,11.48,49.960000000000001,72.4,0.0,0.0,7.11,7.11,6.22,0.0,0.3,79.13,4350.0,5003.0,5438.0,3885.0,81.5,25,0.0,59.18,63.88,70.87,0.0,13.59,0.0,13.59,0.0,5.56,0.0,13.03,11.5,49.65,71.61,0.0,0.0,7.15,7.14,8.26,6.22,90.0,0.46,0.0,0.733333333333333,0.0,6.02,6.22,0.0,0.0,255.0,28.46,0.0,0.1,0.0,0.0,0.5,2021-10-08,GRT,,,,,,cip-bobp.org,,0
45,.25 Rem.,,CIP,US,1 rimless,1984-06-14,2002-05-15,https://bobp.cip-bobp.org/uploads/tdcc/tab-i/tabical-en-page90.pdf,0.0,38.05,41.42,52.07,0.0,0.0,64.14,1.24,10.72,0.0,3.2,9.09,0.84,36,0.0,35,0.0,10.72,10.19,46,50.05,0.64,2.54,7.33,7.26,6.58,0.0,0.33,56.07,2450.0,2817.0,3063.0,1995.0,43.3,25,0.0,38.01,41.4,52.2,0.0,10.78,0.0,0.0,0.0,3.2,0.0,10.75,10.22,46.0,50.05,0.64,2.54,7.34,7.26,4.0,6.58,60.0,0.59,0.0,1.91666666666667,0.0,6.35,6.5,2.41,6.0,254.0,32.78,0.0,0.15,0.0,0.0,0.5,2021-10-08,GRT,,,,,,cip-bobp.org,,0
46,.25 WSSM,.25 Win. SS Mag.,CIP,US,1 rimless,2006-05-16,2011-05-25,https://bobp.cip-bobp.org/uploads/tdcc/tab-i/25-win-super-short-mag-en.pdf,0.0,29.4,34.79,42.42,0.0,0.0,59.94,1.37,13.59,0.0,3.36,12.19,1.02,45,0.0,35,0.0,14.12,13.83,60,41.36,1.27,3.3,7.6,7.6,6.54,0.0,0.35,51.76,4400.0,5060.0,5500.0,3500.0,56.4,17.5,0.0,29.29,34.67,42.68,0.0,14.19,0.0,0.0,0.0,3.36,0.0,14.15,13.86,60.0,41.3,1.27,3.81,7.65,7.62,9.34,6.63,90.0,0.5,4.67,1.71666666666667,0.0,6.35,6.53,2.44,6.0,254.0,33.02,0.0,0.1,0.0,0.0,0.5,2021-10-08,GRT,,,,,,cip-bobp.org,,0
47,.25-06 Rem.,,CIP,US,1 rimless,1984-06-14,2008-09-23,https://bobp.cip-bobp.org/uploads/tdcc/tab-i/tabical-en-page92.pdf,0.0,49.48,55.52,63.35,0.0,0.0,82.55,1.24,12.01,0.0,3.16,10.39,0.84,36,0.0,35,0.0,11.96,11.2,35,67.24,1.27,2.54,7.39,7.37,6.54,0.0,0.38,68.42,4400.0,5060.0,5500.0,3340.0,66.2,25,0.0,49.27,55.42,63.55,0.0,12.04,0.0,0.0,0.0,3.16,0.0,11.99,11.24,34.5,67.37,1.27,3.05,7.42,7.39,5.07,6.54,71.417,0.59,3.26,3.0,0.0,6.35,6.53,2.44,6.0,254.0,33.02,0.0,0.1,0.0,0.0,0.55,2021-10-08,GRT,,,,,,cip-bobp.org,,0
48,.25-20 Win.,,CIP,US,2 rimmed,1984-06-14,2002-05-15,https://bobp.cip-bobp.org/uploads/tdcc/tab-ii/tabiical-en-page60.pdf,0.0,21.77,24.19,33.78,0.0,0.0,40.44,1.65,10.36,0.0,0.0,0.0,0.0,0,0.0,35,0.0,8.87,8.46,33.133000000000003,35.99,2.54,4.7,7.02,6.95,6.55,0.0,0.38,35.13,2700.0,3105.0,3375.0,1090.0,19.3,17.5,0.0,21.78,24.05,34.67,1.65,10.62,0.0,0.0,0.0,0.0,0.0,8.9,8.5,33.117,36.08,2.54,4.7,7.15,7.07,1.35,7.07,15.0,0.0,0.0,15.0,0.0,6.35,6.5,1.98,6.0,356.0,32.57,0.0,0.15,0.0,0.0,0.5,2021-10-08,GRT,,,,,,cip-bobp.org,,0
49,.25-35 Win.,,CIP,US,2 rimmed,1984-06-14,2006-02-08,https://bobp.cip-bobp.org/uploads/tdcc/tab-ii/tabiical-en-page61.pdf,0.0,35.06,39.78,51.89,0.0,0.0,64.77,1.6,12.85,0.0,0.0,0.0,0.0,0,0.0,35,0.0,10.73,9.25,23.132999999999999,57.66,18.8,12.7,7.32,7.15,6.55,0.0,0.38,55.68,3050.0,3508.0,3810.0,1750.0,38.3,25,0.0,35.2,39.86,52.02,1.6,13.11,0.0,0.0,0.0,0.0,0.0,10.74,9.26,23.117,57.82,15.24,12.7,7.35,7.18,3.79,7.18,180.0,0.0,0.0,6.25,0.0,6.35,6.5,2.0,6.0,203.0,32.58,0.0,0.15,0.0,0.0,0.5,2021-10-08,GRT,,,,,,cip-bobp.org,,0
50,.250 Savage,,CIP,US,1 rimless,1984-06-14,2002-05-15,https://bobp.cip-bobp.org/uploads/tdcc/tab-i/tabical-en-page93.pdf,0.0,38.4,41.6,48.56,0.0,0.0,63.88,1.24,12.01,0.0,3.14,10.39,0.84,36,0.0,35,0.0,11.93,10.52,53,48.95,2.54,2.54,7.33,7.25,6.55,0.0,0.38,51.55,3650.0,4198.0,4560.0,2900.0,46.9,25,0.0,38.36,41.58,48.82,0.0,12.14,0.0,0.0,0.0,3.14,0.0,12.01,10.56,53.0,48.95,2.54,2.54,7.35,7.26,2.99,6.63,90.0,0.32,0.0,3.0,0.0,6.35,6.53,2.24,6.0,356.0,32.9,0.0,0.15,0.0,0.0,0.5,2021-10-08,GRT,,,,,,cip-bobp.org,,0
51,.255 GS,,CIP,IT,1 rimless,2010-05-26,1900-01-01,https://bobp.cip-bobp.org/uploads/tdcc/tab-i/tabical-en-page94.pdf,0.0,44.06,47.06,55.0,0.0,0.0,72.5,1.5,12.2,0.0,3.25,10.5,0.9,45,0.0,45,0.0,12.2,11.58,70,52.33,0.76,3.18,7.38,7.33,6.54,0.0,0.5,64.34,4400.0,5060.0,5500.0,3700.0,62.3,25,0.0,44.02,47.05,55.1,1.5,12.23,0.0,0.0,0.4,3.2,0.0,12.23,11.64,70.0,52.34,0.76,3.18,7.4,7.35,9.34,6.63,90.0,0.36,4.67,1.71666666666667,0.0,6.35,6.53,2.44,6.0,254.0,33.02,0.0,0.1,0.0,0.0,0.5,2021-10-08,GRT,,,,,,cip-bobp.org,,0
52,.256 Mag. Gibbs,,CIP,GB,1 rimless,1984-06-14,2002-05-15,https://bobp.cip-bobp.org/uploads/tdcc/tab-i/tabical-en-page95.pdf,0.0,44.83,49.2,55.25,0.0,0.0,77.47,1.02,12.09,0.0,3.18,10.41,1.02,35.060000000000002,0.0,0,0.0,12.01,10.82,40.219000000000001,59.61,7.11,5.08,7.62,7.52,6.73,0.0,0.0,60.23,3400.0,3910.0,4250.0,2645.0,56.2,25,0.0,44.78,49.2,55.55,1.02,12.14,0.0,0.0,0.0,3.18,0.0,12.04,10.87,40.017,59.7,0.0,0.0,7.65,7.54,0.0,6.74,90.0,0.4,0.0,1.5,0.0,6.5,6.72,0.0,0.0,0.0,33.18,0.0,0.15,0.0,0.0,0.5,2021-10-08,GRT,,,,,,cip-bobp.org,,0
53,.256 Win. Mag.,,CIP,US,2 rimmed,2084-06-14,2002-05-15,https://bobp.cip-bobp.org/uploads/tdcc/tab-ii/256-win-mag-en.pdf,0.0,24.98,27.25,32.54,0.0,0.0,40.39,1.52,11.18,0.0,0.0,0.0,0.0,0,0.0,35,0.0,9.68,9.35,50,35.01,0.76,0.0,7.24,7.24,6.53,0.0,0.4,0.0,3500.0,4025.0,4375.0,1365.0,21.1,17.5,0.0,25.11,27.34,32.82,1.55,11.43,0.0,0.0,0.0,0.0,0.0,9.7,9.37,50.0,35.16,0.76,2.54,7.29,7.26,2.99,6.63,90.0,0.32,0.0,3.0,0.0,6.35,6.5,2.01,6.0,356.0,32.59,0.0,0.15,0.0,0.0,0.5,2021-10-08,GRT,,,,,,,,0
54,.257 Roberts AI,".257 AI, .257 Ackley Improved",WildCat,US,1 rimless,1984-06-14,2002-5-15,,0.0,45.89,48.55,56.72,0.0,0.0,70.49,1.24,12.01,0.0,3.2,10.39,0.84,36,0.0,35,0.0,12.02,11.42,80,58.28,0.76,2.54,7.37,7.37,6.55,0.0,0.38,59.85,3550.0,4083.0,4440.0,2850.0,59.5,25,0.0,45.48,48.24,57.25,0.0,12.13,0.0,0.0,0.0,3.2,0.0,12.04,11.41,80.0,58.2,0.76,3.18,7.39,7.39,3.13,6.63,90.0,0.38,0.0,2.92,0.0,6.35,6.5,2.41,6.0,254.0,32.78,0.0,0.15,0.0,0.0,0.5,2021-10-08,GRT,,,,,,cip-bobp.org,,0
55,.257 Roberts,,CIP,US,1 rimless,1984-06-14,2002-05-15,https://bobp.cip-bobp.org/uploads/tdcc/tab-i/tabical-en-page96.pdf,0.0,43.88,48.55,56.72,0.0,0.0,70.49,1.24,12.01,0.0,3.2,10.39,0.84,36,0.0,35,0.0,12.02,10.91,41.5,58.28,0.76,2.54,7.37,7.37,6.55,0.0,0.38,59.85,3550.0,4083.0,4440.0,2850.0,56.2,25,0.0,43.66,48.36,57.25,0.0,12.13,0.0,0.0,0.0,3.2,0.0,12.04,10.96,41.3,58.2,0.76,3.18,7.42,7.39,3.13,6.63,90.0,0.38,0.0,2.91666666666667,0.0,6.35,6.5,2.41,6.0,254.0,32.78,0.0,0.15,0.0,0.0,0.5,2021-10-08,GRT,,,,,,cip-bobp.org,,0
56,.257 Weath. Mag.,,CIP,US,3 magnum,1984-06-14,2002-05-15,https://bobp.cip-bobp.org/uploads/tdcc/tab-iii/257-weath-mag-180803-en.pdf,0.0,52.68,54.82,64.74,0.0,0.0,80.52,1.3,13.5,13.5,5.56,11.61,1.24,45,0.0,45,0.0,13.0,12.48,101.76000000000001,0.0,3.3,3.84,7.24,7.24,6.54,0.0,0.3,79.77,4400.0,5060.0,5500.0,4095.0,82.3,25,0.0,52.78,54.83,65.13,0.0,13.56,0.0,13.56,0.0,5.59,0.0,13.06,12.58,103.617,57.73,3.05,3.84,7.38,7.32,15.03,6.54,90.0,0.39,9.6,0.95,0.0,6.36,6.53,2.49,6.0,254.0,33.07,0.0,0.1,0.0,0.0,0.5,2021-10-08,GRT,,,,,,cip-bobp.org,,0
57,.260 PICRA,,CIP,CZ,4 pistol/revolver,1999-03-15,2000-06-07,https://bobp.cip-bobp.org/uploads/tdcc/tab-iv/tabivcal-en-page38.pdf,0.0,31.0,33.0,38.5,0.0,0.0,62.0,1.5,11.35,0.0,3.2,9.56,1.0,50.362000000000002,0.0,45,0.0,11.25,10.96,81.718999999999994,37.34,0.0,0.0,7.5,7.5,6.71,0.0,0.25,49.43,3900.0,4485.0,5070.0,0.0,38.8,17.5,0.0,31.0,33.05,39.0,1.5,11.4,0.0,0.0,0.0,0.0,0.0,11.3,11.0,80.967,37.44,0.5,1.5,7.5,7.5,0.0,6.75,89.233,0.38,5.2,1.48333333333333,0.0,6.45,6.7,3.5,4.0,200.0,34.52,0.0,0.1,0.0,0.0,0.5,2021-10-08,GRT,,,,,,cip-bobp.org,,0
58,.260 Rem.,,CIP,US,1 rimless,1998-02-09,2002-05-15,https://bobp.cip-bobp.org/uploads/tdcc/tab-i/tabical-en-page97.pdf,0.0,39.62,45.1,51.69,0.0,0.0,71.12,1.37,12.01,0.0,3.85,10.39,1.4,36,0.0,30,0.0,11.96,11.53,40,55.46,0.76,3.18,7.54,7.54,6.72,0.0,0.38,57.31,4150.0,4773.0,5190.0,2770.0,55.0,25,0.0,39.48,44.93,51.94,0.0,12.03,0.0,0.0,0.0,3.85,0.0,11.98,11.56,40.0,55.36,0.76,3.81,7.59,7.57,5.62,6.73,90.0,0.42,3.43,3.0,0.0,6.5,6.71,2.42,6.0,229.0,34.74,0.0,0.1,0.0,0.0,0.5,2021-10-08,GRT,,,,,,cip-bobp.org,,0
59,.264 LBC-AR,,WildCat,US,1 rimless,2013-05-22,2015-05-19,,0.0,29.23,32.25,38.61,0.0,0.0,57.4,1.5,11.2,0.0,3.5,9.6,1.19,45,0.0,55,0.0,11.22,10.92,60,38.68,0.76,1.27,7.44,7.44,6.71,0.0,0.25,45.93,3600.0,0.0,0.0,0.0,36.5,0,0.0,0.0,0.0,0.0,0.0,0.0,0.0,0.0,0.0,0.0,0.0,0.0,0.0,0.0,0.0,0.0,0.0,0.0,0.0,0.0,0.0,0.0,0.0,0.0,0.0,0.0,6.5,6.71,2.29,6.0,200.0,34.66,0.0,0.0,0.0,0.0,0.5,2021-10-08,GRT,,,,,,cip-bobp.org,,0
60,.264 Leroy N.E.,,CIP,DE,1 rimless,1994-03-01,2002-05-15,https://bobp.cip-bobp.org/uploads/tdcc/tab-i/tabical-en-page98.pdf,0.0,40.96,43.45,51.2,0.0,0.0,65.0,1.37,12.01,0.0,3.8,10.39,0.84,36,0.0,35,0.0,11.97,11.72,80.016999999999996,47.94,0.0,0.0,7.54,7.54,6.7,0.0,0.38,66.16,4400.0,5060.0,5500.0,3675.0,57.3,25,0.0,40.93,43.42,51.4,1.37,12.05,0.0,0.0,0.0,3.8,0.0,12.0,11.75,80.15,47.91,0.0,0.0,7.56,7.56,14.96,6.71,180.0,0.0,10.0,1.5,0.0,6.45,6.7,1.3,4.0,200.0,33.33,0.0,0.1,0.0,0.0,0.5,2021-10-08,GRT,,,,,,cip-bobp.org,,0
61,.264 Win. Mag.,,CIP,US,3 magnum,1984-06-14,2006-02-08,https://bobp.cip-bobp.org/uploads/tdcc/tab-iii/tabiiical-en-page13.pdf,0.0,51.82,57.05,63.5,0.0,0.0,84.84,1.27,13.51,13.51,5.59,12.07,0.94,35,0.0,35,0.0,13.03,12.47,50,65.19,3.3,3.84,7.59,7.57,6.73,0.0,0.41,68.35,4300.0,4945.0,5375.0,4095.0,82.3,25,0.0,49.02,57.21,64.11,0.0,13.59,0.0,13.59,0.0,5.59,0.0,13.06,12.5,50.0,65.42,0.76,3.81,7.66,7.62,4.85,6.81,90.0,0.41,0.0,2.0,0.0,6.5,6.71,2.29,6.0,229.0,34.66,0.0,0.1,0.0,0.0,0.5,2021-10-08,GRT,,,,,,cip-bobp.org,,0
62,.270 Weath. Mag.,,CIP,US,3 magnum,1984-06-14,2002-05-15,https://bobp.cip-bobp.org/uploads/tdcc/tab-iii/tabiiical-en-page14.pdf,0.0,52.57,54.7,64.74,0.0,0.0,83.69,1.3,13.5,13.5,5.56,11.61,1.02,45,0.0,45,0.0,13.0,12.48,96.108000000000004,58.18,3.3,3.84,7.75,7.75,7.04,0.0,0.3,79.77,4400.0,5060.0,5500.0,4935.0,82.3,25,0.0,52.67,54.72,65.13,0.0,13.56,0.0,13.56,0.0,5.59,0.0,13.06,12.58,97.65,58.17,3.05,3.84,7.88,7.82,15.03,7.05,90.0,0.39,9.6,0.95,0.0,6.87,7.04,2.74,6.0,254.0,38.5,0.0,0.1,0.0,0.0,0.5,2021-10-08,GRT,,,,,,cip-bobp.org,,0
63,.270 Win.,,CIP,US,1 rimless,1984-06-14,2002-05-15,https://bobp.cip-bobp.org/uploads/tdcc/tab-i/tabical-en-page99.pdf,0.0,49.49,54.77,64.52,0.0,0.0,84.84,1.24,12.01,0.0,3.16,10.39,0.84,36,0.0,35,0.0,11.96,11.2,35,67.25,0.76,3.81,7.87,7.82,7.06,0.0,0.38,72.61,4300.0,4945.0,5375.0,3840.0,71.5,25,0.0,49.28,54.68,65.02,0.0,12.04,0.0,0.0,0.0,3.16,0.0,11.99,11.24,34.5,67.38,0.76,3.81,7.89,7.84,8.09,7.07,74.667,0.5,0.0,0.783333333333333,0.0,6.86,7.04,4.06,4.0,254.0,38.52,0.0,0.1,0.0,0.0,0.5,2021-10-08,GRT,,,,,,cip-bobp.org,,0
64,.270 WSM,.270 Win. Short Mag.,CIP,US,1 rimless,2002-01-22,2008-09-23,https://bobp.cip-bobp.org/uploads/tdcc/tab-i/tabical-en-page100.pdf,0.0,42.25,46.31,53.34,0.0,0.0,72.64,1.37,13.59,0.0,3.35,12.19,1.02,45,0.0,35,0.0,14.12,13.67,70,52.01,1.27,2.54,7.98,7.98,7.06,0.0,0.36,57.82,4400.0,5060.0,5500.0,4725.0,79.7,25,0.0,42.13,46.18,53.59,0.0,14.19,0.0,0.0,0.0,3.35,0.0,14.15,13.7,70.0,51.91,1.27,3.05,8.03,8.0,4.48,7.07,90.0,0.47,0.0,1.5,0.0,6.86,7.04,4.06,4.0,254.0,38.52,0.0,0.1,0.0,0.0,0.5,2021-10-08,GRT,,,,,,cip-bobp.org,,0
65,.275 Belt. N.E.,,CIP,GB,3 magnum,1984-06-14,2002-05-15,https://bobp.cip-bobp.org/uploads/tdcc/tab-iii/tabiiical-en-page15.pdf,0.0,53.34,55.88,63.5,0.0,0.0,87.12,1.27,13.51,13.56,5.56,11.94,1.02,28.350000000000001,0.0,45,0.0,13.03,11.43,64.091999999999999,62.47,0.0,0.0,8.25,8.25,7.29,0.0,0.3,69.79,4150.0,4773.0,5188.0,3990.0,72.2,25,0.0,53.52,56.03,64.0,0.0,13.59,0.0,13.59,0.0,5.59,0.0,13.06,11.46,64.2,62.65,0.0,0.0,8.31,8.31,6.29,7.32,88.3,0.51,0.0,1.38333333333333,0.0,7.04,7.28,0.0,0.0,255.0,38.93,0.0,0.1,0.0,0.0,0.5,2021-10-08,GRT,,,,,,cip-bobp.org,,0
66,.275 H.V. Rigby,,CIP,GB,1 rimless,1984-06-14,2002-05-15,https://bobp.cip-bobp.org/uploads/tdcc/tab-i/tabical-en-page101.pdf,0.0,43.79,47.35,56.9,0.0,0.0,77.98,1.09,12.06,0.0,2.97,10.54,0.81,35.030000000000001,0.0,0,0.0,12.04,10.87,40.688000000000002,58.45,0.0,0.0,8.23,8.23,7.21,0.0,0.0,62.55,3200.0,3680.0,4000.0,2720.0,55.2,25,0.0,43.74,47.29,57.2,1.09,12.12,0.0,0.0,0.0,2.97,0.0,12.07,10.9,40.783,58.4,0.0,0.0,8.26,8.26,5.65,7.26,90.0,0.5,0.0,1.6,0.0,6.97,7.25,3.62,4.0,203.0,40.28,0.0,0.15,0.0,0.0,0.5,2021-10-08,GRT,,,,,,cip-bobp.org,,0
67,.277 GS,,CIP,IT,1 rimless,1996-11-26,2011-05-25,https://bobp.cip-bobp.org/uploads/tdcc/tab-i/277-gs-en.pdf,0.0,56.5,59.97,67.0,0.0,0.0,87.0,1.4,13.0,0.0,3.5,11.2,1.0,43.667999999999999,0.0,45,0.0,13.3,12.8,70,65.64,0.5,0.5,7.94,7.94,7.06,0.0,0.3,73.0,4400.0,5060.0,5500.0,4883.0,96.7,25,0.0,56.48,59.95,67.3,1.4,13.05,0.0,0.0,0.0,3.5,0.0,13.33,12.83,70.0,65.64,0.5,0.5,7.98,7.96,6.0,7.07,180.0,0.0,0.0,1.0,0.0,6.86,7.04,4.06,4.0,254.0,38.52,0.0,0.1,0.0,0.0,0.5,2021-10-08,GRT,,,,,,cip-bobp.org,,0
68,.280 Ackley Improved,".280 AI, .280 Ack Imp",SAAMI,US,1 rimless,1984-06-14,2002-05-15,https://saami.org/wp-content/uploads/2019/02/ANSI-SAAMI-Z299.4-CFR-Approved-2015-12-14-Posting-Copy.pdf,0.0,53.14,55.22,64.52,0.0,0.0,84.58,1.24,12.01,0.0,3.17,10.39,0.84,36,0.0,35,0.0,11.97,11.557,80,0.0,0.64,2.54,8.07,8.02,7.23,0.0,0.38,69.27,4481.5922405591,5998.43884505603,6412.1242826461,0.0,74.0,25,0.0,53.14,55.23,65.02,1.24,12.01,0.0,0.0,0.0,5.08,0.0,11.96,11.56,80.0,0.0,0.0,0.0,8.07,8.02,4.55,7.25,90.0,0.381,0.0,1.37,0.0,7.04,7.21,4.06,4.0,228.6,40.39,0.0,0.0,0.0,0.0,0.5,2021-10-08,GRT,,,,,,cip-bobp.org,,0
69,.280 Fl. N.E.,,CIP,GB,2 rimmed,1984-06-14,2002-05-15,https://bobp.cip-bobp.org/uploads/tdcc/tab-ii/tabiical-en-page63.pdf,0.0,55.4,57.99,66.32,0.0,0.0,87.88,1.52,15.49,0.0,0.0,0.0,0.0,0,0.0,45,0.0,13.69,10.72,53.130000000000003,66.12,0.0,0.0,8.13,8.13,7.29,0.0,0.3,71.86,2950.0,3393.0,3690.0,3550.0,76.5,25,0.0,55.42,58.01,66.57,1.55,15.75,0.0,0.0,0.0,0.0,0.0,13.72,10.74,53.117,66.16,0.0,0.0,8.15,8.15,5.54,7.34,180.0,0.0,0.0,1.5,0.0,7.05,7.3,0.0,0.0,255.0,39.04,0.0,0.15,0.0,0.0,0.5,2021-10-08,GRT,,,,,,cip-bobp.org,,0
70,.280 Rem.,,CIP,US,1 rimless,1984-06-14,2002-05-15,https://bobp.cip-bobp.org/uploads/tdcc/tab-i/tabical-en-page103.pdf,0.0,50.78,55.87,64.52,0.0,0.0,84.58,1.24,12.01,0.0,3.17,10.39,0.84,36,0.0,35,0.0,11.97,11.21,35,68.56,0.64,2.54,8.0,8.0,7.23,0.0,0.38,69.27,4050.0,4658.0,5060.0,3930.0,68.3,25,0.0,50.61,55.7,65.02,0.0,12.06,0.0,0.0,0.0,3.17,0.0,12.0,11.23,34.5,68.69,0.64,3.18,8.07,8.02,4.75,7.25,90.0,0.39,0.0,1.36666666666667,0.0,7.04,7.21,4.06,4.0,254.0,40.39,0.0,0.1,0.0,0.0,0.5,2021-10-08,GRT,,,,,,cip-bobp.org,,0
71,.280 Riml. N.E. Ross,,CIP,GB,1 rimless,1984-06-14,2002-05-15,https://bobp.cip-bobp.org/uploads/tdcc/tab-i/tabical-en-page104.pdf,0.0,55.4,57.99,66.32,0.0,0.0,87.88,1.52,14.22,0.0,3.58,12.45,1.02,28.73,0.0,0,0.0,13.59,10.72,53.130000000000003,66.12,0.0,0.0,8.13,8.13,7.29,0.0,0.0,72.27,3250.0,3738.0,4060.0,4440.0,81.3,25,0.0,55.35,57.94,66.62,1.52,14.27,0.0,0.0,0.0,3.58,0.0,13.61,10.74,53.117,66.09,0.0,0.0,8.15,8.15,5.95,7.34,90.0,0.41,0.0,1.48333333333333,0.0,7.05,7.3,0.0,0.0,220.0,39.04,0.0,0.15,0.0,0.0,0.5,2021-10-08,GRT,,,,,,cip-bobp.org,,0
72,.284 Shehane,,CIP,US,1 rimless,2020-11-10,2020-11-10,https://bobp.cip-bobp.org/uploads/tdcc/tab-i/284-shehane-200908-en.pdf,0.0,44.77,47.9,54.87,0.0,0.0,78.0,1.37,12.01,0.0,3.76,10.39,1.02,40,0.0,35,0.0,12.69,12.29,70,0.0,0.76,3.18,7.9,7.9,7.21,0.0,0.38,0.0,4400.0,5060.0,5500.0,4300.0,69.7,25,0.0,44.78,47.9,54.99,0.0,12.77,0.0,0.0,0.0,3.76,0.0,12.73,12.32,70.0,53.58,0.76,3.18,7.95,7.95,9.52,7.23,90.0,0.36,5.7,1.5,0.0,7.03,7.21,2.79,4.0,228.0,39.85,0.0,0.1,0.0,0.0,0.5,2021-10-08,GRT,,,,,,,,0
73,.284 Tony,,CIP,IT,1 rimless,2016-10-18,1900-01-01,https://bobp.cip-bobp.org/uploads/tdcc/tab-i/284-tony-en.pdf,0.0,44.74,47.8,54.87,0.0,0.0,78.0,1.37,12.01,0.0,3.76,10.39,1.02,40,0.0,35,0.0,12.69,12.29,70,53.51,0.76,3.17,8.0,8.0,7.21,0.0,0.38,60.58,4400.0,5060.0,5500.0,4300.0,68.5,25,0.0,44.79,47.84,54.99,0.0,12.92,0.0,0.0,0.0,3.76,0.0,12.77,12.32,70.0,53.59,0.76,3.17,8.05,8.05,5.71,7.23,90.0,0.41,0.0,1.18333333333333,0.0,7.01,7.21,2.79,4.0,228.0,39.74,0.0,0.1,0.0,0.0,0.5,2021-10-08,GRT,,,,,,cip-bobp.org,,0
74,.284 Win.,,CIP,US,1 rimless,1984-06-14,2005-05-25,https://bobp.cip-bobp.org/uploads/tdcc/tab-i/284-win-201110-en.pdf,0.0,45.08,47.88,55.12,0.0,0.0,71.12,1.37,12.01,0.0,3.78,10.39,1.02,40,0.0,35,0.0,12.72,12.06,70,53.69,0.76,3.18,8.13,8.13,7.21,0.0,0.38,68.9,4400.0,5060.0,5500.0,3625.0,66.3,25,0.0,44.96,47.73,55.37,0.0,12.81,0.0,0.0,0.0,3.78,0.0,12.75,12.09,70.0,53.59,0.76,3.18,8.2,8.18,13.78,7.37,90.0,0.41,0.0,1.78333333333333,0.0,7.0,7.19,2.79,6.0,254.0,40.12,0.0,0.1,0.0,0.0,0.5,2021-10-08,GRT,,,,,,cip-bobp.org,,0
75,.297/230 Morris lg,,CIP,GB,2 rimmed,1984-06-14,2000-06-07,https://bobp.cip-bobp.org/uploads/tdcc/tab-ii/tabiical-en-page64.pdf,0.0,8.71,10.49,20.57,0.0,0.0,27.43,1.27,9.02,0.0,0.0,0.0,0.0,0,0.0,0,0.0,7.59,7.37,36.386000000000003,19.92,0.0,0.0,6.2,6.1,5.71,0.0,0.0,24.39,1700.0,0.0,0.0,0.0,6.7,0,0.0,8.74,10.52,20.83,1.3,9.14,0.0,0.0,0.0,0.0,0.0,7.62,7.39,36.383,19.98,0.0,0.0,6.22,6.12,3.82,5.76,180.0,0.0,0.0,1.5,0.0,5.56,5.69,0.0,0.0,255.0,24.28,0.0,0.0,0.0,0.0,0.5,2021-10-08,GRT,,,,,,cip-bobp.org,,0
76,.297/230 Morris sh,,CIP,GB,2 rimmed,1984-06-14,2000-06-07,https://bobp.cip-bobp.org/uploads/tdcc/tab-ii/tabiical-en-page65.pdf,0.0,8.71,10.49,14.99,0.0,0.0,22.61,1.27,9.02,0.0,0.0,0.0,0.0,0,0.0,0,0.0,7.59,7.37,36.386000000000003,19.92,0.0,0.0,6.2,6.15,5.71,0.0,0.0,18.81,1700.0,0.0,0.0,0.0,4.6,0,0.0,8.74,10.52,15.24,1.3,9.14,0.0,0.0,0.0,0.0,0.0,7.62,7.39,36.383,19.98,0.0,0.0,6.22,6.17,3.82,5.76,180.0,0.0,0.0,1.5,0.0,5.56,5.69,0.0,0.0,255.0,24.28,0.0,0.0,0.0,0.0,0.5,2021-10-08,GRT,,,,,,cip-bobp.org,,0
77,.30 BR,,CIP,US,1 rimless,2011-05-25,1900-01-01,https://bobp.cip-bobp.org/uploads/tdcc/tab-i/30-br-en.pdf,0.0,27.17,30.05,38.41,0.0,0.0,58.0,1.37,12.01,0.0,3.83,10.4,1.4,36,0.0,45,0.0,11.94,11.66,60,37.25,0.64,1.5,8.33,8.33,7.82,0.0,0.4,42.69,4050.0,4658.0,5063.0,3200.0,41.2,17.5,0.0,27.2,30.08,38.61,0.0,12.02,0.0,0.0,0.0,3.83,0.0,11.99,11.71,60.0,37.33,0.64,1.9,8.38,8.38,4.28,7.83,90.0,0.28,0.0,1.5,0.0,7.62,7.82,2.5,6.0,431.8,47.13,0.0,0.1,0.0,0.0,0.5,2021-10-08,GRT,,,,,,cip-bobp.org,,0
78,.30 Carbine,,CIP,US,1 rimless,1984-06-14,2002-05-15,https://bobp.cip-bobp.org/uploads/tdcc/tab-i/tabical-en-page106.pdf,0.0,0.0,0.0,32.77,0.0,0.0,42.67,1.27,9.14,0.0,2.9,7.87,0.84,37,0.0,35,0.0,9.06,0.0,0,0.0,0.0,0.0,0.0,8.53,7.85,0.0,0.38,36.68,3200.0,3680.0,4000.0,1375.0,21.8,17.5,0.0,0.0,0.0,32.77,1.27,9.4,0.0,0.0,0.0,2.9,0.0,9.15,0.0,0.0,0.0,0.0,0.0,0.0,8.6,3.91,7.96,180.0,0.0,0.0,2.48333333333333,0.0,7.62,7.82,4.24,4.0,508.0,47.4,0.0,0.15,0.0,0.0,0.75,2021-10-08,GRT,,,,,,cip-bobp.org,,0
79,.30 Court,,CIP,DE,1 rimless,1991-05-17,2002-05-15,https://bobp.cip-bobp.org/uploads/tdcc/tab-i/tabical-en-page107.pdf,0.0,0.0,0.0,31.45,0.0,0.0,41.35,1.27,9.14,0.0,2.9,7.87,0.84,37,0.0,45,0.0,9.06,0.0,0,0.0,0.0,0.0,0.0,8.55,7.85,0.0,0.38,35.36,3650.0,4198.0,4560.0,1470.0,21.3,17.5,0.0,0.0,0.0,31.45,1.27,9.4,0.0,0.0,0.0,2.9,0.0,9.13,0.0,0.0,0.0,0.0,0.0,0.0,8.6,3.91,7.96,180.0,0.0,0.0,2.48333333333333,0.0,7.62,7.82,4.24,4.0,508.0,47.4,0.0,0.15,0.0,0.0,0.75,2021-10-08,GRT,,,,,,cip-bobp.org,,0
80,.30 Fl. N.E. Purdey,,CIP,GB,2 rimmed,1984-06-14,2011-05-25,https://bobp.cip-bobp.org/uploads/tdcc/tab-ii/30-fi-ne-purdey-en.pdf,0.0,43.03,47.09,58.78,0.0,0.0,75.69,1.63,13.84,0.0,0.0,0.0,0.0,0,0.0,0,0.0,11.73,10.69,29,63.7,3.81,3.81,8.59,8.51,7.82,0.0,0.0,65.73,3200.0,3680.0,4000.0,3455.0,58.3,25,0.0,43.05,47.12,59.03,1.65,14.1,0.0,0.0,0.0,0.0,0.0,11.76,10.72,28.917,63.83,3.81,3.81,8.62,8.53,6.95,7.89,180.0,0.0,0.0,1.1,0.0,7.62,7.82,2.72,6.0,254.0,47.27,0.0,0.15,0.0,0.0,0.5,2021-10-08,GRT,,,,,,cip-bobp.org,,0
81,.30 PICRA,,CIP,CZ,4 pistol/revolver,1999-04-20,2000-06-07,https://bobp.cip-bobp.org/uploads/tdcc/tab-iv/tabivcal-en-page39.pdf,0.0,25.72,27.03,32.8,0.0,0.0,56.0,1.5,11.18,0.0,0.0,0.0,0.0,0,0.0,45,0.0,9.6,9.57,45.549999999999997,37.12,0.76,2.54,8.47,8.47,7.82,0.0,0.38,40.99,2800.0,3220.0,3640.0,0.0,24.5,17.5,0.0,25.7,28.98,33.0,1.52,11.28,0.0,0.0,0.2,0.0,0.0,9.63,9.61,18.867,54.62,0.5,0.5,8.52,8.5,8.19,7.85,89.117,0.33,3.8,1.5,0.0,7.62,7.82,4.49,4.0,254.0,47.52,0.0,0.15,0.0,0.0,0.5,2021-10-08,GRT,,,,,,cip-bobp.org,,0
82,.30 R Blaser,,CIP,DE,2 rimmed,1991-02-19,2007-07-06,https://bobp.cip-bobp.org/uploads/tdcc/tab-ii/tabiical-en-page66.pdf,0.0,57.77,61.16,68.0,0.0,0.0,95.0,1.4,13.5,0.0,0.0,0.0,0.0,0,0.0,0,0.0,12.2,11.2,40.033999999999999,73.14,0.0,0.0,8.73,8.73,7.85,0.0,0.0,76.39,4050.0,4658.0,5060.0,4500.0,75.3,25,0.0,57.78,61.13,68.3,1.4,13.55,0.0,0.0,0.0,1.4,0.0,12.23,11.23,40.017,73.2,0.0,0.0,8.79,8.76,8.39,7.85,90.0,0.46,4.0,1.5,0.0,7.62,7.82,4.47,4.0,305.0,47.51,0.0,0.1,0.0,0.0,0.6,2021-10-08,GRT,,,,,,cip-bobp.org,,0
83,.30 Rem.,,CIP,US,1 rimless,1984-06-14,2002-05-15,https://bobp.cip-bobp.org/uploads/tdcc/tab-i/tabical-en-page108.pdf,0.0,38.05,40.1,52.07,0.0,0.0,64.14,1.24,10.72,0.0,3.19,9.09,0.84,36,0.0,35,0.0,10.71,10.19,46,50.05,0.64,2.54,8.45,8.43,7.8,0.0,0.38,55.29,2800.0,3220.0,3500.0,2745.0,46.1,25,0.0,38.01,40.07,52.2,0.0,10.8,0.0,0.0,0.0,3.19,0.0,10.75,10.22,46.0,50.05,0.64,2.54,8.47,8.44,3.22,7.8,60.0,0.55,0.0,1.91666666666667,0.0,7.62,7.77,2.67,7.0,305.0,47.04,0.0,0.15,0.0,0.0,0.5,2021-10-08,GRT,,,,,,cip-bobp.org,,0
84,.30 Sherman Magnum,,WildCat,US,1 rimless,2010-05-26,2011-5-25,,0.0,54.96,57.72,65.53,0.0,0.0,90.81,1.27,13.51,0.0,3.27,12.07,0.94,35,0.0,35,0.0,13.55,13.3,80,53.06,1.27,3.18,8.66,8.66,7.83,0.0,0.41,61.29,4481.5922405591,0.0,0.0,0.0,98.0,0,0.0,53.76,57.57,66.14,0.0,13.58,0.0,0.0,0.0,3.25,0.0,13.55,13.11,60.0,65.11,0.76,3.18,8.71,8.69,4.63,7.84,90.0,0.43,0.0,1.5,0.0,7.62,7.82,2.79,6.0,254.0,47.32,0.0,0.1,0.0,0.0,0.5,2021-10-08,GRT,,,,,,cip-bobp.org,,0
85,.30 Super Belt Riml. H&H,.30 Super Bl Riml. H&H,CIP,GB,3 magnum,1900-01-01,2002-05-15,https://bobp.cip-bobp.org/uploads/tdcc/tab-iii/tabiiical-en-page16.pdf,0.0,53.34,62.87,72.39,0.0,0.0,91.44,1.27,13.51,13.56,5.56,11.94,1.02,45,0.0,45,0.0,13.03,11.43,16.949999999999999,91.69,0.0,0.0,8.59,8.59,7.82,0.0,0.3,0.0,3650.0,4198.0,4563.0,4305.0,84.0,25,0.0,0.0,0.0,0.0,0.0,0.0,0.0,0.0,0.0,0.0,0.0,0.0,0.0,0.0,0.0,0.0,0.0,0.0,0.0,0.0,0.0,0.0,0.0,0.0,0.0,0.0,7.61,7.82,2.72,6.0,254.0,47.24,0.0,0.0,0.0,0.0,0.5,2021-10-08,GRT,,,,,,cip-bobp.org,,0
86,.30 Super Fl. H&H,300 Fl. N.E.,CIP,GB,2 rimmed,1984-06-14,2011-05-25,https://bobp.cip-bobp.org/uploads/tdcc/tab-ii/30-super-fi-h-h-en.pdf,0.0,55.63,65.15,74.68,0.0,0.0,93.73,1.52,14.53,0.0,0.0,0.0,0.0,0,0.0,0,0.0,13.13,11.43,16.968,93.94,0.0,0.0,8.59,8.59,7.82,0.0,0.0,81.67,3200.0,3680.0,4000.0,3520.0,92.3,25,0.0,55.65,65.18,74.93,1.55,14.78,0.0,0.0,0.0,0.0,0.0,13.16,11.46,16.933,94.11,0.0,0.0,8.62,8.61,6.99,7.89,180.0,0.0,0.0,1.1,0.0,7.62,7.82,2.72,6.0,254.0,47.27,0.0,0.15,0.0,0.0,0.5,2021-10-08,GRT,,,,,,cip-bobp.org,,0
87,.30 TC,,CIP,US,1 rimless,2009-05-05,1900-01-01,https://bobp.cip-bobp.org/uploads/tdcc/tab-i/tabical-en-page109.pdf,0.0,38.4,41.19,48.77,0.0,0.0,67.56,1.37,12.01,0.0,3.88,10.39,1.4,35,0.0,36,0.0,11.95,11.78,60,48.61,1.93,3.17,8.56,8.56,7.85,0.0,0.38,58.42,4250.0,4888.0,5300.0,4000.0,54.3,25,0.0,38.29,41.06,49.02,0.0,12.03,0.0,0.0,0.0,3.88,0.0,12.03,11.81,60.0,48.51,0.76,3.17,8.61,8.58,9.65,7.84,90.0,0.37,5.45,1.5,0.0,7.62,7.82,4.47,4.0,305.0,47.51,0.0,0.1,0.0,0.0,0.5,2021-10-08,GRT,,,,,,cip-bobp.org,,0
88,.30-06 Ackley Improved,,CIP,US,1 rimless,2014-05-20,2014-05-20,https://bobp.cip-bobp.org/uploads/tdcc/tab-i/30-06-ackley-improved-en.pdf,0.0,51.58,53.3,63.35,0.0,0.0,84.84,1.24,12.01,0.0,3.16,10.39,0.84,36,0.0,35,0.0,11.96,11.52,80,58.44,0.0,0.0,8.63,8.63,7.85,0.0,0.38,69.55,4300.0,4945.0,5375.0,4400.0,73.0,25,0.0,51.58,53.28,63.55,0.0,12.04,0.0,0.0,0.0,3.16,0.0,11.99,11.55,80.0,58.46,0.0,0.0,8.7,8.65,6.2,7.89,70.0,0.54,0.0,1.36666666666667,0.0,7.62,7.82,4.49,4.0,254.0,47.52,0.0,0.1,0.0,0.0,0.5,2021-10-08,GRT,,,,,,cip-bobp.org,,0
89,.30-06 Court Cartry,,CIP,FR,1 rimless,1995-12-10,2002-05-15,https://bobp.cip-bobp.org/uploads/tdcc/tab-i/tabical-en-page110.pdf,0.0,49.49,53.56,60.8,0.0,0.0,82.3,1.24,12.01,0.0,3.16,10.39,0.84,36,0.0,35,0.0,11.96,11.2,35.043999999999997,67.23,1.27,2.54,8.63,8.63,7.85,0.0,0.38,66.97,3500.0,4025.0,4375.0,3800.0,67.4,25,0.0,49.27,53.36,60.81,0.0,12.04,0.0,0.0,0.0,3.16,0.0,11.99,11.24,34.5,67.37,1.27,3.05,8.7,8.65,6.17,7.89,71.267,0.53,0.0,1.36666666666667,0.0,7.62,7.82,4.49,4.0,254.0,47.52,0.0,0.15,0.0,0.0,0.5,2021-10-08,GRT,,,,,,cip-bobp.org,,0
90,.30-06 R Stief,,CIP,DE,2 rimmed,2009-05-05,1900-01-01,https://bobp.cip-bobp.org/uploads/tdcc/tab-ii/tabiical-en-page69.pdf,0.0,49.27,53.35,63.35,0.0,0.0,84.84,1.4,13.32,0.0,0.0,0.0,0.0,0,0.0,0,0.0,11.99,11.2,35,67.03,1.27,2.54,8.63,8.63,7.85,0.0,0.0,69.55,4050.0,4658.0,5060.0,4335.0,69.4,25,0.0,49.27,53.36,63.55,1.4,13.37,0.0,0.0,0.0,0.0,0.0,12.02,11.24,34.5,67.37,1.27,3.05,8.7,8.65,6.2,7.89,70.0,0.54,0.0,1.36666666666667,0.0,7.62,7.82,4.49,4.0,254.0,47.52,0.0,0.1,0.0,0.0,0.55,2021-10-08,GRT,,,,,,cip-bobp.org,,0
91,.30-06 Spring.,"30-06 Springfield, 30-06, 7.62 x 63",CIP,US,1 rimless,1984-06-14,2008-09-23,https://bobp.cip-bobp.org/uploads/tdcc/tab-i/tabical-en-page111.pdf,0.0,49.49,53.56,63.35,0.0,0.0,84.84,1.24,12.01,0.0,3.16,10.39,0.84,36,0.0,35,0.0,11.96,11.2,35,67.25,1.27,2.54,8.63,8.63,7.85,0.0,0.38,69.54,4050.0,4658.0,5060.0,4335.0,71.0,25,0.0,49.27,53.36,63.55,0.0,12.04,0.0,0.0,0.0,3.16,0.0,11.99,11.24,34.5,67.37,1.27,3.05,8.7,8.65,6.19,7.89,71.417,0.53,0.0,1.36666666666667,0.0,7.62,7.82,4.49,4.0,254.0,47.55,0.0,0.1,0.0,0.0,0.55,2021-10-08,GRT,,,,,,cip-bobp.org,,0
92,.30-284 NOLASCO,,CIP,FR,1 rimless,2007-05-14,2009-05-05,https://bobp.cip-bobp.org/uploads/tdcc/tab-i/tabical-en-page112.pdf,0.0,44.98,47.36,55.1,0.0,0.0,76.0,1.02,12.01,0.0,3.78,10.39,1.37,40,0.0,35,0.0,12.72,12.06,70,53.59,0.8,3.2,8.72,8.67,7.85,0.0,0.38,65.76,3800.0,4370.0,4750.0,2750.0,66.3,25,0.0,44.96,47.34,55.3,0.0,12.04,0.0,0.0,0.0,3.78,0.0,12.75,12.09,70.0,53.59,0.8,3.2,8.75,8.7,10.66,7.87,90.0,0.42,3.5,1.0,0.0,7.62,7.82,4.47,4.0,305.0,47.51,0.0,0.15,0.0,0.0,0.5,2021-10-08,GRT,,,,,,cip-bobp.org,,0
93,.30-284 Win.,,CIP,US,1 rimless,2098-02-09,2002-05-15,https://bobp.cip-bobp.org/uploads/tdcc/tab-i/tabical-en-page113.pdf,0.0,44.98,47.36,55.1,0.0,0.0,72.0,1.02,12.01,0.0,3.78,10.39,1.37,40,0.0,35,0.0,12.72,12.06,70,0.0,0.8,3.2,8.72,8.67,7.85,0.0,0.38,0.0,3800.0,4370.0,4750.0,4300.0,68.1,25,0.0,44.96,47.34,55.3,0.0,12.04,0.0,0.0,0.0,3.78,0.0,12.75,12.09,70.0,53.59,0.8,3.2,8.75,8.7,6.98,7.87,90.0,0.42,2.89,1.75,0.0,7.62,7.82,4.47,4.0,305.0,47.51,0.0,0.15,0.0,0.0,0.5,2021-10-08,GRT,,,,,,,,0
94,.30-30 Win.,,CIP,US,2 rimmed,1984-06-14,2002-05-15,https://bobp.cip-bobp.org/uploads/tdcc/tab-ii/tabiical-en-page70.pdf,0.0,36.6,39.69,51.8,0.0,0.0,64.77,1.6,12.85,0.0,0.0,0.0,0.0,0,0.0,35,0.0,10.71,10.19,31.300000000000001,54.79,4.57,11.68,8.46,8.38,7.85,0.0,0.38,53.25,3200.0,3680.0,4000.0,2445.0,45.3,25,0.0,36.95,40.1,52.91,1.6,13.11,0.0,0.0,0.0,0.0,0.0,10.75,10.24,31.3,55.23,4.57,11.68,8.48,8.4,1.45,8.4,30.0,0.0,0.0,15.0,0.0,7.62,7.82,2.39,6.0,305.0,47.06,0.0,0.15,0.0,0.0,0.75,2021-10-08,GRT,,,,,,cip-bobp.org,,0
95,.30-338 Prechtl Mag.,,CIP,DE,1 rimless,2017-05-17,2017-05-17,https://bobp.cip-bobp.org/uploads/tdcc/tab-i/30-338-prechtl-magnum-170310-en.pdf,0.0,54.86,61.78,69.2,0.0,0.0,93.2,1.52,14.93,0.0,3.12,13.24,0.9,50.299999999999997,0.0,45,0.0,14.91,13.82,40,73.84,0.0,2.0,8.78,8.73,7.85,0.0,0.5,0.0,4200.0,4830.0,5250.0,5200.0,116.2,25,0.0,50.0,61.7,69.45,0.0,15.03,0.0,0.0,0.0,3.12,0.0,14.96,13.85,39.97,73.84,0.0,3.0,8.83,8.77,7.77,7.87,90.0,0.45,3.0,1.5,0.0,7.62,7.82,4.47,4.0,254.0,47.51,0.0,0.1,0.0,0.0,0.5,2021-10-08,GRT,,,,,,,,0
96,.30-357 AeT,,CIP,IT,4 pistol/revolver,2000-09-12,2002-05-15,https://bobp.cip-bobp.org/uploads/tdcc/tab-iv/tabivcal-en-page40.pdf,0.0,24.98,26.9,32.77,0.0,0.0,47.8,1.52,11.18,0.0,2.74,9.0,0.84,40,0.0,35,0.0,9.63,9.58,32.520000000000003,41.4,0.0,0.0,8.46,8.46,7.85,0.0,0.4,35.84,3000.0,3450.0,3900.0,0.0,25.3,17.5,0.0,25.11,27.01,33.07,1.52,11.28,0.0,0.0,0.0,2.72,0.0,9.68,9.63,32.567,41.59,0.0,0.0,8.52,8.49,3.07,7.87,90.0,0.31,0.0,2.58333333333333,0.0,7.62,7.82,4.24,4.0,304.8,47.67,0.0,0.15,0.0,0.0,0.55,2021-10-08,GRT,,,,,,cip-bobp.org,,0
97,.30-378 Weath. Mag.,,CIP,US,3 magnum,1996-03-05,2002-05-15,https://bobp.cip-bobp.org/uploads/tdcc/tab-iii/tabiiical-en-page17.pdf,0.0,61.2,63.33,73.99,0.0,0.0,95.25,1.6,14.71,15.33,6.4,12.57,1.24,45,0.0,45,0.0,14.78,14.23,105.965,66.56,3.3,3.84,8.56,8.56,7.83,0.0,0.3,88.42,4400.0,5060.0,5500.0,6720.0,128.3,25,0.0,61.35,63.41,74.65,0.0,15.39,0.0,15.39,0.0,6.4,0.0,14.82,14.32,107.983,66.55,3.05,3.85,8.65,8.61,14.43,0.0,90.0,0.39,9.17,1.08333333333333,0.0,7.63,7.82,3.0,6.0,254.0,47.48,0.0,0.1,0.0,0.0,0.52,2021-10-08,GRT,,,,,,cip-bobp.org,,0
98,.30-40 Krag,,CIP,US,2 rimmed,1984-06-14,2011-05-25,https://bobp.cip-bobp.org/uploads/tdcc/tab-ii/30-40-krag-en.pdf,0.0,43.82,46.45,58.78,0.0,0.0,78.46,1.63,13.84,0.0,0.0,0.0,0.0,0,0.0,40,0.0,11.71,10.64,42.200000000000003,57.61,3.94,4.06,8.61,8.59,7.85,0.0,0.39,67.1,3250.0,3738.0,4060.0,3750.0,58.3,25,0.0,43.92,46.56,58.98,1.63,14.1,0.0,0.0,0.0,0.0,0.0,11.74,10.67,42.2,57.74,3.94,4.57,8.63,8.61,8.32,7.89,24.0,1.69,0.0,1.16666666666667,0.0,7.62,7.82,2.39,6.0,254.0,47.06,0.0,0.15,0.0,0.0,0.5,2021-10-08,GRT,,,,,,cip-bobp.org,,0
99,.30-47 GS,,CIP,IT,1 rimless,2014-05-20,1900-01-01,https://bobp.cip-bobp.org/uploads/tdcc/tab-i/30-47-gs-en.pdf,0.0,35.68,38.5,47.0,0.0,0.0,66.6,1.37,12.01,0.0,3.84,10.39,1.4,36,0.0,45,0.0,11.95,11.59,60.057000000000002,45.71,1.0,1.5,8.33,8.33,7.82,0.0,0.38,51.28,4350.0,5003.0,5438.0,4300.0,53.0,25,0.0,35.57,38.38,47.26,0.0,12.04,0.0,0.0,0.0,3.85,0.0,11.99,11.63,60.067,45.63,0.75,1.9,8.38,8.38,4.28,7.83,90.0,0.27,0.0,1.5,0.0,7.62,7.82,2.5,6.0,355.6,47.13,0.0,0.1,0.0,0.0,0.5,2021-10-08,GRT,,,,,,cip-bobp.org,,0
100,.300 AAC Blackout,"300 Whisper, 300 BLK, 7,62 x 35",CIP,US,1 rimless,2015-05-19,2017-5-17,https://bobp.cip-bobp.org/uploads/tdcc/tab-i/300-aac-blackout-180801-en.pdf,0.0,27.2,28.0,34.75,0.0,0.0,57.4,1.14,9.6,0.0,3.15,8.43,0.76,25,7.62,35,0.0,9.6,9.16,46,37.99,1.27,1.28,8.48,8.48,7.85,0.0,0.45,43.89,3900.0,4485.0,4875.0,2000.0,24.4,17.5,0.0,27.09,27.83,35.0,0.0,9.66,0.0,0.0,0.0,3.15,0.0,9.62,9.19,46.0,37.91,0.64,1.27,8.56,8.51,9.14,7.85,90.0,0.33,4.75,1.5,0.0,7.62,7.82,4.52,4.0,203.2,47.54,0.0,0.1,0.0,0.0,0.6,2021-10-08,GRT,,,,,,cip-bobp.org,,0
101,.300 Blacktornado,,CIP,IT,1 rimless,2015-05-19,2016-05-18,https://bobp.cip-bobp.org/uploads/tdcc/tab-i/300-blacktornado-en.pdf,0.0,46.9,50.3,62.0,0.0,0.0,84.0,1.52,14.85,0.0,3.1,13.24,0.95,50,0.0,45,0.0,14.74,14.26,80,55.41,0.0,1.52,8.56,8.56,7.83,0.0,0.5,68.11,4400.0,5060.0,5500.0,5220.0,101.0,25,0.0,46.99,50.38,62.23,0.0,14.9,0.0,0.0,0.0,3.15,0.0,14.86,14.3,80.0,55.51,0.0,1.52,8.61,8.61,6.11,7.84,90.0,0.39,1.91,1.5,0.0,7.62,7.82,4.47,4.0,229.0,47.51,0.0,0.1,0.0,0.0,0.5,2021-10-08,GRT,,,,,,cip-bobp.org,,0
102,.300 Blaser Mag.,,CIP,SE,1 rimless,2009-05-05,1900-01-01,https://bobp.cip-bobp.org/uploads/tdcc/tab-i/tabical-en-page114.pdf,0.0,52.12,55.92,64.2,0.0,0.0,84.84,1.37,13.59,0.0,3.61,12.19,1.42,45,0.0,35,0.0,13.84,13.0,60,63.38,1.5,2.0,8.61,8.61,7.83,0.0,0.3,69.8,4200.0,4830.0,5250.0,5545.0,92.7,25,0.0,52.1,55.87,64.5,1.37,13.92,0.0,0.0,0.0,3.61,0.0,13.87,13.03,60.0,63.38,1.5,2.0,8.68,8.63,5.6,7.84,90.0,0.4,2.0,1.75,0.0,7.62,7.82,4.49,4.0,279.4,47.52,0.0,0.1,0.0,0.0,0.5,2021-10-08,GRT,,,,,,cip-bobp.org,,0
103,.300 CR,,CIP,BE,1 rimless,2006-05-16,2008-04-15,https://bobp.cip-bobp.org/uploads/tdcc/tab-i/tabical-en-page115.pdf,0.0,39.59,41.92,51.06,0.0,0.0,71.0,1.24,12.01,0.0,3.72,10.39,1.4,36,0.0,35,0.0,11.96,11.34,60,49.41,0.74,3.18,8.65,8.61,7.85,0.0,0.26,59.64,4300.0,4945.0,5375.0,3675.0,53.3,25,0.0,39.57,41.88,51.32,0.0,12.03,0.0,0.0,0.0,3.72,0.0,12.0,11.36,60.0,49.41,0.76,3.18,8.69,8.64,8.58,7.85,90.0,0.39,4.85,1.75,0.0,7.62,7.82,2.41,6.0,305.0,47.07,0.0,0.1,0.0,0.0,0.5,2021-10-08,GRT,,,,,,cip-bobp.org,,0
104,.300 H&H Mag.,"30 Super Belt. Riml. H&H, 300 H&H Belt. Riml. N.E.",CIP,GB,3 magnum,1984-06-14,2011-05-25,https://bobp.cip-bobp.org/uploads/tdcc/tab-iii/300-h-h-mag-en.pdf,0.0,53.46,62.96,72.39,0.0,0.0,91.44,1.27,13.51,13.56,5.59,12.07,0.94,35,0.0,45,0.0,13.03,11.43,17.003,91.69,0.0,0.0,8.59,8.59,7.82,0.0,0.41,75.56,4300.0,4945.0,5375.0,4725.0,86.2,25,0.0,54.01,62.96,72.9,0.0,13.59,0.0,13.59,0.0,5.59,0.0,13.06,11.45,17.717,90.74,1.27,2.54,8.66,8.62,3.17,7.82,90.0,0.4,0.0,2.05,0.0,7.62,7.82,2.72,6.0,254.0,47.27,0.0,0.1,0.0,0.0,0.5,2021-10-08,GRT,,,,,,cip-bobp.org,,0
105,.300 HAM\u0027R,300 HAMR,SAAMI,US,1 rimless,2020-06-06,,https://saami.org/wp-content/uploads/2019/02/ANSI-SAAMI-Z299.4-CFR-Approved-2015-12-14-Posting-Copy.pdf,0.0,34.06,34.78,40.72,0.0,0.0,54.99,1.43,9.6,0.0,3.3,8.43,0.76,25,7.62,35,0.0,9.55,9.3,60,0.0,1.27,1.28,8.43,8.43,7.85,0.0,0.69,43.89,3964.0,4485.0,4875.0,2000.0,31.1,25,0.0,33.93,34.59,41.02,0.0,9.61,0.0,0.0,0.0,3.3,0.0,9.57,9.26,60.0,0.0,0.64,1.27,8.56,8.51,4.36,7.85,90.0,0.32,1.28,1.5,0.0,7.62,7.82066,4.47,4.0,304.8,47.483,0.0,0.1,0.0,0.0,0.6,2021-10-08,GRT,,,,,,cip-bobp.org,,0
106,.300 Lapua Mag.,,CIP,FI,1 rimless,1989-10-06,2008-09-23,https://bobp.cip-bobp.org/uploads/tdcc/tab-i/tabical-en-page116.pdf,0.0,54.9,60.31,69.2,0.0,0.0,94.5,1.52,14.93,0.0,3.12,13.24,0.9,50,0.0,45,0.0,14.91,13.82,49.953000000000003,69.73,0.0,0.0,8.78,8.73,7.87,0.0,0.0,75.7,4400.0,5060.0,5500.0,5220.0,115.3,25,0.0,54.81,60.19,69.45,0.0,15.03,0.0,0.0,0.0,3.12,0.0,14.96,13.85,50.017,69.65,0.0,0.0,8.83,8.77,6.5,7.87,90.0,0.45,3.0,2.03333333333333,0.0,7.62,7.82,4.47,4.0,240.0,47.51,0.0,0.1,0.0,0.0,0.5,2021-10-08,GRT,,,,,,cip-bobp.org,,0
107,.300 Norma Mag.,.300 Norma Mag,CIP,SE,1 rimless,2012-05-30,1900-01-01,https://bobp.cip-bobp.org/uploads/tdcc/tab-i/300-norma-mag-en.pdf,0.0,48.06,55.52,63.3,0.0,0.0,93.5,1.52,14.93,0.0,3.15,13.24,0.95,50,0.0,45,0.0,14.87,14.29,41,67.17,0.0,2.5,8.71,8.68,7.83,0.0,0.5,73.39,4400.0,5060.0,5500.0,5485.0,104.3,25,0.0,48.01,55.49,63.55,0.0,15.03,0.0,0.0,0.0,3.15,0.0,14.94,14.33,41.0,67.17,0.0,2.41,8.74,8.71,10.09,7.84,90.0,0.44,5.89,1.5,0.0,7.62,7.82,4.47,4.0,229.0,47.51,0.0,0.1,0.0,0.0,0.5,2021-10-08,GRT,,,,,,cip-bobp.org,,0
108,.300 Pegasus,,CIP,US,1 rimless,2014-05-20,1900-01-01,https://bobp.cip-bobp.org/uploads/tdcc/tab-i/300-pegasus-en.pdf,0.0,62.23,67.66,75.95,0.0,0.0,95.25,1.65,14.73,0.0,3.79,12.7,1.12,45,0.0,45,0.0,14.73,14.38,56,75.75,1.02,3.18,8.61,8.59,7.82,0.0,0.25,87.65,4300.0,4945.0,5375.0,6400.0,132.3,25,0.0,62.2,67.61,76.2,0.0,14.78,0.0,0.0,0.0,3.85,0.0,14.76,14.41,56.0,75.75,0.76,3.81,8.66,8.64,11.7,7.85,90.0,0.4,5.72,1.1,0.0,7.62,7.82,3.0,6.0,254.0,47.45,0.0,0.1,0.0,0.0,0.5,2021-10-08,GRT,,,,,,cip-bobp.org,,0
109,.300 PRC,300 Precision Rifle Cartridge,CIP,US,1 rimless,2010-05-26,2011-5-25,https://bobp.cip-bobp.org/uploads/tdcc/tab-i/300-prc-200428-en-1.pdf,0.0,53.89,57.72,65.53,0.0,0.0,90.81,1.27,13.51,0.0,3.27,12.07,0.94,35,0.0,35,0.0,13.55,13.08,60,65.22,1.27,3.18,8.66,8.66,7.83,0.0,0.41,61.29,4400.0,5060.0,5500.0,5800.0,95.8,25,0.0,53.76,57.57,66.14,0.0,13.58,0.0,0.0,0.0,3.25,0.0,13.55,13.11,60.0,65.11,0.76,3.18,8.71,8.69,4.63,7.84,90.0,0.43,0.0,1.5,0.0,7.62,7.82,2.79,6.0,254.0,47.32,0.0,0.1,0.0,0.0,0.5,2021-10-08,GRT,,,,,,cip-bobp.org,,0
110,.300 Precision Rifle Cartridge,.300 PRC,CIP,US,1 rimless,2019-05-22,2020-11-10,https://bobp.cip-bobp.org/uploads/tdcc/tab-i/300-prc-200428-en-1.pdf,0.0,53.89,57.72,65.53,0.0,0.0,93.98,1.27,13.51,0.0,3.25,12.07,0.94,35,0.0,35,0.0,13.53,13.08,60,0.0,0.76,3.18,8.66,8.66,7.83,0.0,0.41,0.0,4400.0,5060.0,5500.0,5800.0,96.0,25,0.0,53.76,57.57,65.72,0.0,13.58,0.0,0.0,0.0,3.25,0.0,13.55,13.11,60.0,65.11,0.76,3.18,8.71,8.69,10.54,7.84,90.0,0.43,6.34,1.5,0.0,7.62,7.82,2.92,6.0,216.0,47.4,0.0,0.1,0.0,0.0,0.5,2021-10-08,GRT,,,,,,,,0
111,.300 RCM,300 Ruger Compact Magnum,CIP,US,1 rimless,2010-05-26,2011-05-25,https://bobp.cip-bobp.org/uploads/tdcc/tab-i/300-rcm-en.pdf,0.0,41.74,45.58,53.34,0.0,0.0,72.14,1.27,13.51,0.0,3.27,12.07,0.94,35,0.0,35,0.0,13.55,13.08,60,53.06,1.27,3.18,8.64,8.64,7.85,0.0,0.41,61.29,4400.0,5060.0,5500.0,4900.0,75.2,25,0.0,41.61,45.44,53.59,0.0,13.62,0.0,0.0,0.0,3.27,0.0,13.62,13.11,60.0,52.97,0.76,3.18,8.69,0.0,7.95,7.85,90.0,0.41,3.56,1.5,0.0,7.62,7.82,2.79,6.0,254.0,47.32,0.0,0.1,0.0,0.0,0.5,2021-10-08,GRT,,,,,,cip-bobp.org,,0
112,.300 Rem. SA Ultra Mag.,,CIP,US,1 rimless,2002-03-01,2004-09-27,https://bobp.cip-bobp.org/uploads/tdcc/tab-i/tabical-en-page118.pdf,0.0,39.07,43.26,51.18,0.0,0.0,71.76,1.27,13.56,0.0,3.75,12.07,0.94,32,0.0,35,0.0,14.0,13.58,60,50.83,0.0,3.18,8.74,8.74,7.85,0.0,0.41,61.02,4400.0,5060.0,5500.0,5100.0,74.2,25,0.0,38.95,43.12,51.44,0.0,14.05,0.0,0.0,0.0,3.75,0.0,14.01,13.61,60.0,50.74,0.0,3.18,8.79,8.76,9.84,7.85,90.617,0.46,3.25,1.0,0.0,7.62,7.82,2.79,6.0,254.0,47.32,0.0,0.1,0.0,0.0,0.5,2021-10-08,GRT,,,,,,cip-bobp.org,,0
113,.300 Rem. Ultra Mag.,,CIP,US,1 rimless,1998-11-03,2008-09-23,https://bobp.cip-bobp.org/uploads/tdcc/tab-i/tabical-en-page119.pdf,0.0,60.64,64.62,72.39,0.0,0.0,91.44,1.27,13.56,0.0,3.75,12.07,0.94,32,0.0,35,0.0,13.97,13.34,60,72.19,0.0,3.17,8.74,8.74,7.85,0.0,0.0,82.23,4400.0,5060.0,5500.0,5985.0,112.9,25,0.0,60.51,64.47,72.64,0.0,14.05,0.0,0.0,0.0,3.75,0.0,14.02,13.36,60.0,72.08,0.78,3.18,8.79,8.76,9.84,7.85,90.0,0.46,3.25,1.0,0.0,7.62,7.82,2.92,6.0,254.0,47.4,0.0,0.1,0.0,0.0,0.7,2021-10-08,GRT,,,,,,cip-bobp.org,,0
114,.300 Savage,,CIP,US,1 rimless,1984-06-14,2002-05-15,https://bobp.cip-bobp.org/uploads/tdcc/tab-i/tabical-en-page120.pdf,0.0,39.59,41.92,47.52,0.0,0.0,66.04,1.24,12.01,0.0,3.18,10.39,0.84,36,0.0,35,0.0,11.99,11.34,60,49.41,0.76,3.18,8.65,8.61,7.85,0.0,0.38,56.1,3650.0,4198.0,4560.0,3525.0,52.8,25,0.0,39.57,41.88,47.85,0.0,12.07,0.0,0.0,0.0,3.18,0.0,12.02,11.36,60.0,49.41,0.76,3.18,8.69,8.64,8.58,7.86,90.0,0.39,4.85,1.71666666666667,0.0,7.62,7.82,2.41,6.0,305.0,47.1,0.0,0.15,0.0,0.0,0.5,2021-10-08,GRT,,,,,,cip-bobp.org,,0
115,.300 Sherwood,,CIP,GB,2 rimmed,1984-06-14,2002-05-15,https://bobp.cip-bobp.org/uploads/tdcc/tab-ii/tabiical-en-page73.pdf,0.0,0.0,0.0,39.37,0.0,0.0,51.82,1.27,9.52,0.0,0.0,0.0,0.0,0,0.0,0,0.0,8.13,0.0,0,0.0,0.0,0.0,0.0,8.08,7.62,0.0,0.0,43.81,1400.0,1610.0,1750.0,930.0,23.3,25,0.0,0.0,0.0,39.62,1.3,9.65,0.0,0.0,0.0,0.0,0.0,8.15,0.0,0.0,0.0,0.0,0.0,0.0,8.1,4.44,7.62,180.0,0.0,0.0,1.41666666666667,0.0,7.4,7.62,0.0,0.0,508.0,43.01,0.0,0.15,0.0,0.0,0.5,2021-10-08,GRT,,,,,,cip-bobp.org,,0
116,.300 Weath. Mag.,,CIP,US,3 magnum,1984-06-14,2002-05-15,https://bobp.cip-bobp.org/uploads/tdcc/tab-iii/tabiiical-en-page19.pdf,0.0,59.62,61.86,71.75,0.0,0.0,90.42,1.3,13.5,13.5,5.56,11.61,1.24,45,0.0,45,0.0,13.0,12.49,82.638999999999996,66.73,3.3,4.62,8.56,8.56,7.83,0.0,0.3,86.46,4400.0,5060.0,5500.0,5880.0,97.0,25,0.0,59.74,61.92,72.24,0.0,13.56,0.0,13.56,0.0,5.59,0.0,13.06,12.59,84.467,66.68,3.05,4.62,8.64,8.61,14.71,7.83,90.0,0.39,9.17,1.01666666666667,0.0,7.63,7.82,3.0,6.0,254.0,47.48,0.0,0.1,0.0,0.0,0.5,2021-10-08,GRT,,,,,,cip-bobp.org,,0
117,.300 Whisper,,CIP,US,1 rimless,2009-05-05,2015-05-19,300-whisper-de.pdf,0.0,27.15,27.94,34.9,0.0,0.0,57.0,1.14,9.6,0.0,3.07,8.43,0.74,25,0.0,45,0.0,9.54,9.14,46.5,37.78,0.8,0.8,8.46,8.46,7.84,0.0,0.45,41.88,3700.0,4255.0,4625.0,1100.0,25.2,17.5,0.0,0.0,0.0,0.0,0.0,0.0,0.0,0.0,0.0,0.0,0.0,0.0,0.0,0.0,0.0,0.0,0.0,0.0,0.0,0.0,0.0,0.0,0.0,0.0,0.0,0.0,7.62,7.82,2.2,8.0,203.0,47.39,0.0,0.0,0.0,0.0,0.5,2021-10-08,GRT,,,,,,cip-bobp.org,,0
118,.300 Win. Mag.,,CIP,US,3 magnum,1984-06-14,2002-05-15,https://bobp.cip-bobp.org/uploads/tdcc/tab-iii/tabiiical-en-page20.pdf,0.0,55.78,59.85,66.55,0.0,0.0,84.84,1.27,13.51,13.51,5.59,12.07,0.94,35,0.0,35,0.0,13.03,12.42,50,69.1,1.02,2.54,8.63,8.63,7.85,0.0,0.41,74.41,4300.0,4945.0,5375.0,4935.0,90.5,25,0.0,55.98,60.01,67.16,1.27,13.59,0.0,13.59,0.0,5.59,0.0,13.06,12.45,50.0,69.33,0.76,3.18,8.69,8.65,7.86,8.0,90.0,0.33,0.0,1.43,0.0,7.62,7.82,2.79,6.0,254.0,47.32,0.0,0.0,0.0,0.0,0.5,2021-10-08,GRT,,,,,,cip-bobp.org,,0
119,.300 WSM,.300 Win. Short Mag.,CIP,US,1 rimless,2002-01-22,2008-09-23,https://bobp.cip-bobp.org/uploads/tdcc/tab-i/tabical-en-page122.pdf,0.0,42.25,45.77,53.34,0.0,0.0,72.64,1.37,13.59,0.0,3.35,12.19,1.02,45,0.0,35,0.0,14.12,13.67,70,52.01,1.27,2.54,8.74,8.74,7.85,0.0,0.36,58.56,4400.0,5060.0,5500.0,5250.0,81.5,25,0.0,42.13,45.63,53.59,0.0,14.19,0.0,0.0,0.0,3.35,0.0,14.15,13.7,70.0,51.91,1.27,3.05,8.79,8.76,5.22,7.87,90.0,0.45,0.0,1.5,0.0,7.62,7.82,4.49,4.0,254.0,47.52,0.0,0.1,0.0,0.0,0.5,2021-10-08,GRT,,,,,,cip-bobp.org,,0
120,.300/295 Rook Rifle,,CIP,GB,2 rimmed,1984-06-14,2011-05-25,https://bobp.cip-bobp.org/uploads/tdcc/tab-ii/300-295-rook-rifle-en.pdf,0.0,0.0,0.0,29.97,0.0,0.0,36.83,1.14,9.52,0.0,0.0,0.0,0.0,0,0.0,0,0.0,8.1,0.0,0,0.0,0.0,0.0,0.0,8.08,7.65,0.0,0.0,34.97,1200.0,1380.0,1500.0,375.0,17.4,17.5,0.0,0.0,0.0,30.23,1.17,9.65,0.0,0.0,0.0,0.0,0.0,8.13,0.0,0.0,0.0,0.0,0.0,0.0,8.1,5.0,7.65,180.0,0.0,0.0,1.41666666666667,0.0,7.4,7.62,0.0,0.0,508.0,43.01,0.0,0.15,0.0,0.0,0.75,2021-10-08,GRT,,,,,,cip-bobp.org,,0
121,.303 British,,CIP,GB,2 rimmed,1984-06-14,2008-09-23,https://bobp.cip-bobp.org/uploads/tdcc/tab-ii/tabiical-en-page74.pdf,0.0,45.47,48.01,56.44,0.0,0.0,78.11,1.63,13.72,0.0,0.0,0.0,0.0,0,0.0,45,0.0,11.68,10.19,33.936,62.17,2.29,2.29,8.64,8.59,7.92,0.0,0.4,71.07,3650.0,4198.0,4560.0,2910.0,56.3,25,0.0,46.04,48.06,56.44,1.63,13.97,0.0,0.0,0.0,0.0,0.0,11.74,10.25,40.483,59.94,0.0,0.0,8.76,8.66,14.63,7.93,19.0,2.18,0.0,0.516666666666667,0.0,7.7,7.98,2.12,5.0,254.0,48.07,0.0,0.15,0.0,0.0,0.5,2021-10-08,GRT,,,,,,cip-bobp.org,,0
122,.303 Savage,,CIP,US,2 rimmed,1984-06-14,2011-05-25,https://bobp.cip-bobp.org/uploads/tdcc/tab-ii/303-savage-en.pdf,0.0,34.33,37.54,51.18,0.0,0.0,64.01,1.6,12.83,0.0,0.0,0.0,0.0,0,0.0,35,0.0,11.23,10.5,32,52.64,0.76,2.54,8.66,8.44,7.9,0.0,0.38,57.94,2700.0,3105.0,3375.0,2455.0,45.2,25,0.0,34.34,37.65,52.65,1.6,13.08,0.0,0.0,0.0,1.6,0.0,11.33,10.64,32.0,52.89,0.76,5.08,8.74,8.55,6.76,7.92,101.567,0.26,0.0,1.31666666666667,0.0,7.62,7.82,2.54,6.0,254.0,47.16,0.0,0.15,0.0,0.0,0.5,2021-10-08,GRT,,,,,,cip-bobp.org,,0
123,.303 Sporting,,CIP,FR,2 rimmed,2000-11-13,2002-05-15,https://bobp.cip-bobp.org/uploads/tdcc/tab-ii/tabiical-en-page76.pdf,0.0,41.85,44.39,52.82,0.0,0.0,74.49,1.63,13.92,0.0,0.0,0.0,0.0,0,0.0,45,0.0,11.7,10.19,33.936,58.55,2.29,2.29,8.64,8.59,7.92,0.0,0.4,67.45,3300.0,3795.0,4125.0,2800.0,52.6,25,0.0,42.42,44.44,52.82,1.63,13.97,0.0,0.0,0.0,0.0,0.0,11.74,10.25,40.483,56.32,0.0,0.0,8.76,8.66,14.63,7.93,19.0,2.18,0.0,0.516666666666667,0.0,7.7,7.98,2.12,5.0,254.0,48.07,0.0,0.15,0.0,0.0,0.5,2021-10-08,GRT,,,,,,cip-bobp.org,,0
124,.307 Win.,,CIP,US,2 rimmed,1984-06-14,2013-05-22,https://bobp.cip-bobp.org/uploads/tdcc/tab-ii/307-win-en.pdf,0.0,39.62,43.48,51.18,0.0,0.0,65.02,1.6,12.85,0.0,3.72,10.41,0.46,25,0.0,35,0.0,11.96,11.53,40,55.46,0.76,3.18,8.72,8.72,7.85,0.0,0.38,58.16,4150.0,4773.0,5190.0,2825.0,54.3,25,0.0,39.68,43.48,51.44,1.6,12.88,0.0,0.0,0.0,3.72,0.0,12.01,11.56,40.0,55.56,0.76,3.68,8.79,8.74,6.98,7.87,70.0,0.62,2.89,1.75,0.0,7.62,7.82,4.47,4.0,305.0,47.51,0.0,0.1,0.0,0.0,0.5,2021-10-08,GRT,,,,,,cip-bobp.org,,0
125,.308 EH,,CIP,FR,1 rimless,1989-09-20,2002-05-15,https://bobp.cip-bobp.org/uploads/tdcc/tab-i/tabical-en-page123.pdf,0.0,30.45,34.31,41.0,0.0,0.0,57.5,1.37,12.01,0.0,3.85,10.39,1.4,36,0.0,45,0.0,11.96,11.53,40.002000000000002,46.29,0.76,3.18,8.72,8.72,7.85,0.0,0.38,48.04,3800.0,4370.0,4750.0,3920.0,43.1,25,0.0,30.31,34.11,41.26,0.0,12.03,0.0,0.0,0.0,3.85,0.0,11.99,11.56,40.05,46.17,0.76,3.76,8.79,8.74,7.04,7.87,71.867,0.6,2.89,1.71666666666667,0.0,7.62,7.82,4.47,4.0,305.0,47.51,0.0,0.15,0.0,0.0,0.5,2021-10-08,GRT,,,,,,cip-bobp.org,,0
126,.308 Marlin Express,,CIP,US,2 rimmed,2009-05-05,1900-01-01,https://bobp.cip-bobp.org/uploads/tdcc/tab-ii/308-marlin-express-en.pdf,0.0,37.08,41.16,48.77,0.0,0.0,66.04,1.6,12.85,0.0,3.72,10.41,0.46,25,0.0,35,0.0,11.96,11.53,40,52.92,0.76,2.54,8.56,8.56,7.84,0.0,0.38,55.89,3300.0,3795.0,4125.0,3400.0,51.3,25,0.0,37.13,41.18,49.02,2.16,12.88,0.0,0.0,0.0,0.0,0.0,12.01,11.56,40.0,53.0,0.76,3.18,8.61,8.59,7.12,7.84,90.0,0.38,2.92,1.5,0.0,7.62,7.82,2.39,6.0,305.0,47.06,0.0,0.15,0.0,0.0,0.5,2021-10-08,GRT,,,,,,cip-bobp.org,,0
127,.308 Match,308 GAC,CIP,IT,1 rimless,2014-05-20,1900-01-01,https://bobp.cip-bobp.org/uploads/tdcc/tab-i/308-match-en.pdf,0.0,39.62,43.48,51.18,0.0,0.0,71.12,1.37,12.01,0.0,3.85,10.39,1.4,36,0.0,35,0.0,11.96,11.53,40,55.46,0.76,3.18,8.72,8.72,7.84,0.0,0.38,58.16,4150.0,4773.0,5188.0,3600.0,55.5,25,0.0,39.48,43.28,51.44,0.0,12.03,0.0,0.0,0.0,3.85,0.0,11.99,11.56,40.0,55.35,0.76,3.68,8.79,8.74,6.98,7.84,75.0,0.59,4.26,2.3,0.0,7.62,7.82,4.47,4.0,305.0,47.51,0.0,0.1,0.0,0.0,0.5,2021-10-08,GRT,,,,,,cip-bobp.org,,0
128,.308 Norma Mag.,,CIP,SE,3 magnum,1984-06-14,2016-10-18,https://bobp.cip-bobp.org/uploads/tdcc/tab-iii/308-norma-mag-en.pdf,0.0,52.94,56.92,65.0,0.0,0.0,85.0,1.25,13.5,13.5,5.56,11.6,1.0,45,0.0,45,0.0,13.03,12.45,51,65.99,1.0,3.0,8.65,8.65,7.85,0.0,0.4,74.65,4400.0,5060.0,5500.0,4935.0,86.8,25,0.0,53.22,57.03,65.58,0.0,13.75,0.0,13.75,0.0,5.58,0.0,13.06,12.52,52.0,66.05,2.0,3.6,8.8,8.75,9.65,7.89,90.0,0.43,0.0,0.833333333333333,0.0,7.62,7.82,4.47,4.0,254.0,47.51,0.0,0.1,0.0,0.0,0.5,2021-10-08,GRT,,,,,,cip-bobp.org,,0
129,.308 Win.,"308 Winchester, 7,62 x 51",CIP,US,1 rimless,1984-06-14,2008-09-23,https://bobp.cip-bobp.org/uploads/tdcc/tab-i/tabical-en-page125.pdf,0.0,39.62,43.48,51.18,0.0,0.0,71.12,1.37,12.01,0.0,3.85,10.39,1.4,36,0.0,35,0.0,11.96,11.53,40,55.46,0.76,3.18,8.72,8.72,7.85,0.0,0.38,58.16,4150.0,4773.0,5190.0,3920.0,56.3,25,0.0,39.48,43.28,51.44,0.0,12.03,0.0,0.0,0.0,3.85,0.0,11.99,11.56,40.0,55.36,0.76,3.68,8.79,8.74,6.98,7.87,71.417,0.6,2.89,1.75,0.0,7.62,7.82,4.47,4.0,305.0,47.51,0.0,0.1,0.0,0.0,0.5,2021-10-08,GRT,,,,,,cip-bobp.org,,0
130,.310 Cadet Rifle,,CIP,GB,2 rimmed,1984-06-14,2002-05-15,https://bobp.cip-bobp.org/uploads/tdcc/tab-ii/tabiical-en-page78.pdf,0.0,0.0,0.0,28.45,0.0,0.0,40.64,1.09,10.41,0.0,0.0,0.0,0.0,0,0.0,0,0.0,9.02,0.0,0,0.0,0.0,0.0,0.0,8.31,8.2,0.0,0.0,35.2,1100.0,1265.0,1375.0,680.0,17.3,17.5,0.0,0.0,0.0,28.7,1.12,10.54,0.0,0.0,0.0,0.0,0.0,9.04,0.0,0.0,0.0,0.0,0.0,0.0,8.33,6.75,8.25,180.0,0.0,0.0,1.48333333333333,0.0,7.9,8.18,0.0,0.0,508.0,49.02,0.0,0.15,0.0,0.0,0.5,2021-10-08,GRT,,,,,,cip-bobp.org,,0
131,.318 Riml. N.E.,318 Westley Richards,CIP,GB,1 rimless,1984-06-14,2010-05-26,https://bobp.cip-bobp.org/uploads/tdcc/tab-i/318-riml-ne-200421-en.pdf,0.0,49.63,51.87,60.96,0.0,0.0,89.66,1.27,11.89,0.0,3.51,10.52,0.81,25.600000000000001,0.0,0,0.0,11.89,11.23,50.018999999999998,61.67,0.0,0.0,9.14,9.12,8.38,0.0,0.0,67.63,3300.0,3795.0,4125.0,4550.0,69.4,25,0.0,49.58,51.82,61.26,1.27,11.94,0.0,0.0,0.0,3.51,0.0,11.91,11.25,49.8,61.7,0.0,0.0,9.17,9.14,6.67,8.4,90.0,0.37,0.0,1.5,0.0,8.07,8.38,0.0,0.0,305.0,51.15,0.0,0.15,0.0,0.0,0.5,2021-10-08,GRT,,,,,,cip-bobp.org,,0
132,.32 H&R Mag.,,CIP,US,4 pistol/revolver,1986-02-25,2000-06-07,https://bobp.cip-bobp.org/uploads/tdcc/tab-iv/tabivcal-en-page41.pdf,0.0,0.0,0.0,27.31,0.0,0.0,34.29,1.4,9.53,0.0,0.0,0.0,0.0,0,0.0,35,0.0,8.56,0.0,0,0.0,0.0,0.0,0.0,8.56,8.0,0.0,0.38,38.45,1400.0,1610.0,1820.0,0.0,16.4,12.5,0.0,0.0,0.0,27.84,1.42,9.63,0.0,0.0,0.0,0.0,0.0,8.67,0.0,0.0,0.0,0.0,0.0,0.0,8.62,11.14,7.98,25.0,1.47,9.4,4.56666666666667,0.0,7.7,7.92,2.41,5.0,406.0,47.91,0.0,0.25,0.0,0.0,0.75,2021-10-08,GRT,,,,,,cip-bobp.org,,0
133,.32 Long Colt,,CIP,US,4 pistol/revolver,1984-06-14,2000-06-07,https://bobp.cip-bobp.org/uploads/tdcc/tab-iv/tabivcal-en-page42.pdf,0.0,0.0,0.0,23.27,0.0,0.0,30.89,1.35,9.68,0.0,0.0,0.0,0.0,0,0.0,35,0.0,8.08,0.0,0,0.0,0.0,0.0,0.0,8.08,7.97,0.0,0.36,25.84,1000.0,1150.0,1300.0,0.0,12.0,12.5,0.0,0.0,0.0,33.1,1.35,9.78,0.0,0.0,0.0,0.0,0.0,8.13,0.0,0.0,0.0,0.0,0.0,0.0,8.13,2.57,8.13,180.0,0.0,0.2,4.56666666666667,0.0,7.75,7.9,2.69,6.0,406.0,48.39,0.0,0.25,0.0,0.0,0.75,2021-10-08,GRT,,,,,,cip-bobp.org,,0
134,.32 Rem.,,CIP,US,1 rimless,1984-06-14,2002-05-15,https://bobp.cip-bobp.org/uploads/tdcc/tab-i/tabical-en-page127.pdf,0.0,38.05,39.67,52.07,0.0,0.0,64.14,1.24,10.72,0.0,3.19,9.09,0.84,36,0.0,35,0.0,10.71,10.19,46,50.05,0.64,2.54,8.81,8.73,8.15,0.0,0.0,55.33,2950.0,3393.0,3690.0,2435.0,46.3,25,0.0,38.01,39.66,52.2,0.0,10.8,0.0,0.0,0.0,3.19,0.0,10.75,10.22,46.0,50.05,0.64,2.54,8.82,8.74,3.26,8.13,60.0,0.53,0.0,2.2,0.0,7.92,8.1,2.79,7.0,356.0,51.1,0.0,0.15,0.0,0.0,0.5,2021-10-08,GRT,,,,,,cip-bobp.org,,0
135,.32 S&W Long Wad Cut.,,CIP,DE/FI,4 pistol/revolver,1984-06-14,2000-06-07,https://bobp.cip-bobp.org/uploads/tdcc/tab-iv/tabivcal-en-page46.pdf,0.0,0.0,0.0,23.27,0.0,0.0,25.4,1.4,9.53,0.0,0.0,0.0,0.0,0,0.0,45,0.0,8.56,0.0,0,0.0,0.0,0.0,0.0,8.56,8.0,0.0,0.38,26.31,1550.0,1783.0,2015.0,0.0,13.0,8,0.0,0.0,0.0,23.9,1.4,9.63,0.0,0.0,0.0,0.0,0.0,8.59,0.0,0.0,0.0,0.0,0.0,0.0,8.57,3.04,8.57,0.0,0.0,0.0,8.5,0.0,7.66,7.92,2.41,5.0,476.0,47.87,0.0,0.25,0.0,0.0,0.75,2021-10-08,GRT,,,,,,cip-bobp.org,,0
136,.32 S&W Long,32 Colt New Police,CIP,US,4 pistol/revolver,1984-06-14,2009-05-05,https://bobp.cip-bobp.org/uploads/tdcc/tab-iv/32s-w-long-190829-en.pdf,0.0,0.0,0.0,23.37,0.0,0.0,32.51,1.4,9.53,0.0,0.0,0.0,0.0,0,0.0,35,0.0,8.56,0.0,0,0.0,0.0,0.0,0.0,8.56,8.0,0.0,0.38,34.51,1000.0,1150.0,1300.0,0.0,13.0,12.5,0.0,0.0,0.0,23.9,1.4,9.63,0.0,0.0,0.0,0.0,0.0,8.67,0.0,0.0,0.0,0.0,0.0,0.0,8.63,11.14,0.0,25.0,1.47,9.4,4.58333333333333,0.0,7.7,7.92,2.41,5.0,476.0,47.91,0.0,0.25,0.0,0.0,0.75,2021-10-08,GRT,,,,,,cip-bobp.org,,0
137,.32 S&W,,CIP,US,4 pistol/revolver,1984-06-14,2008-09-23,https://bobp.cip-bobp.org/uploads/tdcc/tab-iv/tabivcal-en-page44.pdf,0.0,0.0,0.0,15.37,0.0,0.0,23.62,1.37,9.6,0.0,0.0,0.0,0.0,0,0.0,35,0.0,8.61,0.0,0,0.0,0.0,0.0,0.0,8.61,8.0,0.0,0.38,34.88,900.0,1035.0,1170.0,0.0,6.2,8,0.0,0.0,0.0,15.47,1.4,9.7,0.0,0.0,0.0,0.0,0.0,8.64,0.0,0.0,0.0,0.0,0.0,0.0,8.62,19.51,7.98,25.0,1.44,17.83,4.75,0.0,7.7,7.92,2.41,5.0,476.0,47.91,0.0,0.25,0.0,0.0,0.75,2021-10-08,GRT,,,,,,cip-bobp.org,,0
138,.32 Short Colt,,CIP,US,4 pistol/revolver,1984-06-14,2000-06-07,https://bobp.cip-bobp.org/uploads/tdcc/tab-iv/tabivcal-en-page43.pdf,0.0,0.0,0.0,16.51,0.0,0.0,25.78,1.35,9.53,0.0,0.0,0.0,0.0,0,0.0,35,0.0,8.08,0.0,0,0.0,0.0,0.0,0.0,8.08,7.98,0.0,0.38,19.08,1000.0,1150.0,1300.0,0.0,6.9,9.5,0.0,0.0,0.0,33.1,1.35,9.78,0.0,0.0,0.0,0.0,0.0,8.13,0.0,0.0,0.0,0.0,0.0,0.0,8.13,2.57,8.13,180.0,0.0,0.2,4.56666666666667,0.0,7.75,7.9,2.69,6.0,406.0,48.39,0.0,0.25,0.0,0.0,0.75,2021-10-08,GRT,,,,,,cip-bobp.org,,0
139,.32 Win. SL,,CIP,US,2 rimmed,1984-06-14,2002-05-15,https://bobp.cip-bobp.org/uploads/tdcc/tab-ii/tabiical-en-page79.pdf,0.0,0.0,0.0,32.77,0.0,0.0,47.75,1.27,9.91,0.0,3.49,8.64,0.0,3.74,0.0,0,0.0,8.93,0.0,0,0.0,0.0,0.0,0.0,8.81,8.18,0.0,0.0,42.22,1550.0,1783.0,1940.0,1080.0,22.8,17.5,0.0,0.0,0.0,33.6,1.27,10.41,0.0,0.0,0.0,0.0,0.0,9.05,0.0,0.0,0.0,0.0,0.0,0.0,8.88,9.45,8.19,180.0,0.0,0.0,0.566666666666667,0.0,8.0,8.13,2.51,6.0,406.0,51.26,0.0,0.15,0.0,0.0,0.5,2021-10-08,GRT,,,,,,cip-bobp.org,,0
140,.32 Win. Spec.,,CIP,US,2 rimmed,1984-06-14,2006-06-23,https://bobp.cip-bobp.org/uploads/tdcc/tab-ii/tabiical-en-page80.pdf,0.0,36.72,39.47,51.82,0.0,0.0,65.15,1.6,12.85,0.0,0.0,0.0,0.0,0,0.0,35,0.0,10.72,10.2,29.033000000000001,56.42,3.81,7.62,8.78,8.71,8.18,0.0,0.38,53.16,3050.0,3508.0,3810.0,2370.0,45.3,25,0.0,36.82,39.56,52.91,1.6,13.11,0.0,0.0,0.0,0.0,0.0,10.74,10.24,29.467,56.29,3.81,7.62,8.8,8.72,1.34,8.72,180.0,0.0,0.0,15.0,0.0,8.0,8.13,2.69,6.0,406.0,51.33,0.0,0.15,0.0,0.0,0.5,2021-10-08,GRT,,,,,,cip-bobp.org,,0
141,.32-20 Win.,,CIP,US,2 rimmed,1984-06-14,2002-05-15,https://bobp.cip-bobp.org/uploads/tdcc/tab-ii/tabiical-en-page81.pdf,0.0,22.35,23.85,33.4,0.0,0.0,40.44,1.65,10.36,0.0,0.0,0.0,0.0,0,0.0,35,0.0,8.98,8.7,11.4,65.93,0.76,2.54,8.4,8.3,7.94,0.0,0.38,34.0,2100.0,2415.0,2625.0,1560.0,22.3,17.5,0.0,22.42,23.91,33.4,1.65,10.62,0.0,0.0,0.0,0.0,0.0,9.0,8.72,11.5,65.72,0.76,8.13,8.42,8.31,0.6,8.31,0.0,0.0,0.0,25.0,0.0,7.75,7.9,2.43,6.0,508.0,48.28,0.0,0.15,0.0,0.0,0.5,2021-10-08,GRT,,,,,,cip-bobp.org,,0
142,.32-40 Win.,,CIP,US,2 rimmed,1984-06-14,2002-05-15,https://bobp.cip-bobp.org/uploads/tdcc/tab-ii/tabiical-en-page82.pdf,0.0,0.0,43.38,54.1,0.0,0.0,63.5,1.6,12.85,0.0,0.0,0.0,0.0,0,0.0,35,0.0,10.77,0.0,0,0.0,0.0,0.0,8.78,8.61,8.15,0.0,0.38,54.89,2350.0,2703.0,2940.0,1105.0,41.3,25,0.0,0.0,43.38,55.07,1.6,13.11,0.0,0.0,0.0,0.0,0.0,10.79,0.0,0.0,0.0,0.0,0.0,8.81,8.62,0.79,8.62,43.0,0.4,0.0,21.5,0.0,8.0,8.13,2.51,6.0,406.0,51.26,0.0,0.15,0.0,0.0,0.5,2021-10-08,GRT,,,,,,cip-bobp.org,,0
143,.320 Long,,CIP,GB,4 pistol/revolver,1984-06-14,2000-06-07,https://bobp.cip-bobp.org/uploads/tdcc/tab-iv/tabivcal-en-page47.pdf,0.0,0.0,0.0,20.5,0.0,0.0,30.0,1.32,9.65,0.0,0.0,0.0,0.0,0,0.0,45,0.0,8.05,0.0,0,0.0,0.0,0.0,0.0,8.0,7.7,0.0,0.38,22.16,1000.0,1150.0,1300.0,0.0,9.3,12.5,0.0,0.381,0.381,0.0,1.4,0.0,0.0,0.0,0.0,0.0,0.0,8.1,0.0,0.0,0.0,0.0,0.762,0.051,0.0,1.66,0.0,90.0,0.1,0.0,4.56666666666667,0.0,7.65,7.9,2.7,6.0,450.0,48.03,0.0,0.25,0.0,0.0,0.75,2021-10-08,GRT,,,,,,cip-bobp.org,,0
144,.320 Short,,CIP,GB,4 pistol/revolver,1984-06-14,2000-06-07,https://bobp.cip-bobp.org/uploads/tdcc/tab-iv/tabivcal-en-page48.pdf,0.0,0.0,0.0,16.6,0.0,0.0,26.7,1.32,9.55,0.0,0.0,0.0,0.0,0,0.0,45,0.0,8.12,0.0,0,0.0,0.0,0.0,0.0,8.12,8.0,0.0,0.38,18.86,1200.0,1380.0,1560.0,0.0,6.3,10.5,0.0,0.0,0.0,17.0,1.4,9.6,0.0,0.0,0.0,0.0,0.0,8.15,0.0,0.0,0.0,0.0,0.0,0.0,8.15,2.26,7.98,46.0,0.2,0.0,4.56666666666667,0.0,7.65,7.9,2.7,6.0,450.0,48.03,0.0,0.25,0.0,0.0,0.75,2021-10-08,GRT,,,,,,cip-bobp.org,,0
145,.325 WSM,,CIP,US,1 rimless,2007-05-14,1900-01-01,https://bobp.cip-bobp.org/uploads/tdcc/tab-i/tabical-en-page128.pdf,0.0,42.25,45.52,53.34,0.0,0.0,72.64,1.37,13.59,0.0,3.35,12.19,1.02,45,0.0,55,0.0,14.12,13.67,70,52.01,1.27,2.54,9.09,9.09,8.22,0.0,0.36,63.58,4350.0,5000.0,5430.0,5100.0,82.0,25,0.0,42.12,45.38,53.59,0.0,14.19,0.0,0.0,0.0,3.35,0.0,14.15,13.7,70.0,51.91,1.27,3.05,9.14,9.12,10.24,8.26,90.0,0.43,5.28,1.5,0.0,8.0,8.2,4.47,4.0,254.0,52.16,0.0,0.1,0.0,0.0,0.5,2021-10-08,GRT,,,,,,cip-bobp.org,,0
146,.33 Win.,,CIP,US,2 rimmed,1984-06-14,2002-05-15,https://bobp.cip-bobp.org/uploads/tdcc/tab-ii/tabiical-en-page83.pdf,0.0,40.96,44.1,53.47,0.0,0.0,70.99,1.78,15.49,0.0,0.0,0.0,0.0,0,0.0,0,0.0,12.9,11.2,32.5,60.17,7.62,5.2,9.37,9.29,8.6,0.0,0.0,62.97,3050.0,3508.0,3810.0,4015.0,63.3,25,0.0,41.05,44.21,54.61,1.78,15.75,0.0,0.0,0.0,0.0,0.0,12.97,11.26,32.5,60.37,7.62,5.08,9.42,9.31,9.5,8.78,30.0,0.99,0.0,1.33333333333333,0.0,8.38,8.59,2.79,6.0,305.0,56.94,0.0,0.15,0.0,0.0,0.5,2021-10-08,GRT,,,,,,cip-bobp.org,,0
147,.333 Riml. N.E.,,CIP,GB,1 rimless,1984-06-14,2002-05-15,https://bobp.cip-bobp.org/uploads/tdcc/tab-i/tabical-en-page129.pdf,0.0,44.45,49.2,62.86,0.0,0.0,88.9,1.27,13.79,0.0,3.3,12.37,1.02,36.043999999999997,0.0,0,0.0,13.84,12.7,39.704000000000001,62.04,0.0,0.0,9.27,9.22,8.46,0.0,0.0,68.97,3300.0,3795.0,4125.0,4320.0,86.8,25,0.0,44.4,49.15,63.17,1.27,13.84,0.0,0.0,0.0,3.3,0.0,13.87,12.73,39.7,62.03,0.0,0.0,9.3,9.25,6.11,8.5,90.0,0.38,0.0,1.48333333333333,0.0,8.2,8.46,0.0,0.0,0.0,52.81,0.0,0.15,0.0,0.0,0.5,2021-10-08,GRT,,,,,,cip-bobp.org,,0
148,.338 Blaser Mag.,,CIP,SE,1 rimless,2009-05-05,1900-01-01,https://bobp.cip-bobp.org/uploads/tdcc/tab-i/tabical-en-page130.pdf,0.0,51.51,54.68,63.7,0.0,0.0,84.84,1.37,13.59,0.0,3.61,12.19,1.42,45,0.0,35,0.0,13.84,13.02,60,62.79,1.5,2.0,9.36,9.36,8.59,0.0,0.3,74.1,4200.0,4830.0,5250.0,6360.0,92.9,25,0.0,51.49,54.62,64.0,1.37,13.92,0.0,0.0,0.0,3.61,0.0,13.87,13.05,60.0,62.79,1.5,2.0,9.43,9.38,10.4,8.6,90.0,0.39,2.0,0.75,0.0,8.38,8.59,4.27,4.0,304.8,57.03,0.0,0.1,0.0,0.0,0.5,2021-10-08,GRT,,,,,,cip-bobp.org,,0
149,.338 Federal,,CIP,US,1 rimless,2007-05-14,2011-05-25,https://bobp.cip-bobp.org/uploads/tdcc/tab-i/338-federal-en.pdf,0.0,39.62,42.55,51.18,0.0,0.0,71.63,1.37,12.01,0.0,3.85,10.39,1.4,36,0.0,55,0.0,11.96,11.53,40,55.46,0.76,3.18,9.4,9.4,8.61,0.0,0.38,56.95,4150.0,4773.0,5188.0,4150.0,57.8,25,0.0,39.48,42.38,51.44,0.0,12.03,0.0,0.0,0.0,3.85,0.0,11.99,11.56,40.0,55.36,0.76,3.68,9.45,9.42,5.77,8.76,90.0,0.33,0.0,2.0,0.0,8.38,8.59,2.75,6.0,254.0,56.92,0.0,0.1,0.0,0.0,0.5,2021-10-08,GRT,,,,,,cip-bobp.org,,0
150,.338 Gordon,8.6 x 70 Gordon,WildCat,DE,1 rimless,1989-09-09,2016-10-18,,0.0,58.4,60.89,69.2,0.0,0.0,93.5,1.52,14.93,0.0,3.12,13.24,0.9,50.079999999999998,0.0,45,0.0,14.91,14.41,90,73.89,0.0,2.5,9.46,9.41,8.61,0.0,0.5,75.28,4200.0,4830.0,5250.0,6600.0,122.0,25,0.0,58.31,60.77,69.45,0.0,15.03,0.0,0.0,0.0,3.12,0.0,14.96,14.46,90.0,73.83,0.0,3.0,9.51,9.45,6.08,8.63,90.0,0.41,3.7,3.0,0.0,8.38,8.59,2.79,6.0,254.0,56.86,0.0,0.1,0.0,0.0,0.55,2021-10-08,GRT,,,,,,cip-bobp.org,,0
151,.338 Lapua Mag.,8.6 x 70,CIP,FI,1 rimless,1989-09-09,2016-10-18,https://bobp.cip-bobp.org/uploads/tdcc/tab-i/338-lapua-mag-en.pdf,0.0,54.9,60.89,69.2,0.0,0.0,93.5,1.52,14.93,0.0,3.12,13.24,0.9,50.079999999999998,0.0,45,0.0,14.91,13.82,39.997,73.89,0.0,2.5,9.46,9.41,8.61,0.0,0.5,75.28,4200.0,4830.0,5250.0,6600.0,114.0,25,0.0,54.81,60.77,69.45,0.0,15.03,0.0,0.0,0.0,3.12,0.0,14.96,13.85,40.0,73.83,0.0,3.0,9.51,9.45,6.08,8.63,90.0,0.41,3.7,3.0,0.0,8.38,8.59,2.79,6.0,254.0,56.86,0.0,0.1,0.0,0.0,0.55,2021-10-08,GRT,,,,,,cip-bobp.org,,0
152,.338 Marlin Express,,CIP,US,2 rimmed,2010-05-26,1900-01-01,https://bobp.cip-bobp.org/uploads/tdcc/tab-ii/tabiical-en-page84.pdf,0.0,37.03,40.43,48.01,0.0,0.0,62.23,1.27,14.05,0.0,3.37,11.2,0.94,36,0.0,35,0.0,12.89,12.52,50,50.46,1.02,3.18,9.35,9.35,8.6,0.0,0.86,55.34,3200.0,3680.0,4000.0,4200.0,61.2,25,0.0,36.97,40.35,48.24,1.78,14.3,0.0,0.0,0.0,0.0,0.0,12.93,12.55,50.0,50.43,0.76,3.18,9.4,9.37,7.33,8.61,90.0,0.38,2.92,1.5,0.0,8.38,8.59,2.79,6.0,305.0,56.95,0.0,0.15,0.0,0.0,0.5,2021-10-08,GRT,,,,,,cip-bobp.org,,0
153,.338 Mauser,8.6 x 68 Mauser,WildCat,DE,1 rimless,1984-06-14,1984-06-14,,0.0,55.16,59.4,68.0,0.0,0.0,92.44,1.55,14.34,0.0,3.6,12.68,0.9,32,0.0,45,0.0,14.23,12.94,44,0.0,2.5,2.5,9.46,9.41,8.61,0.0,0.5,76.2,4300.0,4920.0,5470.0,6600.0,102.0,25,0.0,55.07,59.31,68.25,0.0,14.44,0.0,0.0,0.0,3.6,0.0,14.28,12.99,44.0,0.0,3.0,3.0,9.51,9.46,41.9,8.63,180.0,0.0,0.0,0.2,0.0,8.38,8.58,2.8,6.0,254.0,56.86,0.0,0.0,0.0,0.0,0.55,2021-10-08,GRT,,,,,,cip-bobp.org,,0
154,.338 Norma Mag.,,CIP,SE,1 rimless,2010-05-26,1900-01-01,https://bobp.cip-bobp.org/uploads/tdcc/tab-i/tabical-en-page133.pdf,0.0,47.78,54.6,63.3,0.0,0.0,93.5,1.52,14.93,0.0,3.15,13.24,0.95,50,0.0,45,0.0,14.87,14.5,41,67.17,0.0,2.5,9.4,9.38,8.6,0.0,0.5,73.62,4400.0,5060.0,5500.0,6170.0,109.7,25,0.0,47.59,54.58,63.55,0.0,15.03,0.0,0.0,0.0,3.1,0.0,14.94,14.66,41.0,67.19,0.0,2.41,9.43,9.41,10.32,8.6,90.0,0.4,6.12,1.5,0.0,8.38,8.58,2.79,6.0,235.0,56.86,0.0,0.1,0.0,0.0,0.55,2021-10-08,GRT,,,,,,cip-bobp.org,,0
155,.338 RCM,,CIP,US,1 rimless,2011-05-25,1900-01-01,https://bobp.cip-bobp.org/uploads/tdcc/tab-i/338-rcm-en.pdf,0.0,39.83,43.04,51.18,0.0,0.0,72.14,1.27,13.51,0.0,3.25,12.07,0.94,35,0.0,45,0.0,13.53,13.11,60,51.18,1.27,3.18,9.4,9.37,8.61,0.0,0.41,59.33,4300.0,4945.0,5375.0,4950.0,71.2,25,0.0,39.74,42.95,51.44,0.0,13.58,0.0,0.0,0.0,3.25,0.0,13.55,13.13,60.0,51.11,0.76,3.18,9.42,9.4,8.15,8.62,90.0,0.39,3.57,1.5,0.0,8.38,8.59,2.79,6.0,254.0,56.95,0.0,0.1,0.0,0.0,0.5,2021-10-08,GRT,,,,,,cip-bobp.org,,0
156,.338 Rem. Ultra Mag.,,CIP,US,1 rimless,2000-10-20,2004-05-18,https://bobp.cip-bobp.org/uploads/tdcc/tab-i/tabical-en-page134.pdf,0.0,58.32,61.73,70.11,0.0,0.0,91.44,1.27,13.57,0.0,3.75,12.06,0.94,32,0.0,35,0.0,13.98,13.37,60,69.9,1.52,3.17,9.43,9.43,8.6,0.0,0.0,81.18,4400.0,5060.0,5500.0,6090.0,110.3,25,0.0,58.19,61.58,70.36,0.0,14.05,0.0,0.0,0.0,3.75,0.0,14.02,13.38,60.0,69.78,0.76,3.17,9.47,9.44,11.07,8.61,89.3,0.42,4.48,1.0,0.0,8.38,8.59,2.79,6.0,254.0,56.95,0.0,0.1,0.0,0.0,0.65,2021-10-08,GRT,,,,,,cip-bobp.org,,0
157,.338 Win. Mag.,,CIP,US,3 magnum,1984-06-14,2002-05-15,https://bobp.cip-bobp.org/uploads/tdcc/tab-iii/tabiiical-en-page22.pdf,0.0,51.82,55.11,63.5,0.0,69.85,84.84,1.27,13.51,13.51,5.59,12.07,0.94,35,0.0,35,0.0,13.03,12.47,50,65.19,1.02,3.18,9.4,9.37,8.61,8.38,0.41,69.27,4300.0,4945.0,5375.0,5460.0,87.4,25,0.0,52.02,55.3,64.11,0.0,13.59,0.0,13.59,0.0,5.59,0.0,13.06,12.5,50.0,65.42,0.76,3.81,9.44,9.41,5.77,8.76,90.0,0.33,0.0,2.0,0.0,8.38,8.59,2.79,6.0,254.0,56.95,0.0,0.1,0.0,0.0,0.5,2021-10-08,GRT,,,,,,cip-bobp.org,,0
158,.338 WSM,.338 Win. Short Mag.,CIP,US,1 rimless,2002-01-22,2002-05-15,https://bobp.cip-bobp.org/uploads/tdcc/tab-i/338-wsm-200922-en.pdf,0.0,38.64,41.74,49.78,0.0,0.0,69.78,1.37,13.59,0.0,3.35,12.19,1.02,45,0.0,35,0.0,14.12,13.71,70,48.43,1.27,2.54,9.37,9.37,8.69,0.0,0.36,57.39,4150.0,4773.0,5188.0,4935.0,81.7,25,0.0,38.51,41.6,50.04,0.0,14.19,0.0,0.0,0.0,3.35,0.0,14.15,13.75,70.0,48.33,1.27,3.05,9.42,9.4,7.61,8.71,90.833,0.34,2.89,2.0,0.0,8.38,8.59,2.79,6.0,254.0,56.95,0.0,0.1,0.0,0.0,0.5,2021-10-08,GRT,,,,,,cip-bobp.org,,0
159,.338-375 AI,.338-375 Ackley Improved,WildCat,GB,3 magnum,1984-06-14,2020-03-22,Scan_-_Drawing_338-375_AI_-_160220.pdf,0.0,61.47,63.75,72.64,0.0,0.0,94.34,1.27,13.51,13.56,5.59,12.07,0.94,35,0.0,45,0.0,13.06,12.57,70,70.4,0.0,0.0,9.37,9.37,8.61,0.0,0.41,81.3,4300.0,4945.0,5375.0,6090.0,98.8,25,0.0,0.0,0.0,0.0,0.0,0.0,0.0,0.0,0.0,0.0,0.0,0.0,0.0,0.0,0.0,0.0,0.0,0.0,0.0,0.0,0.0,0.0,0.0,0.0,0.0,0.0,9.3,9.55,2.92,6.0,305.0,70.16,0.0,0.0,0.0,0.0,0.5,2021-10-08,GRT,,,,,,cip-bobp.org,,0
160,.338-378 Weath. Mag.,.338-378 Weath. Mag,CIP,US,3 magnum,1998-02-09,2009-05-05,https://bobp.cip-bobp.org/uploads/tdcc/tab-iii/tabiiical-en-page23.pdf,0.0,61.05,63.19,73.99,0.0,0.0,95.58,1.6,14.71,15.33,6.4,12.57,1.24,45,0.0,45,0.0,14.78,14.24,96.909999999999997,67.36,3.3,3.89,9.41,9.37,8.6,0.0,0.3,89.56,4400.0,5060.0,5500.0,7350.0,137.3,25,0.0,61.2,63.28,74.65,0.0,15.39,0.0,15.39,0.0,6.4,0.0,14.82,14.32,99.067,67.31,3.05,3.89,9.44,9.41,15.57,8.6,90.0,0.41,9.47,1.03333333333333,0.0,8.38,8.59,3.2,6.0,254.0,57.22,0.0,0.1,0.0,0.0,0.55,2021-10-08,GRT,,,,,,cip-bobp.org,,0
161,.340 Weath. Mag.,,CIP,US,3 magnum,1984-06-14,2002-05-15,https://bobp.cip-bobp.org/uploads/tdcc/tab-iii/tabiiical-en-page24.pdf,0.0,59.49,61.6,71.76,0.0,0.0,93.35,1.3,13.5,13.5,5.56,11.61,1.24,45,0.0,45,0.0,13.0,12.49,74.106999999999999,67.76,3.3,4.62,9.3,9.3,8.59,0.0,0.3,87.33,4400.0,5060.0,5500.0,6825.0,100.3,25,0.0,59.59,61.65,72.24,0.0,13.56,0.0,13.56,0.0,5.59,0.0,13.06,12.59,75.067,67.79,3.05,4.62,9.43,9.37,15.57,0.0,90.0,0.39,9.47,1.01666666666667,0.0,8.38,8.59,3.2,6.0,254.0,57.22,0.0,0.1,0.0,0.0,0.5,2021-10-08,GRT,,,,,,cip-bobp.org,,0
162,.348 Win.,,CIP,US,2 rimmed,1984-06-14,2002-05-15,https://bobp.cip-bobp.org/uploads/tdcc/tab-ii/tabiical-en-page85.pdf,0.0,41.91,45.83,57.28,0.0,0.0,70.99,1.78,15.49,0.0,0.0,0.0,0.0,0,0.0,35,0.0,14.05,12.32,38.133000000000003,59.73,0.76,2.54,9.61,9.54,8.88,0.0,0.38,60.53,3200.0,3680.0,4000.0,3640.0,75.2,25,0.0,42.17,46.07,57.53,1.78,15.75,0.0,0.0,0.0,0.0,0.0,14.07,12.34,38.317,59.92,0.76,2.54,9.63,9.56,3.25,8.79,90.0,0.39,0.0,1.5,0.0,8.64,8.84,3.05,6.0,305.0,60.5,0.0,0.15,0.0,0.0,0.5,2021-10-08,GRT,,,,,,cip-bobp.org,,0
163,.35 Rem.,,CIP,US,1 rimless,1991-02-20,2002-05-15,https://bobp.cip-bobp.org/uploads/tdcc/tab-i/35-rem-210510-en-1.pdf,0.0,39.1,40.24,48.77,0.0,0.0,64.14,1.24,11.68,0.0,3.14,10.16,0.76,34,0.0,35,0.0,11.66,10.82,46.832999999999998,51.59,0.64,1.27,9.83,9.75,9.12,0.0,0.41,52.02,2750.0,3163.0,3575.0,2655.0,51.3,25,0.0,38.91,40.1,48.88,0.0,11.78,0.0,0.0,0.0,3.14,0.0,11.7,10.86,46.817,51.45,0.64,1.27,9.83,9.75,3.25,9.07,60.0,0.59,0.0,2.25,0.0,8.86,9.07,2.92,7.0,406.0,63.84,0.0,0.15,0.0,0.0,0.5,2021-10-08,GRT,,,,,,cip-bobp.org,,0
164,.35 Whelen,,CIP,US,1 rimless,1994-03-01,2002-05-15,https://bobp.cip-bobp.org/uploads/tdcc/tab-i/tabical-en-page137.pdf,0.0,49.48,51.6,63.35,0.0,0.0,84.84,1.24,12.01,0.0,3.16,10.39,0.84,36,0.0,35,0.0,11.96,11.2,35,67.24,1.27,2.54,9.86,9.86,9.12,0.0,0.83,73.56,4000.0,4600.0,5000.0,4560.0,70.6,25,0.0,49.27,51.37,63.55,0.0,12.04,0.0,0.0,0.0,3.16,0.0,11.99,11.24,35.0,67.09,1.27,2.54,9.91,9.88,10.21,9.14,60.0,0.64,7.0,2.5,0.0,8.86,9.07,3.3,6.0,406.4,63.78,0.0,0.1,0.0,0.0,0.5,2021-10-08,GRT,,,,,,cip-bobp.org,,0
165,.35 Win. SL,,CIP,US,2 rimmed,1984-06-14,2002-05-15,https://bobp.cip-bobp.org/uploads/tdcc/tab-ii/tabiical-en-page87.pdf,0.0,0.0,0.0,29.31,0.0,0.0,41.91,1.27,10.29,0.0,4.26,9.02,0.64,8,0.0,0,0.0,9.68,0.0,0,0.0,0.0,0.0,0.0,9.58,8.95,0.0,0.0,38.82,2400.0,2760.0,3000.0,1150.0,22.7,17.5,0.0,0.0,0.0,29.81,1.27,11.3,0.0,0.0,0.0,0.0,0.0,9.77,0.0,0.0,0.0,0.0,0.0,0.0,9.62,9.51,8.95,30.0,1.25,0.0,0.65,0.0,8.76,8.92,2.75,6.0,406.0,61.61,0.0,0.15,0.0,0.0,0.5,2021-10-08,GRT,,,,,,cip-bobp.org,,0
166,.35 Win.,,CIP,US,2 rimmed,1984-06-14,2002-05-15,https://bobp.cip-bobp.org/uploads/tdcc/tab-ii/tabiical-en-page86.pdf,0.0,51.4,53.34,61.34,0.0,0.0,80.65,1.55,13.79,0.0,0.0,0.0,0.0,0,0.0,0,0.0,11.72,10.86,30.632999999999999,71.23,3.81,3.81,9.8,9.71,9.12,0.0,0.0,71.33,3050.0,3508.0,3810.0,4145.0,69.4,25,0.0,51.4,53.39,61.75,1.55,14.05,1.47,0.0,0.0,0.0,0.0,11.76,10.9,30.617,71.3,3.81,3.81,9.81,9.73,9.99,9.29,30.0,0.82,0.0,1.25,0.0,8.89,9.09,0.0,0.0,355.0,63.77,0.0,0.15,0.0,0.0,0.5,2021-10-08,GRT,,,,,,cip-bobp.org,,0
167,.350 Legend,,CIP,US,1 rimless,2020-04-21,2020-04-21,https://bobp.cip-bobp.org/uploads/tdcc/tab-i/350-legend-200421-en.pdf,0.0,0.0,0.0,43.43,0.0,0.0,57.4,1.14,9.6,0.0,3.79,8.43,0.76,25,0.0,55,0.0,9.92,0.0,0,0.0,0.0,0.0,0.0,9.6,9.07,0.0,0.45,0.0,4300.0,4945.0,5375.0,2600.0,39.4,25,0.0,0.0,0.0,43.43,0.0,9.97,0.0,0.0,0.0,3.79,0.0,9.94,0.0,0.0,0.0,0.0,0.0,0.0,9.62,6.54,9.07,180.0,0.0,2.54,2.0,0.0,8.79,9.02,0.0,6.0,0.0,62.46,0.0,0.1,0.0,0.0,0.5,2021-10-08,GRT,,,,,,,,0
168,.350 Mag. Rigby,,CIP,GB,1 rimless,1984-06-14,2002-05-15,tabical-en-page138.pdf,0.0,57.15,57.99,69.85,0.0,0.0,90.8,1.52,13.36,0.0,3.81,11.61,0.76,26.859999999999999,0.0,0,0.0,13.16,11.43,90,62.86,0.0,0.0,9.75,9.73,9.07,0.0,0.0,74.75,3100.0,3565.0,3875.0,4810.0,91.4,25,0.0,57.1,57.94,70.15,1.52,13.41,0.0,0.0,0.0,3.81,0.0,13.18,11.46,90.0,62.83,0.0,0.0,9.78,9.75,4.9,9.13,180.0,0.0,0.0,1.5,0.0,8.89,9.06,0.0,0.0,305.0,62.07,0.0,0.15,0.0,0.0,0.5,2021-10-08,GRT,,,,,,cip-bobp.org,,0
169,.350 No. 2 Rigby,,CIP,GB,2 rimmed,1984-06-14,2002-05-15,tabiical-en-page88.pdf,0.0,53.34,57.15,69.88,0.0,0.0,93.73,1.27,13.46,0.0,0.0,0.0,0.0,0,0.0,0,0.0,11.96,10.64,13.619999999999999,97.89,8.13,8.13,9.73,9.7,9.04,0.0,0.0,80.51,3300.0,3795.0,4125.0,4900.0,75.5,25,0.0,53.37,57.18,70.13,1.3,13.72,0.0,0.0,0.0,0.0,0.0,11.99,10.67,13.767,97.56,0.0,0.0,9.75,9.73,10.63,9.1,90.0,0.32,0.0,1.25,0.0,8.65,9.0,0.0,0.0,304.0,58.77,0.0,0.15,0.0,0.0,0.5,2021-10-08,GRT,,,,,,cip-bobp.org,,0
170,.350 Rem. Mag.,.350 Rem.Mag.,CIP,US,3 magnum,1984-06-14,2002-05-15,https://bobp.cip-bobp.org/uploads/tdcc/tab-iii/tabiiical-en-page25.pdf,0.0,43.18,46.1,55.12,0.0,0.0,71.12,1.27,13.51,13.51,5.59,12.07,0.94,35,0.0,35,0.0,13.03,12.58,50,56.67,0.76,2.54,9.86,9.86,9.12,0.0,0.41,64.74,4300.0,4945.0,5375.0,4620.0,72.2,25,0.0,43.39,46.27,55.73,0.0,13.59,0.0,13.59,0.0,5.59,0.0,13.06,12.6,50.0,56.9,0.76,2.79,9.91,9.88,9.62,9.12,60.0,0.65,6.64,2.5,0.0,8.86,9.07,3.3,6.0,406.0,63.78,0.0,0.1,0.0,0.0,0.5,2021-10-08,GRT,,,,,,cip-bobp.org,,0
171,.350 Rigby Mag.,,CIP,GB,1 rimless,2084-06-14,2020-11-10,https://bobp.cip-bobp.org/uploads/tdcc/tab-i/350-rigby-mag-200908-en.pdf,0.0,57.15,57.99,69.85,0.0,0.0,90.8,1.52,13.36,0.0,3.81,11.61,0.76,26.850000000000001,0.0,0,0.0,13.16,11.43,90,0.0,0.0,0.0,9.75,9.73,9.07,0.0,0.0,0.0,3100.0,3565.0,3875.0,4810.0,90.0,25,0.0,57.1,57.94,70.15,1.52,13.41,0.0,0.0,0.0,3.81,0.0,13.18,11.46,90.0,62.83,0.0,0.0,9.78,9.75,4.89,9.13,90.0,0.31,0.0,1.5,0.0,8.89,9.06,2.79,6.0,305.0,63.52,0.0,0.15,0.0,0.0,0.5,2021-10-08,GRT,,,,,,,,0
172,.350 Rigby No. 2,,CIP,GB,2 rimmed,2084-06-14,2020-11-10,https://bobp.cip-bobp.org/uploads/tdcc/tab-ii/350-rigby-n02-200908-en.pdf,0.0,53.34,57.15,69.88,0.0,0.0,93.73,1.27,13.46,0.0,0.0,0.0,0.0,0,0.0,0,0.0,11.96,10.64,13.617000000000001,0.0,8.13,8.13,9.73,9.7,9.04,0.0,0.0,0.0,3300.0,3795.0,4125.0,4900.0,75.5,25,0.0,53.37,57.18,70.13,1.3,13.72,0.0,0.0,0.0,0.0,0.0,11.99,10.67,13.767,97.56,8.13,8.13,9.75,9.73,10.63,9.1,90.0,0.32,0.0,1.25,0.0,8.65,9.0,3.08,6.0,304.0,62.07,0.0,0.15,0.0,0.0,0.5,2021-10-08,GRT,,,,,,,,0
173,.351 Win. SL,,CIP,US,2 rimmed,1984-06-14,2011-05-25,https://bobp.cip-bobp.org/uploads/tdcc/tab-ii/351-win-sl-en.pdf,0.0,0.0,0.0,35.05,0.0,0.0,48.26,1.27,10.41,0.0,3.72,9.02,0.64,10,0.0,35,0.0,9.66,0.0,0,0.0,0.0,0.0,0.0,9.58,8.94,0.0,0.38,44.73,3650.0,4198.0,4560.0,1330.0,28.9,17.5,0.0,0.0,0.0,35.07,1.27,10.67,0.0,0.0,0.0,0.0,0.0,9.86,0.0,0.0,0.0,0.0,0.0,0.0,9.71,9.68,8.95,30.0,1.42,0.0,0.65,0.0,8.76,8.92,2.75,6.0,406.0,61.61,0.0,0.15,0.0,0.0,0.5,2021-10-08,GRT,,,,,,cip-bobp.org,,0
174,.356 Win.,,CIP,US,2 rimmed,1984-06-14,2011-05-25,https://bobp.cip-bobp.org/uploads/tdcc/tab-ii/356-win-en.pdf,0.0,39.62,41.91,51.18,0.0,0.0,65.02,1.6,12.85,0.0,3.72,10.41,0.46,25,0.0,35,0.0,11.96,11.53,40,55.45,0.76,2.54,9.86,9.86,9.11,0.0,0.38,57.14,4150.0,4773.0,5190.0,3705.0,55.3,25,0.0,39.69,41.93,51.44,1.6,12.88,0.0,0.0,0.0,1.6,0.0,12.01,11.56,40.0,55.57,0.76,2.79,9.93,9.88,5.96,9.17,60.0,0.61,0.0,1.5,0.0,8.89,9.09,2.79,6.0,305.0,63.77,0.0,0.1,0.0,0.0,0.5,2021-10-08,GRT,,,,,,cip-bobp.org,,0
175,.357 Auto Mag.,,CIP,US,4 pistol/revolver,1984-06-14,2008-09-23,https://bobp.cip-bobp.org/uploads/tdcc/tab-iv/tabivcal-en-page49.pdf,0.0,24.13,26.83,33.0,0.0,0.0,40.65,1.37,12.01,0.0,3.56,10.4,1.4,45,0.0,35,0.0,11.97,11.71,40,40.22,1.0,3.2,9.75,9.75,9.12,0.0,0.3,38.73,2550.0,2933.0,3315.0,0.0,35.2,17.5,0.0,24.09,26.76,33.5,1.37,12.04,0.0,0.0,0.0,3.56,0.0,11.99,11.74,40.0,40.22,1.0,3.2,9.8,9.78,5.73,9.13,90.0,0.32,0.0,1.53333333333333,0.0,8.84,9.09,2.69,6.0,457.0,63.42,0.0,0.15,0.0,0.0,0.7,2021-10-08,GRT,,,,,,cip-bobp.org,,0
176,.357 Mag.,.357 Magnum,CIP,US,4 pistol/revolver,1984-06-14,2006-06-14,https://bobp.cip-bobp.org/uploads/tdcc/tab-iv/357-magnum-en.pdf,0.0,0.0,0.0,32.77,0.0,0.0,40.39,1.52,11.18,0.0,0.0,0.0,0.0,0,0.0,35,0.0,9.63,0.0,0,0.0,0.0,0.0,0.0,9.63,9.12,0.0,0.4,43.27,3000.0,3450.0,3900.0,0.0,26.8,17.5,0.0,0.0,0.0,33.07,1.52,11.28,0.0,0.0,0.0,0.0,0.0,9.68,0.0,0.0,0.0,0.0,0.0,0.0,9.65,10.5,9.09,13.0,2.46,8.69,4.75,0.0,8.79,9.02,2.69,6.0,476.0,62.57,0.0,0.25,0.0,0.0,0.75,2021-10-08,GRT,,,,,,cip-bobp.org,,0
177,.357 Maximum,,CIP,US,4 pistol/revolver,1984-06-14,2000-06-07,https://bobp.cip-bobp.org/uploads/tdcc/tab-iv/tabivcal-en-page52.pdf,0.0,0.0,0.0,40.77,0.0,0.0,50.55,1.52,11.18,0.0,0.0,0.0,0.0,0,0.0,35,0.0,9.63,0.0,0,0.0,0.0,0.0,0.0,9.63,9.12,0.0,0.4,52.33,3100.0,3565.0,4040.0,0.0,33.9,25,0.0,0.0,0.0,40.89,1.52,11.28,0.0,0.0,0.0,0.0,0.0,9.68,0.0,0.0,0.0,0.0,0.0,0.0,9.65,11.56,9.09,13.0,2.46,9.75,4.75,0.0,8.79,9.02,2.69,6.0,476.0,62.57,0.0,0.25,0.0,0.0,0.75,2021-10-08,GRT,,,,,,cip-bobp.org,,0
178,.357 SIG,,CIP,US,4 pistol/revolver,1995-03-09,2008-09-23,https://bobp.cip-bobp.org/uploads/tdcc/tab-iv/tabivcal-en-page53.pdf,0.0,16.48,18.16,21.97,0.0,0.0,28.96,1.4,10.77,0.0,3.59,8.81,1.14,43,0.0,55,0.0,10.77,10.77,36,33.05,1.52,3.81,9.68,9.68,9.03,0.0,0.51,28.44,3050.0,3508.0,3965.0,0.0,19.6,10.5,0.0,16.82,18.44,21.97,0.0,10.88,0.0,0.0,0.0,3.59,0.0,10.86,10.8,36.0,33.44,1.27,3.81,9.75,9.7,6.47,9.09,180.0,0.0,0.74,1.5,0.0,8.79,9.02,2.69,6.0,406.4,62.57,0.0,0.2,0.0,0.0,0.5,2021-10-08,GRT,,,,,,cip-bobp.org,,0
179,.358 Norma Mag.,,CIP,SE,3 magnum,1984-06-14,2002-05-15,https://bobp.cip-bobp.org/uploads/tdcc/tab-iii/tabiiical-en-page26.pdf,0.0,52.94,55.66,64.0,0.0,0.0,85.0,1.25,13.5,13.5,5.56,11.6,1.0,45,0.0,45,0.0,13.03,12.45,51,65.99,1.0,3.0,9.85,9.85,9.12,0.0,0.4,70.5,4400.0,5060.0,5500.0,4725.0,88.3,25,0.0,53.22,55.77,64.58,0.0,13.75,0.0,13.75,0.0,5.58,0.0,13.06,12.52,52.0,66.05,2.0,3.6,10.03,10.0,6.5,9.14,90.0,0.43,0.0,1.16666666666667,0.0,8.89,9.1,3.4,6.0,305.0,64.27,0.0,0.1,0.0,0.0,0.5,2021-10-08,GRT,,,,,,cip-bobp.org,,0
180,.358 Win.,,CIP,US,1 rimless,1984-06-14,2002-05-15,https://bobp.cip-bobp.org/uploads/tdcc/tab-i/tabical-en-page139.pdf,0.0,39.62,41.91,51.18,0.0,0.0,70.61,1.37,12.01,0.0,3.85,10.39,1.4,36,0.0,35,0.0,11.96,11.53,40,55.46,0.76,2.54,9.86,9.86,9.11,0.0,0.38,57.14,4050.0,4658.0,5060.0,4270.0,57.3,25,0.0,39.48,41.72,51.44,0.0,12.03,0.0,0.0,0.0,3.85,0.0,11.99,11.56,40.0,55.36,0.76,2.79,9.93,9.88,5.96,9.17,60.0,0.61,0.0,1.5,0.0,8.89,9.09,2.79,6.0,305.0,63.77,0.0,0.1,0.0,0.0,0.5,2021-10-08,GRT,,,,,,cip-bobp.org,,0
181,.369 N.E. Purdey,,CIP,GB,2 rimmed,1984-06-14,2002-05-15,https://bobp.cip-bobp.org/uploads/tdcc/tab-ii/tabiical-en-page92.pdf,0.0,55.88,60.96,68.58,0.0,0.0,91.44,1.07,15.85,0.0,0.0,0.0,0.0,0,0.0,0,0.0,13.74,12.19,21.184999999999999,88.47,0.0,0.0,10.29,10.29,9.52,0.0,0.0,78.12,3050.0,3508.0,3810.0,4130.0,102.4,25,0.0,55.91,60.99,68.83,1.09,16.1,0.0,0.0,0.0,0.0,0.0,13.77,12.22,21.283,88.41,0.0,0.0,10.31,10.31,9.54,9.55,90.0,0.38,0.0,1.25,0.0,9.15,9.5,0.0,0.0,406.0,65.76,0.0,0.15,0.0,0.0,0.5,2021-10-08,GRT,,,,,,cip-bobp.org,,0
182,.37 XC,9.5 x 78 mm,WildCat,US,1 rimless,2017-05-17,2017-5-17,,0.0,65.07,67.82,78.41,0.0,0.0,121.92,1.47,14.86,0.0,3.1,13.18,0.94,50.079999999999998,9.3,45,0.0,14.76,14.22,70,75.39,0.0,0.0,10.34,10.34,9.52,0.0,0.5,0.0,5089.5,5749.47,6189.49,10000.0,141.5,24.890000000000001,0.0,65.07,67.82,78.4098,0.0,14.85,0.0,0.0,0.0,5.08,0.0,14.83,14.3,70.0,75.39,0.0,3.05,10.46,10.46,5.71,9.55,90.0,0.43,2.86,1.5,0.0,9.3,9.53,3.81,6.0,228.6,70.32,0.0,0.1,0.0,0.0,0.5,2021-10-08,GRT,,,,,,,,0
183,.375 Blaser Mag.,,CIP,SE,1 rimless,2009-05-05,1900-01-01,https://bobp.cip-bobp.org/uploads/tdcc/tab-i/tabical-en-page140.pdf,0.0,59.13,61.37,71.7,0.0,0.0,92.0,1.37,13.59,0.0,3.61,12.19,1.42,45,0.0,35,0.0,13.84,12.9,60,70.3,1.5,2.0,10.31,10.31,9.53,0.0,0.3,84.25,4200.0,4830.0,5250.0,7370.0,107.8,25,0.0,59.08,61.29,72.0,1.37,13.92,0.0,0.0,0.0,3.61,0.0,13.87,12.93,60.0,70.29,1.5,2.0,10.38,10.33,12.55,9.55,90.0,0.39,3.0,0.75,0.0,9.3,9.55,4.49,4.0,355.6,70.27,0.0,0.1,0.0,0.0,0.5,2021-10-08,GRT,,,,,,cip-bobp.org,,0
184,.375 Chey Tac,9.5 x 77 mm CheyTac,WildCat,US,1 rimless,2017-05-17,2017-5-17,https://bobp.expert-it.com/uploads/tdcc/tab-i/375-chey-tac-170627-en.pdf,0.0,62.28,68.37,76.91,0.0,0.0,113.4,1.6,16.25,0.0,5.08,13.8,2.0,53.729999999999997,9.3,35.32,0.0,16.18,15.22,43.899999999999999,81.16,0.0,0.0,10.31,10.31,9.52,0.0,0.5,0.0,4400.0,5060.0,5500.0,10000.0,167.2,25,0.0,62.01,68.15,77.3,0.0,16.3,0.0,0.0,0.0,5.08,0.0,16.23,15.37,43.98,81.04,0.0,3.05,10.41,10.4,7.44,9.54,90.0,0.43,2.86,1.5,0.0,9.3,9.53,2.57,8.0,330.2,70.32,0.0,0.1,0.0,0.0,0.5,2021-10-08,GRT,,,,,,,,0
185,.375 Fl. Mag. N.E.,375 H&H Fl. Mag. N.E.,CIP,GB,2 rimmed,1984-06-14,2013-05-22,https://bobp.cip-bobp.org/uploads/tdcc/tab-ii/375-fi-mag-ne-en.pdf,0.0,60.96,63.5,74.68,0.0,0.0,96.52,1.52,14.35,0.0,0.0,0.0,0.0,0,0.0,0,0.0,13.13,11.43,25.295999999999999,86.43,0.0,0.0,10.29,10.29,9.52,0.0,0.0,83.15,3250.0,3738.0,4060.0,5925.0,94.4,25,0.0,60.99,63.53,74.93,1.55,14.78,0.0,0.0,0.0,0.0,0.0,13.16,11.46,25.5,86.3,0.0,0.0,10.31,10.31,8.47,9.58,90.0,0.37,0.0,1.16666666666667,0.0,9.25,9.5,2.92,6.0,406.0,69.43,0.0,0.15,0.0,0.0,0.5,2021-10-08,GRT,,,,,,cip-bobp.org,,0
186,.375 Fl. N.E. 21/2,,CIP,GB,2 rimmed,1984-06-14,2006-01-24,tabiical-en-page93.pdf,0.0,0.0,0.0,63.5,0.0,0.0,82.55,1.65,13.41,0.0,0.0,0.0,0.0,0,0.0,45,0.0,11.68,0.0,0,0.0,0.0,0.0,0.0,10.19,9.52,0.0,0.0,71.92,2200.0,2530.0,2750.0,3220.0,68.4,25,0.0,0.0,0.0,63.75,1.65,13.67,0.0,0.0,0.0,0.0,0.0,11.68,0.0,0.0,0.0,0.0,0.0,0.0,10.21,8.42,9.58,90.0,0.32,0.0,1.16666666666667,0.0,9.25,9.5,2.92,6.0,475.0,67.2,0.0,0.15,0.0,0.0,0.5,2021-10-08,GRT,,,,,,cip-bobp.org,,0
187,.375 H&H Mag.,,CIP,GB,3 magnum,1984-06-14,2002-05-15,https://bobp.cip-bobp.org/uploads/tdcc/tab-iii/tabiiical-en-page27.pdf,0.0,61.27,63.44,72.39,0.0,0.0,91.44,1.27,13.51,13.56,5.59,12.07,0.94,35,0.0,45,0.0,13.03,11.37,29.93,82.54,0.0,0.0,10.21,10.21,9.55,0.0,0.41,81.3,4300.0,4945.0,5375.0,6090.0,93.8,25,0.0,61.38,63.44,72.9,0.0,13.59,0.0,13.59,0.0,5.59,0.0,13.06,11.39,29.883,82.71,0.0,0.0,10.29,10.26,8.91,9.91,90.0,0.18,0.0,2.0,0.0,9.3,9.55,2.92,6.0,305.0,70.16,0.0,0.1,0.0,0.0,0.5,2021-10-08,GRT,,,,,,cip-bobp.org,,0
188,.375 Hölderlin,,CIP,DE,1 rimless,2007-05-14,1900-01-01,https://bobp.cip-bobp.org/uploads/tdcc/tab-i/tabical-en-page141.pdf,0.0,53.2,56.57,67.5,0.0,0.0,87.0,1.4,13.0,0.0,3.5,11.2,1.0,43.670000000000002,0.0,45,0.0,13.3,12.15,29.093,76.6,0.5,0.5,10.4,10.39,9.55,0.0,0.3,74.22,3800.0,4370.0,4750.0,6800.0,88.3,25,0.0,53.14,56.51,67.8,1.4,13.05,0.0,0.0,0.0,3.5,0.0,13.33,12.18,29.083,76.61,0.5,0.5,10.43,10.42,6.72,9.56,90.0,0.43,3.0,2.0,0.0,9.3,9.55,2.92,6.0,305.0,70.16,0.0,0.1,0.0,0.0,0.5,2021-10-08,GRT,,,,,,cip-bobp.org,,0
189,.375 R Hölderlin,,CIP,DE,2 rimmed,2007-05-14,1900-01-01,https://bobp.cip-bobp.org/uploads/tdcc/tab-ii/tabiical-en-page95.pdf,0.0,53.2,56.57,67.5,0.0,0.0,87.0,1.75,14.95,0.0,0.0,0.0,0.0,0,0.0,45,0.0,13.34,12.15,29.093,76.61,0.5,0.5,10.4,10.39,9.55,0.0,0.3,74.22,3600.0,4140.0,4500.0,6500.0,88.3,25,0.0,53.19,56.56,67.8,1.75,15.0,0.0,0.0,0.0,1.75,0.0,13.37,12.18,29.083,76.66,0.5,0.5,10.43,10.42,6.72,9.56,90.0,0.43,3.0,2.0,0.0,9.3,9.55,2.92,6.0,305.0,70.16,0.0,0.1,0.0,0.0,0.5,2021-10-08,GRT,,,,,,cip-bobp.org,,0
190,.375 R Verney-Carron,,CIP,FR,2 rimmed,2010-05-26,1900-01-01,https://bobp.cip-bobp.org/uploads/tdcc/tab-ii/tabiical-en-page96.pdf,0.0,60.58,63.5,73.0,0.0,0.0,92.25,1.65,15.9,0.0,0.0,0.0,0.0,0,0.0,45,0.0,13.95,13.45,58,72.7,0.5,1.7,10.21,10.21,9.53,0.0,0.3,84.4,4100.0,4715.0,5125.0,7100.0,122.4,25,0.0,60.59,63.5,73.3,1.65,15.93,0.0,0.0,0.0,0.0,0.0,13.98,13.48,58.0,72.75,0.3,1.7,10.26,10.26,11.4,9.54,90.0,0.36,7.51,1.76666666666667,0.0,9.3,9.53,2.92,6.0,305.0,69.98,0.0,0.1,0.0,0.0,0.5,2021-10-08,GRT,,,,,,cip-bobp.org,,0
191,.375 Raptor,,WildCat,US,1 rimless,1984-06-14,2020-4-30,https://www.375raptor.com/background/,0.0,39.38,40.39,47.37,0.0,0.0,71.12,1.37,12.01,0.0,3.85,10.39,1.4,36,0.0,35,0.0,11.95,11.57,70,48.74,0.76,3.18,10.29,10.29,9.55,0.0,0.38,58.16,4150.0,4773.0,5190.0,3920.0,59.6,25,0.0,39.58,40.44,47.47,0.0,12.02,0.0,0.0,0.0,5.08,0.0,11.96,11.58,70.0,40.4,0.0,3.18,10.38,10.36,7.54,9.54,90.0,0.41,0.41,3.0,0.0,9.3,9.53,2.57,8.0,254.0,70.32,0.0,0.0,0.0,0.0,0.65,2021-10-08,GRT,,,,,,cip-bobp.org,,0
192,.375 Rem. Ultra Mag.,,CIP,US,1 rimless,2002-01-22,2007-06-20,https://bobp.cip-bobp.org/uploads/tdcc/tab-i/tabical-en-page142.pdf,0.0,60.64,63.28,72.39,0.0,0.0,91.44,1.27,13.56,0.0,3.75,12.07,0.94,32,0.0,35,0.0,13.99,13.33,60,72.18,0.76,3.18,10.29,10.29,9.55,0.0,0.31,84.38,4400.0,5060.0,5500.0,7350.0,117.4,25,0.0,60.51,63.13,72.64,0.0,14.05,0.0,0.0,0.0,3.75,0.0,14.02,13.36,60.0,72.08,0.76,3.18,10.34,10.31,11.99,9.55,90.0,0.38,4.83,1.0,0.0,9.3,9.55,2.92,6.0,304.8,70.16,0.0,0.1,0.0,0.0,0.65,2021-10-08,GRT,,,,,,cip-bobp.org,,0
193,.375 Ruger,,CIP,US,1 rimless,2009-05-05,1900-01-01,https://bobp.cip-bobp.org/uploads/tdcc/tab-i/tabical-en-page143.pdf,0.0,55.36,57.78,65.53,0.0,0.0,84.84,1.27,13.51,0.0,3.24,12.07,0.94,35,0.0,35,0.0,13.52,13.08,60,66.7,0.76,3.18,10.29,10.29,9.55,0.0,0.41,74.04,4275.0,4916.0,5344.0,6350.0,99.3,25,0.0,55.24,57.64,65.79,0.0,13.58,0.0,0.0,0.0,3.24,0.0,13.55,13.11,60.0,66.6,0.76,3.18,10.34,10.31,8.51,9.56,90.0,0.38,3.55,1.5,0.0,9.3,9.55,2.92,6.0,305.0,70.16,0.0,0.1,0.0,0.0,0.65,2021-10-08,GRT,,,,,,cip-bobp.org,,0
194,.375 SWISS P,,CIP,CH,1 rimless,2018-05-16,2018-05-16,https://bobp.cip-bobp.org/uploads/tdcc/tab-i/375-swiss-p-180302-en.pdf,0.0,57.43,61.85,69.85,0.0,0.0,93.5,1.52,14.93,0.0,3.81,13.24,1.25,50,0.0,45,0.0,15.73,14.8,54,71.96,2.0,0.0,10.3,10.3,9.55,0.0,0.3,0.0,4200.0,4830.0,5250.0,7500.0,138.4,25,0.0,57.41,61.82,70.15,0.0,15.86,0.0,0.0,0.0,3.81,0.0,15.76,14.83,54.0,71.97,1.5,2.5,10.34,10.33,13.51,9.55,90.0,0.39,6.35,1.0,0.0,9.3,9.55,4.49,4.0,304.8,70.27,0.0,0.1,0.0,0.0,0.5,2021-10-08,GRT,,,,,,,,0
195,.375 Weath. Mag.,.375 Weath.Mag.,CIP,US,3 magnum,1987-01-17,2002-05-15,https://bobp.cip-bobp.org/uploads/tdcc/tab-iii/tabiiical-en-page28.pdf,0.0,61.75,63.65,72.64,0.0,0.0,90.5,1.3,13.5,13.5,5.56,11.61,1.24,45,0.0,45,0.0,13.0,12.49,61.704000000000001,72.2,3.3,4.62,10.21,10.21,9.53,0.0,0.3,96.82,4400.0,5060.0,5500.0,7350.0,105.3,25,0.0,61.87,45.0,72.82,0.0,13.56,0.0,13.56,0.0,5.59,0.0,13.06,12.59,63.983,71.95,3.05,4.62,10.35,10.29,24.18,9.54,90.0,0.38,19.18,1.08333333333333,0.0,9.35,9.53,3.25,6.0,305.0,70.45,0.0,0.1,0.0,0.0,0.5,2021-10-08,GRT,,,,,,cip-bobp.org,,0
196,.375 Win.,,CIP,US,2 rimmed,1984-06-14,2010-05-26,https://bobp.cip-bobp.org/uploads/tdcc/tab-ii/tabiical-en-page97.pdf,0.0,0.0,45.72,51.31,0.0,0.0,65.02,1.6,12.85,0.0,0.0,0.0,0.0,0,0.0,35,0.0,10.71,0.0,0,0.0,0.0,0.0,10.16,10.16,9.55,0.0,0.38,58.62,3800.0,4370.0,4750.0,2930.0,48.3,25,0.0,0.0,45.72,52.83,1.6,13.11,0.0,0.0,0.0,0.0,0.0,10.74,0.0,0.0,0.0,0.0,0.0,10.2,10.2,7.31,9.61,30.0,1.1,2.87,2.0,0.0,9.3,9.55,2.92,6.0,305.0,70.16,0.0,0.15,0.0,0.0,0.5,2021-10-08,GRT,,,,,,cip-bobp.org,,0
197,.376 Steyr,,CIP,AT,1 rimless,1999-01-20,2002-05-15,https://bobp.cip-bobp.org/uploads/tdcc/tab-i/tabical-en-page144.pdf,0.0,48.09,50.97,60.0,0.0,0.0,79.0,1.3,12.6,0.0,3.2,11.2,1.0,43,0.0,45,0.0,12.88,12.05,35.07,67.16,0.0,0.0,10.23,10.23,9.55,0.0,0.3,76.28,4300.0,4945.0,5375.0,5200.0,80.3,25,0.0,48.04,50.88,60.3,1.3,12.65,0.0,0.0,0.0,3.2,0.0,12.91,12.08,34.983,67.21,0.5,0.5,10.29,10.26,16.28,9.7,90.0,0.28,0.0,0.7,0.0,9.3,9.55,2.92,6.0,305.0,70.16,0.0,0.1,0.0,0.0,0.5,2021-10-08,GRT,,,,,,cip-bobp.org,,0
198,.378 Weath. Mag.,.378 Weath.Mag.,CIP,US,3 magnum,1984-06-14,2002-05-15,https://bobp.cip-bobp.org/uploads/tdcc/tab-iii/tabiiical-en-page29.pdf,0.0,60.9,62.97,73.99,0.0,0.0,92.84,1.6,14.71,15.33,6.4,12.57,1.24,45,0.0,45,0.0,14.78,14.24,87.887,68.28,3.3,3.84,10.24,10.24,9.53,0.0,0.3,98.98,4400.0,5060.0,5500.0,8085.0,133.3,25,0.0,61.07,63.06,74.65,0.0,15.39,0.0,15.39,0.0,6.43,0.0,14.83,14.31,89.617,68.27,3.05,3.84,10.35,10.29,24.99,9.54,90.0,0.38,19.2,1.08333333333333,0.0,9.32,9.53,3.25,6.0,305.0,70.31,0.0,0.1,0.0,0.0,0.5,2021-10-08,GRT,,,,,,cip-bobp.org,,0
199,.38 Long Colt,,CIP,US,4 pistol/revolver,1984-06-14,2000-06-07,https://bobp.cip-bobp.org/uploads/tdcc/tab-iv/tabivcal-en-page54.pdf,0.0,0.0,0.0,26.29,0.0,0.0,34.54,1.52,11.18,0.0,0.0,0.0,0.0,0,0.0,35,0.0,9.63,0.0,0,0.0,0.0,0.0,0.0,9.6,9.12,0.0,0.4,39.8,900.0,1035.0,1170.0,0.0,19.0,10.5,0.0,0.0,0.0,29.59,1.52,11.28,0.0,0.0,0.0,0.0,0.0,9.66,0.0,0.0,0.0,0.0,0.0,0.0,9.63,13.51,9.11,6.0,4.96,11.8,5.0,0.0,8.81,8.97,3.05,6.0,406.0,62.45,0.0,0.25,0.0,0.0,0.75,2021-10-08,GRT,,,,,,cip-bobp.org,,0
200,.38 S&W Colt N.P.,,CIP,US,4 pistol/revolver,1984-06-14,2008-09-23,https://bobp.cip-bobp.org/uploads/tdcc/tab-iv/tabivcal-en-page56.pdf,0.0,0.0,0.0,19.69,0.0,0.0,31.5,1.4,11.18,0.0,0.0,0.0,0.0,0,0.0,35,0.0,9.82,0.0,0,0.0,0.0,0.0,0.0,9.79,9.17,0.0,0.38,43.37,1200.0,1380.0,1560.0,0.0,13.0,9,0.0,0.0,0.0,19.65,1.4,11.28,0.0,0.0,0.0,0.0,0.0,9.91,0.0,0.0,0.0,0.0,0.0,0.0,9.86,23.68,9.19,25.0,1.49,21.81,4.58333333333333,0.0,8.89,9.13,2.9,5.0,476.0,63.84,0.0,0.25,0.0,0.0,0.75,2021-10-08,GRT,,,,,,cip-bobp.org,,0
201,.38 S&W,,CIP,US,4 pistol,2084-06-14,2020-04-21,https://bobp.cip-bobp.org/uploads/tdcc/tab-iv/38s-w-en.pdf,0.0,0.0,0.0,19.69,0.0,0.0,31.5,1.4,11.18,0.0,0.0,0.0,0.0,0,0.0,35,0.0,9.82,0.0,0,0.0,0.0,0.0,0.0,9.79,9.17,0.0,0.38,0.0,1200.0,1380.0,1560.0,0.0,12.9,9,0.0,0.0,0.0,19.65,1.4,11.28,0.0,0.0,0.0,0.0,0.0,9.91,0.0,0.0,0.0,0.0,0.0,0.0,9.86,23.68,9.19,25.0,1.49,21.81,4.58333333333333,0.0,8.89,9.13,2.9,5.0,476.0,63.84,0.0,0.25,0.0,0.0,0.5,2021-10-08,GRT,,,,,,,,0
202,.38 Short Colt,,CIP,US,4 pistol/revolver,1984-06-14,2000-06-07,https://bobp.cip-bobp.org/uploads/tdcc/tab-iv/tabivcal-en-page55.pdf,0.0,0.0,0.0,19.43,0.0,0.0,30.48,1.52,11.18,0.0,0.0,0.0,0.0,0,0.0,35,0.0,9.63,0.0,0,0.0,0.0,0.0,0.0,9.63,9.12,0.0,0.38,32.94,900.0,1035.0,1170.0,0.0,11.9,10.5,0.0,0.0,0.0,29.59,1.52,11.28,0.0,0.0,0.0,0.0,0.0,9.66,0.0,0.0,0.0,0.0,0.0,0.0,9.63,13.51,9.11,6.0,4.96,11.8,5.0,0.0,8.81,8.97,3.05,6.0,406.0,62.45,0.0,0.25,0.0,0.0,0.75,2021-10-08,GRT,,,,,,cip-bobp.org,,0
203,.38 Special,,CIP,US,4 pistol/revolver,1984-06-14,2000-06-07,https://bobp.cip-bobp.org/uploads/tdcc/tab-iv/tabivcal-en-page57.pdf,0.0,0.0,0.0,29.34,0.0,0.0,39.37,1.5,11.18,0.0,0.0,0.0,0.0,0,0.0,35,0.0,9.63,0.0,0,0.0,0.0,0.0,0.0,9.63,9.12,0.0,0.38,43.06,1500.0,1725.0,1950.0,0.0,24.9,12.5,0.0,0.0,0.0,29.54,1.5,11.28,0.0,0.0,0.0,0.0,0.0,9.68,0.0,0.0,0.0,0.0,0.0,0.0,9.65,13.72,9.09,13.0,2.46,11.91,4.75,0.0,8.79,9.02,2.67,6.0,476.0,62.55,0.0,0.25,0.0,0.0,0.75,2021-10-08,GRT,,,,,,cip-bobp.org,,0
204,.38 Spl. AMU,,CIP,US,4 pistol/revolver,1984-06-14,2008-09-23,https://bobp.cip-bobp.org/uploads/tdcc/tab-iv/tabivcal-en-page59.pdf,0.0,0.0,0.0,29.34,0.0,0.0,30.23,1.27,10.31,0.0,3.2,8.76,0.0,12.699999999999999,0.0,35,0.0,9.63,0.0,0,0.0,0.0,0.0,0.0,9.63,9.11,0.0,0.91,45.76,1250.0,1438.0,1625.0,0.0,24.2,10.5,0.0,0.0,0.0,29.34,1.27,10.41,0.0,0.0,0.0,0.0,0.0,9.71,0.0,0.0,0.0,0.0,0.0,0.0,9.65,16.42,9.4,3.0,4.77,0.0,1.5,0.0,8.79,9.02,3.07,6.0,356.0,62.85,0.0,0.25,0.0,0.0,0.75,2021-10-08,GRT,,,,,,cip-bobp.org,,0
205,.38 Spl. Wad Cut.,,CIP,US,4 pistol/revolver,1984-06-14,2000-06-07,https://bobp.cip-bobp.org/uploads/tdcc/tab-iv/tabivcal-en-page60.pdf,0.0,0.0,0.0,29.34,0.0,0.0,30.35,1.5,11.18,0.0,0.0,0.0,0.0,0,0.0,35,0.0,9.63,0.0,0,0.0,0.0,0.0,0.0,9.63,9.14,0.0,0.38,43.06,1200.0,1380.0,1560.0,0.0,23.3,10.5,0.0,0.0,0.0,29.54,1.5,11.28,0.0,0.0,0.0,0.0,0.0,9.68,0.0,0.0,0.0,0.0,0.0,0.0,9.65,13.72,9.09,13.0,2.46,11.91,4.75,0.0,8.79,9.02,2.67,6.0,476.0,62.51,0.0,0.25,0.0,0.0,0.75,2021-10-08,GRT,,,,,,cip-bobp.org,,0
206,.38 Super Auto,,CIP,US,4 pistol/revolver,1984-06-14,2008-09-23,https://bobp.cip-bobp.org/uploads/tdcc/tab-iv/tabivcal-en-page61.pdf,0.0,0.0,0.0,22.86,0.0,0.0,32.51,1.27,10.31,0.0,3.65,8.76,1.02,20,0.0,35,0.0,9.75,0.0,0,0.0,0.0,0.0,0.0,9.75,9.04,0.0,0.41,28.01,2300.0,2645.0,2990.0,0.0,17.8,12.5,0.0,0.0,0.0,22.86,1.27,10.34,0.0,0.0,0.0,0.0,0.0,9.85,0.0,0.0,0.0,0.0,0.0,0.0,9.83,5.15,9.15,180.0,0.0,0.0,2.0,0.0,8.79,9.02,3.07,6.0,406.0,62.85,0.0,0.3,0.0,0.0,0.75,2021-10-08,GRT,,,,,,cip-bobp.org,,0
207,.38/357 FX,,CIP,CA,4 pistol/revolver,1998-01-27,2000-06-07,https://bobp.cip-bobp.org/uploads/tdcc/tab-iv/tabivcal-en-page62.pdf,0.0,0.0,0.0,23.24,0.0,0.0,30.99,1.47,11.05,0.0,0.0,0.0,0.0,0,0.0,45,0.0,9.63,0.0,0,0.0,0.0,0.0,0.0,9.63,8.94,0.0,0.38,0.0,350.0,403.0,455.0,0.0,15.7,12.5,0.0,0.0,0.0,23.38,1.47,13.38,0.0,0.0,0.0,0.0,0.0,9.68,0.0,0.0,0.0,0.0,0.0,0.0,9.68,0.0,8.79,0.0,0.0,0.0,0.0,0.0,8.79,9.02,2.48,6.0,254.0,62.42,0.0,0.25,0.0,0.0,0.75,2021-10-08,GRT,,,,,,cip-bobp.org,,0
208,.38-40 Win.,,CIP,US,2 rimmed,1984-06-14,2002-05-15,https://bobp.cip-bobp.org/uploads/tdcc/tab-ii/tabiical-en-page98.pdf,0.0,23.42,27.28,33.15,0.0,0.0,40.44,1.65,13.34,0.0,0.0,0.0,0.0,0,0.0,45,0.0,11.93,11.54,13.6,71.81,17.53,13.72,10.62,10.58,10.17,0.0,0.38,34.69,1150.0,1323.0,1440.0,1945.0,37.7,17.5,0.0,23.18,27.12,33.45,1.65,13.59,0.0,0.0,0.0,0.0,0.0,11.96,11.6,13.733,71.34,17.53,13.72,10.65,10.61,1.54,10.61,180.0,0.0,0.0,11.0,0.0,10.01,10.16,3.14,6.0,914.0,80.13,0.0,0.15,0.0,0.0,0.5,2021-10-08,GRT,,,,,,cip-bobp.org,,0
209,.38-45 ACP,,CIP,US,4 pistol/revolver,1984-06-14,2000-06-07,https://bobp.cip-bobp.org/uploads/tdcc/tab-iv/tabivcal-en-page63.pdf,0.0,16.35,17.75,22.8,0.0,0.0,31.7,1.24,12.19,0.0,3.01,10.15,0.9,45,0.0,35,0.0,12.1,11.94,78.5,23.66,1.2,1.2,9.65,9.65,9.12,0.0,0.3,28.16,2350.0,2703.0,3055.0,0.0,24.1,12.5,0.0,16.33,17.72,23.1,1.24,12.22,0.0,0.0,0.0,3.01,0.0,12.15,11.98,78.5,23.66,1.2,1.5,9.7,9.68,5.36,9.13,90.0,0.28,0.0,1.63333333333333,0.0,8.84,9.09,2.8,6.0,475.0,63.51,0.0,0.2,0.0,0.0,0.75,2021-10-08,GRT,,,,,,cip-bobp.org,,0
210,.38-55 Win.,,CIP,US,2 rimmed,1984-06-14,2002-05-15,https://bobp.cip-bobp.org/uploads/tdcc/tab-ii/tabiical-en-page99.pdf,0.0,0.0,0.0,52.96,0.0,0.0,63.75,1.6,12.85,0.0,0.0,0.0,0.0,0,0.0,35,0.0,10.69,0.0,0,0.0,0.0,0.0,0.0,9.96,9.58,0.0,0.38,55.43,2400.0,2760.0,3000.0,1580.0,52.4,25,0.0,0.0,0.0,53.8,1.6,13.11,0.0,0.0,0.0,0.0,0.0,10.73,0.0,0.0,0.0,0.0,0.0,0.0,9.99,2.47,9.99,0.0,0.0,0.0,6.0,0.0,9.47,9.63,2.97,6.0,457.0,71.88,0.0,0.15,0.0,0.0,0.7,2021-10-08,GRT,,,,,,cip-bobp.org,,0
211,.380 Long Rifle,,CIP,GB,2 rimmed,1984-06-14,2002-05-15,https://bobp.cip-bobp.org/uploads/tdcc/tab-ii/tabiical-en-page100.pdf,0.0,0.0,0.0,24.0,0.0,0.0,34.04,1.32,11.05,0.0,0.0,0.0,0.0,0,0.0,45,0.0,9.65,0.0,0,0.0,0.0,0.0,0.0,9.6,9.47,0.0,0.0,31.23,950.0,1093.0,1190.0,412.0,19.0,17.5,0.0,0.0,0.0,24.26,1.3,11.18,0.0,0.0,0.0,0.0,0.0,9.68,0.0,0.0,0.0,0.0,0.0,0.0,9.63,7.23,9.5,90.0,0.07,0.0,2.0,0.0,9.0,9.4,0.0,0.0,508.0,63.62,0.0,0.15,0.0,0.0,0.75,2021-10-08,GRT,,,,,,cip-bobp.org,,0
212,.380 Long,,CIP,GB,4 pistol/revolver,1984-06-14,2000-06-07,https://bobp.cip-bobp.org/uploads/tdcc/tab-iv/tabivcal-en-page64.pdf,0.0,0.0,0.0,24.3,0.0,0.0,35.0,1.25,10.85,0.0,0.0,0.0,0.0,0,0.0,45,0.0,9.7,0.0,0,0.0,0.0,0.0,0.0,9.7,9.15,0.0,0.3,26.79,770.0,886.0,1001.0,0.0,17.4,12.5,0.0,0.0,0.0,24.5,1.25,10.9,0.0,0.0,0.0,0.0,0.0,9.75,0.0,0.0,0.0,0.0,0.0,0.0,9.73,2.49,9.15,90.0,0.29,0.0,3.25,0.0,8.9,9.13,2.4,6.0,500.0,63.89,0.0,0.25,0.0,0.0,0.75,2021-10-08,GRT,,,,,,cip-bobp.org,,0
213,.380 Short,,CIP,GB,4 pistol/revolver,1984-06-14,2000-06-07,https://bobp.cip-bobp.org/uploads/tdcc/tab-iv/tabivcal-en-page65.pdf,0.0,0.0,0.0,17.9,0.0,0.0,28.0,1.25,10.85,0.0,0.0,0.0,0.0,0,0.0,45,0.0,9.7,0.0,0,0.0,0.0,0.0,0.0,9.7,9.15,0.0,0.3,19.98,680.0,782.0,884.0,0.0,11.1,10.5,0.0,0.0,0.0,18.2,1.25,10.9,0.0,0.0,0.0,0.0,0.0,9.75,0.0,0.0,0.0,0.0,0.0,0.0,9.73,2.08,9.15,90.0,0.29,0.0,3.98333333333333,0.0,8.9,9.13,1.1,7.0,400.0,63.1,0.0,0.25,0.0,0.0,0.75,2021-10-08,GRT,,,,,,cip-bobp.org,,0
214,.40 S&W,,CIP,US,4 pistol/revolver,1990-02-01,2000-06-07,https://bobp.cip-bobp.org/uploads/tdcc/tab-iv/tabivcal-en-page66.pdf,0.0,0.0,0.0,21.59,0.0,0.0,28.83,1.4,10.77,0.0,3.52,8.81,1.14,45,0.0,35,0.0,10.77,0.0,0,0.0,0.0,0.0,0.0,10.74,10.17,0.0,0.51,30.42,2250.0,2588.0,2925.0,0.0,20.5,10.5,0.0,0.0,0.0,21.59,0.0,10.88,0.0,0.0,0.0,5.08,0.0,10.86,0.0,0.0,0.0,0.0,0.0,0.0,10.77,8.83,10.19,180.0,0.0,3.48,1.5,0.0,9.91,10.17,3.05,6.0,406.0,79.55,0.0,0.3,0.0,0.0,0.75,2021-10-08,GRT,,,,,,cip-bobp.org,,0
215,.40-60 Win.,,CIP,US,2 rimmed,2007-05-15,2008-04-15,https://bobp.cip-bobp.org/uploads/tdcc/tab-ii/tabiical-en-page101.pdf,0.0,31.07,36.71,47.5,0.0,0.0,57.28,1.63,16.0,0.0,0.0,0.0,0.0,0,0.0,35,0.0,12.85,11.3,3.96,194.49,0.0,0.0,10.91,10.91,10.31,0.0,0.3,48.79,1920.0,2208.0,2400.0,3200.0,59.2,25,0.0,30.76,36.17,47.8,1.63,16.05,0.0,0.0,0.0,0.0,0.0,12.88,11.33,3.917,196.42,0.0,0.0,10.96,10.96,1.29,10.34,180.0,0.0,0.0,4.41666666666667,0.0,10.14,10.26,3.19,6.0,1016.0,81.92,0.0,0.15,0.0,0.0,0.75,2021-10-08,GRT,,,,,,cip-bobp.org,,0
216,.40-65 Win.,,CIP,US,2 rimmed,2017-05-17,2017-05-17,https://bobp.cip-bobp.org/uploads/tdcc/tab-ii/40-65-win-170428-en.pdf,0.0,31.07,36.71,53.34,0.0,0.0,62.74,1.78,15.44,0.0,0.0,0.0,0.0,0,0.0,45,0.0,12.8,11.21,3.65,206.69,0.0,0.0,10.85,10.83,10.31,0.0,0.38,0.0,2100.0,2415.0,2625.0,3300.0,65.8,25,0.0,30.76,36.17,53.64,1.78,15.49,0.0,0.0,0.0,0.0,0.0,12.83,11.29,4.017,191.49,0.0,0.0,10.91,10.88,1.29,10.34,180.0,0.0,0.0,4.41666666666667,0.0,10.14,10.26,3.19,6.0,457.0,81.92,0.0,0.15,0.0,0.0,0.5,2021-10-08,GRT,,,,,,,,0
217,.40-82 Win.,,CIP,US,2 rimmed,1984-06-14,2002-05-15,https://bobp.cip-bobp.org/uploads/tdcc/tab-ii/tabiical-en-page102.pdf,0.0,44.91,49.27,60.71,0.0,0.0,70.23,1.78,15.49,0.0,0.0,0.0,0.0,0,0.0,45,0.0,12.92,11.54,8.917,118.91,25.4,0.0,10.86,10.85,10.35,0.0,0.0,61.9,1650.0,1898.0,2060.0,1590.0,79.3,25,0.0,44.83,49.25,61.85,1.78,15.75,0.0,0.0,0.0,0.0,0.0,12.95,11.56,8.917,118.96,25.0,0.0,10.87,10.85,1.19,10.85,30.0,0.0,0.0,15.0,0.0,10.21,10.36,3.19,6.0,406.0,83.33,0.0,0.15,0.0,0.0,0.75,2021-10-08,GRT,,,,,,cip-bobp.org,,0
218,.400 H&H Belt. Mag.,,CIP,GB,3 magnum,2005-05-25,1900-01-01,https://bobp.cip-bobp.org/uploads/tdcc/tab-iii/tabiiical-en-page30.pdf,0.0,50.4,55.02,72.3,0.0,0.0,90.0,1.27,13.51,13.56,5.59,12.07,0.94,35,0.0,45,0.0,13.03,12.5,16.016999999999999,94.82,0.5,0.5,11.2,11.2,10.44,0.0,0.41,82.26,4400.0,5060.0,5500.0,6800.0,104.3,25,0.0,50.24,54.83,72.6,0.0,13.59,0.0,13.59,0.0,5.59,0.0,13.06,12.53,15.983,94.82,0.5,0.5,11.24,11.23,9.96,10.45,90.0,0.39,5.95,1.5,0.0,10.24,10.44,3.33,6.0,305.0,84.39,0.0,0.1,0.0,0.0,0.5,2021-10-08,GRT,,,,,,cip-bobp.org,,0
219,.400/350 N.E.,,CIP,GB,2 rimmed,1984-06-14,2002-05-15,https://bobp.cip-bobp.org/uploads/tdcc/tab-ii/400-350-ne-200908-en.pdf,0.0,53.34,57.15,69.85,0.0,0.0,93.73,1.27,13.46,0.0,0.0,0.0,0.0,0,0.0,0,0.0,11.96,10.64,13.619999999999999,97.89,8.13,8.13,9.73,9.7,9.04,0.0,0.0,80.48,2800.0,3220.0,3500.0,4292.0,75.4,25,0.0,53.37,57.18,70.1,1.3,13.72,0.0,0.0,0.0,0.0,0.0,11.99,10.67,13.767,97.56,0.0,0.0,9.75,9.73,10.63,9.1,90.0,0.32,0.0,1.25,0.0,8.65,9.0,0.0,0.0,406.0,58.77,0.0,0.15,0.0,0.0,0.5,2021-10-08,GRT,,,,,,cip-bobp.org,,0
220,.401 Win. SL,,CIP,US,2 rimmed,1984-06-14,2002-05-15,https://bobp.cip-bobp.org/uploads/tdcc/tab-ii/tabiical-en-page105.pdf,0.0,0.0,0.0,38.1,0.0,0.0,50.93,1.52,11.68,0.0,4.3,10.31,0.0,7,0.0,35,0.0,11.0,0.0,0,0.0,0.0,0.0,0.0,10.99,10.34,0.0,0.38,48.8,2450.0,2818.0,3060.0,2655.0,41.3,25,0.0,0.0,0.0,38.0,1.52,11.91,0.0,0.0,0.0,0.0,0.0,11.13,0.0,0.0,0.0,0.0,0.0,0.0,11.05,10.7,10.38,30.0,1.25,0.0,0.666666666666667,0.0,10.16,10.33,3.19,6.0,406.0,82.73,0.0,0.15,0.0,0.0,0.75,2021-10-08,GRT,,,,,,cip-bobp.org,,0
221,.404 Riml. N.E.,,CIP,GB,1 rimless,1984-06-14,2005-05-25,https://bobp.cip-bobp.org/uploads/tdcc/tab-i/404-riml-ne-en.pdf,0.0,50.82,57.18,73.02,0.0,0.0,89.66,1.27,13.79,0.0,3.3,12.37,1.02,36.039999999999999,0.0,0,0.0,13.84,13.46,16.991,95.88,0.0,0.0,11.56,11.48,10.72,0.0,0.0,80.64,3650.0,4198.0,4560.0,6815.0,115.5,25,0.0,50.77,57.13,73.33,1.27,13.84,0.0,0.0,0.0,3.3,0.0,13.87,13.49,17.067,95.69,0.0,0.0,11.58,11.51,7.62,10.77,90.0,0.37,0.0,1.21666666666667,0.0,10.46,10.77,3.5,6.0,420.0,89.25,0.0,0.15,0.0,0.0,0.5,2021-10-08,GRT,,,,,,cip-bobp.org,,0
222,.405 Win.,,CIP,US,2 rimmed,1984-06-14,2002-05-15,https://bobp.cip-bobp.org/uploads/tdcc/tab-ii/tabiical-en-page106.pdf,0.0,0.0,0.0,65.61,0.0,0.0,80.64,1.85,13.79,0.0,0.0,0.0,0.0,0,0.0,35,0.0,11.73,0.0,0,0.0,0.0,0.0,0.0,11.07,10.45,0.0,0.4,68.32,2450.0,2818.0,3060.0,4490.0,78.4,25,0.0,0.0,0.0,66.62,1.85,13.85,1.47,0.0,0.0,0.0,0.0,11.76,0.0,0.0,0.0,0.0,0.0,0.0,11.1,2.71,11.1,0.0,0.0,0.0,8.5,0.0,10.29,10.49,3.23,6.0,356.0,85.13,0.0,0.15,0.0,0.0,0.5,2021-10-08,GRT,,,,,,cip-bobp.org,,0
223,.408 Chey Tac,10.36 x 77 mm CheyTac,WildCat,US,1 rimless,2013-05-22,2016-10-18,https://bobp.expert-it.com/uploads/tdcc/tab-i/408-chey-tac-en.pdf,0.0,62.23,67.31,77.21,0.0,0.0,115.5,1.6,16.25,0.0,4.47,13.8,2.0,53.729999999999997,10.16,35.329999999999998,0.0,16.18,15.24,44.149999999999999,81.02,0.0,0.0,11.12,11.12,10.36,0.0,0.5,83.8,4400.0,5060.0,5500.0,10500.0,162.0,25,0.0,61.96,67.08,77.6,0.0,16.3,0.0,0.0,0.0,5.08,0.0,16.23,15.36,43.92,81.0,0.0,3.05,11.23,11.23,6.59,10.37,90.0,0.43,2.58,1.5,0.0,10.16,10.36,2.57,8.0,330.2,83.15,0.0,0.1,0.0,0.0,0.5,2021-10-08,GRT,,,,,,cip-bobp.org,,0
224,.408 Win.,,CIP,US,2 rimmed,1984-06-14,2002-05-15,https://bobp.cip-bobp.org/uploads/tdcc/tab-ii/tabiical-en-page107.pdf,0.0,0.0,43.18,51.56,0.0,0.0,65.53,1.6,12.85,0.0,2.36,10.67,0.43,45,0.0,0,0.0,11.33,0.0,0,0.0,0.0,0.0,10.92,10.92,10.31,0.0,0.0,58.14,4100.0,4715.0,5125.0,4190.0,63.0,25,0.0,0.0,43.18,52.2,1.6,12.88,0.0,0.0,0.0,0.0,0.0,11.39,0.0,0.0,0.0,0.0,0.0,10.97,10.97,6.58,10.38,30.0,1.1,0.0,1.2,0.0,10.15,10.33,3.19,6.0,356.0,82.67,0.0,0.1,0.0,0.0,0.75,2021-10-08,GRT,,,,,,cip-bobp.org,,0
225,.41 ACT EXP,,CIP,IL,4 pistol/revolver,1986-12-03,2000-06-07,https://bobp.cip-bobp.org/uploads/tdcc/tab-iv/tabivcal-en-page67.pdf,0.0,0.0,0.0,22.0,0.0,0.0,29.25,1.27,9.96,0.0,3.77,8.79,0.89,35,0.0,45,0.0,11.05,0.0,0,0.0,0.0,0.0,0.0,11.03,10.41,0.0,0.38,29.06,2250.0,2588.0,2925.0,0.0,21.7,10.5,0.0,0.0,0.0,22.02,2.54,11.11,0.0,0.0,0.0,5.08,0.0,11.1,0.0,0.0,0.0,0.0,0.0,0.0,11.05,7.06,10.44,180.0,0.0,2.62,2.0,0.0,10.13,10.39,2.0,6.0,360.0,82.17,0.0,0.3,0.0,0.0,0.75,2021-10-08,GRT,,,,,,cip-bobp.org,,0
226,.41 Long Colt,,CIP,US,4 pistol/revolver,1984-06-14,2000-06-07,https://bobp.cip-bobp.org/uploads/tdcc/tab-iv/tabivcal-en-page68.pdf,0.0,0.0,0.0,28.7,0.0,0.0,36.19,1.45,11.18,0.0,0.0,0.0,0.0,0,0.0,0,0.0,10.43,0.0,0,0.0,0.0,0.0,0.0,10.39,9.86,0.0,0.0,31.29,900.0,1035.0,1170.0,0.0,24.7,12.5,0.0,0.0,0.0,39.83,1.52,11.28,0.0,0.0,0.0,0.0,0.0,10.49,0.0,0.0,0.0,0.0,0.0,0.0,10.42,2.59,10.29,7.667,0.97,0.0,4.56666666666667,0.0,10.03,10.19,3.61,6.0,406.0,80.78,0.0,0.25,0.0,0.0,0.75,2021-10-08,GRT,,,,,,cip-bobp.org,,0
227,.41 Rem. Mag.,,CIP,US,4 pistol/revolver,1986-12-14,2000-06-07,https://bobp.cip-bobp.org/uploads/tdcc/tab-iv/tabivcal-en-page69.pdf,0.0,0.0,0.0,32.77,0.0,0.0,40.39,1.5,12.5,0.0,0.0,0.0,0.0,0,0.0,35,0.0,11.05,0.0,0,0.0,0.0,0.0,0.0,11.02,10.41,0.0,0.38,46.6,3000.0,3450.0,3900.0,0.0,35.2,17.5,0.0,0.0,0.0,33.32,1.52,12.62,0.0,0.0,0.0,0.0,0.0,11.1,0.0,0.0,0.0,0.0,0.0,0.0,11.05,13.83,10.44,0.0,1.38,12.06,5.0,0.0,10.13,10.39,2.68,6.0,476.3,82.71,0.0,0.25,0.0,0.0,0.75,2021-10-08,GRT,,,,,,cip-bobp.org,,0
228,.416 A-TEC,416 A-SUB,CIP,NO,1 rimless,2016-05-18,1900-01-01,https://bobp.cip-bobp.org/uploads/tdcc/tab-i/416-a-tec-en.pdf,0.0,35.0,36.44,45.0,0.0,0.0,71.0,1.2,11.9,0.0,2.97,10.39,1.0,45,0.0,35,0.0,11.92,11.77,25,61.54,2.0,0.5,11.13,11.13,10.57,0.0,0.3,52.79,4150.0,4773.0,5188.0,3000.0,57.8,25,0.0,35.0,36.4,45.2,0.0,11.95,0.0,0.0,1.0,3.5,0.0,11.95,11.8,25.0,61.61,2.0,0.5,11.18,11.15,7.79,10.58,60.0,0.49,3.59,1.5,0.0,10.36,10.57,3.25,6.0,356.0,86.38,0.0,0.1,0.0,0.0,0.5,2021-10-08,GRT,,,,,,cip-bobp.org,,0
229,.416 Barrett,"10,4 x 83",CIP,US,1 rimless,2016-05-18,1900-01-01,https://bobp.cip-bobp.org/uploads/tdcc/tab-i/416-barrett-en.pdf,0.0,63.74,71.15,83.06,0.0,0.0,118.11,2.11,20.42,0.0,6.22,17.27,1.96,36,0.0,45,0.0,20.4,18.54,50,83.62,0.0,0.0,11.63,11.63,10.57,0.0,0.69,92.15,4400.0,5060.0,5500.0,14250.0,254.2,25,0.0,63.61,70.94,83.44,0.0,20.52,0.0,0.0,0.0,5.08,0.0,20.45,18.57,50.0,83.52,0.0,0.0,11.73,11.68,9.09,10.59,30.0,2.03,4.7,1.5,0.0,10.36,10.57,4.11,6.0,304.8,86.96,0.0,0.1,0.0,0.0,0.55,2021-10-08,GRT,,,,,,cip-bobp.org,,0
230,.416 Rem. Mag.,,CIP,US,3 magnum,1989-09-10,2004-05-18,https://bobp.cip-bobp.org/uploads/tdcc/tab-iii/tabiiical-en-page31.pdf,0.0,60.69,61.74,72.39,0.0,0.0,91.44,1.27,13.51,13.51,5.59,12.06,0.94,35,0.0,35,0.0,13.02,12.36,50,73.94,1.02,2.54,11.38,11.35,10.57,0.0,0.41,82.81,4300.0,4945.0,5375.0,7245.0,103.3,25,0.0,60.88,61.93,72.96,0.0,13.59,0.0,13.59,0.0,5.59,0.0,13.05,12.39,50.0,74.17,0.76,3.18,11.41,11.38,10.42,10.62,90.0,0.38,5.46,1.5,0.0,10.36,10.57,3.25,6.0,356.0,86.38,0.0,0.1,0.0,0.0,0.45,2021-10-08,GRT,,,,,,cip-bobp.org,,0
231,.416 Rigby N\u00b02,,CIP,DE,2 rimmed,2018-05-16,2018-05-16,https://bobp.cip-bobp.org/uploads/tdcc/tab-ii/416rigbyn2-180516-en.pdf,0.0,59.73,60.92,73.66,0.0,0.0,95.25,1.65,17.0,0.0,0.0,0.0,0.0,0,0.0,45,0.0,14.99,13.72,89.75,66.62,0.0,0.0,11.35,11.33,10.57,0.0,0.3,0.0,3250.0,3738.0,4060.0,7270.0,128.1,25,0.0,59.72,60.91,73.96,1.67,17.2,0.0,0.0,0.0,0.0,0.0,15.02,13.74,89.5,66.65,0.0,0.0,11.38,11.35,7.62,10.59,90.0,0.38,0.0,0.9,0.0,10.36,10.57,3.6,6.0,420.0,86.61,0.0,0.15,0.0,0.0,0.5,2021-10-08,GRT,,,,,,,,0
232,.416 Rigby,,CIP,GB,1 rimless,1984-06-14,2002-05-15,https://bobp.cip-bobp.org/uploads/tdcc/tab-i/tabical-en-page146.pdf,0.0,59.77,60.96,73.66,0.0,0.0,95.25,1.65,14.99,0.0,3.81,12.7,0.81,39.93,0.0,0,0.0,14.96,13.72,89.759,66.66,0.0,0.0,11.35,11.33,10.57,0.0,0.0,81.28,3250.0,3738.0,4060.0,7270.0,127.8,25,0.0,59.72,60.91,73.96,1.65,15.04,0.0,0.0,0.0,3.81,0.0,14.99,13.74,89.5,66.65,0.0,0.0,11.38,11.35,7.62,10.59,90.0,0.38,0.0,0.9,0.0,10.36,10.57,3.6,6.0,420.0,86.61,0.0,0.0,0.0,0.0,0.5,2021-10-08,GRT,,,,,,cip-bobp.org,,0
233,.416 Ruger,,CIP,US,1 rimless,2010-05-26,1900-01-01,https://bobp.cip-bobp.org/uploads/tdcc/tab-i/tabical-en-page147.pdf,0.0,55.37,56.93,65.53,0.0,0.0,84.84,1.27,13.51,0.0,3.25,12.07,0.94,35,0.0,45,0.0,13.52,13.08,60,66.69,0.76,3.18,11.28,11.25,10.58,0.0,0.38,75.38,4300.0,4945.0,5375.0,7275.0,104.3,25,0.0,55.23,56.79,65.78,0.0,13.58,0.0,0.0,0.0,3.25,0.0,13.54,13.1,60.0,66.58,0.76,3.18,0.0,11.28,9.85,10.59,90.0,0.34,5.42,1.5,0.0,10.36,10.57,3.25,6.0,356.0,86.38,0.0,0.1,0.0,0.0,0.55,2021-10-08,GRT,,,,,,cip-bobp.org,,0
234,.416 Taylor Mag.,,CIP,US,3 magnum,2008-04-15,2011-05-25,https://bobp.cip-bobp.org/uploads/tdcc/tab-iii/416-taylor-mag-en.pdf,0.0,51.75,52.92,63.5,0.0,0.0,84.84,1.27,13.51,13.51,5.59,12.07,0.94,35,0.0,45,0.0,13.01,12.47,50,65.12,0.81,1.27,11.38,11.35,10.57,0.0,0.3,73.35,4400.0,5060.0,5500.0,7400.0,92.3,25,0.0,51.9,53.06,63.88,0.0,13.59,0.0,13.59,0.0,5.59,0.0,13.06,12.49,50.0,65.29,0.5,0.5,11.41,11.38,9.85,10.59,131.0,0.18,5.46,1.5,0.0,10.36,10.57,3.25,6.0,254.0,86.38,0.0,0.1,0.0,0.0,0.5,2021-10-08,GRT,,,,,,cip-bobp.org,,0
235,.416 TYR,,CIP,TR,1 rimless,2014-05-22,1900-01-01,https://bobp.cip-bobp.org/uploads/tdcc/tab-i/416-tyr-en.pdf,0.0,64.06,69.0,80.3,0.0,0.0,118.5,2.0,17.78,0.0,5.31,15.0,1.92,45,0.0,45,0.0,17.78,16.8,56,79.86,1.0,3.2,11.55,11.55,10.57,0.0,0.3,92.39,4400.0,5060.0,5500.0,10500.0,194.0,25,0.0,64.03,68.95,80.8,0.0,17.83,0.0,0.0,0.0,5.31,0.0,17.81,16.83,56.0,79.86,1.0,3.5,11.6,11.58,12.09,10.59,90.0,0.5,5.5,1.0,0.0,10.36,10.57,3.25,6.0,330.2,86.38,0.0,0.1,0.0,0.0,0.5,2021-10-08,GRT,,,,,,cip-bobp.org,,0
236,.416 Weath. Mag.,.416 Weath.Mag.,CIP,US,3 magnum,1991-02-19,2004-05-18,https://bobp.cip-bobp.org/uploads/tdcc/tab-iii/tabiiical-en-page33.pdf,0.0,60.66,62.64,73.99,0.0,0.0,95.25,1.6,14.71,15.33,6.4,12.57,1.24,45,0.0,45,0.0,14.78,14.24,73.545000000000002,70.19,3.3,4.17,11.28,11.28,10.57,0.0,0.3,84.26,4400.0,5060.0,5500.0,9030.0,140.4,25,0.0,60.79,62.77,74.65,0.0,15.39,0.0,15.39,0.0,6.43,0.0,14.83,14.32,72.567,70.54,3.05,4.42,11.41,11.38,10.27,10.58,93.0,0.38,6.07,1.5,0.0,10.36,10.57,3.23,6.0,356.0,86.37,0.0,0.1,0.0,0.0,0.4,2021-10-08,GRT,,,,,,cip-bobp.org,,0
237,.44 Colt,,CIP,US,4 pistol/revolver,2000-02-15,2000-06-07,https://bobp.cip-bobp.org/uploads/tdcc/tab-iv/tabivcal-en-page70.pdf,0.0,0.0,0.0,27.94,0.0,0.0,38.1,1.52,13.06,0.0,0.0,0.0,0.0,0,0.0,35,0.0,11.58,0.0,0,0.0,0.0,0.0,0.0,11.55,11.25,0.0,0.5,39.56,1000.0,1150.0,1300.0,0.0,32.2,12.5,0.0,0.0,0.0,28.5,1.52,13.1,0.0,0.0,0.0,0.0,0.0,11.63,0.0,0.0,0.0,0.0,0.0,0.0,11.6,11.62,11.3,20.4,0.83,7.56,5.0,0.0,10.59,10.9,2.73,6.0,508.0,90.65,0.0,0.25,0.0,0.0,0.75,2021-10-08,GRT,,,,,,cip-bobp.org,,0
238,.44 Rem. Mag.,,CIP,US,4 pistol/revolver,1986-12-14,2000-06-07,https://bobp.cip-bobp.org/uploads/tdcc/tab-iv/44-rem-mag-200922-en.pdf,0.0,0.0,0.0,32.64,0.0,0.0,40.89,1.52,13.06,0.0,0.0,0.0,0.0,0,0.0,35,0.0,11.61,0.0,0,0.0,0.0,0.0,0.0,11.58,10.97,0.0,0.4,46.44,2800.0,3220.0,3640.0,0.0,39.7,17.5,0.0,0.0,0.0,33.23,1.52,13.18,0.0,0.0,0.0,0.0,0.0,11.66,0.0,0.0,0.0,0.0,0.0,0.0,11.63,13.8,10.99,22.2,1.63,11.51,5.0,0.0,10.59,10.9,2.73,6.0,508.0,90.65,0.0,0.25,0.0,0.0,0.75,2021-10-08,GRT,,,,,,cip-bobp.org,,0
239,.44 S&W Spl.,.44 S&W Special,CIP,US,4 pistol/revolver,1984-06-14,2000-06-07,https://bobp.cip-bobp.org/uploads/tdcc/tab-iv/tabivcal-en-page74.pdf,0.0,0.0,0.0,29.46,0.0,0.0,41.02,1.52,13.06,0.0,0.0,0.0,0.0,0,0.0,35,0.0,11.6,0.0,0,0.0,0.0,0.0,0.0,11.6,10.98,0.0,0.4,43.26,1000.0,1150.0,1300.0,0.0,35.2,17.5,0.0,0.0,0.0,30.06,1.52,13.16,0.0,0.0,0.0,0.0,0.0,11.66,0.0,0.0,0.0,0.0,0.0,0.0,11.63,13.8,10.99,22.2,1.63,11.51,5.0,0.0,10.59,10.9,3.26,5.0,508.0,90.65,0.0,0.25,0.0,0.0,0.75,2021-10-08,GRT,,,,,,cip-bobp.org,,0
240,.44 S&W,.44 S&W Russian,CIP,US,4 pistol/revolver,1984-06-14,2000-06-07,https://bobp.cip-bobp.org/uploads/tdcc/tab-iv/tabivcal-en-page73.pdf,0.0,0.0,0.0,24.64,0.0,0.0,36.32,1.52,13.08,0.0,0.0,0.0,0.0,0,0.0,35,0.0,11.61,0.0,0,0.0,0.0,0.0,0.0,11.59,10.98,0.0,0.5,38.23,1000.0,1150.0,1300.0,0.0,27.2,12.5,0.0,0.0,0.0,25.15,1.52,13.16,0.0,0.0,0.0,0.0,0.0,11.62,0.0,0.0,0.0,0.0,0.0,0.0,11.61,13.59,10.97,20.4,1.78,11.42,5.0,0.0,10.59,10.9,3.26,5.0,508.0,90.65,0.0,0.25,0.0,0.0,0.75,2021-10-08,GRT,,,,,,cip-bobp.org,,0
241,.44-40 Win.,,CIP,US,2 rimmed,1984-06-14,2002-05-15,https://bobp.cip-bobp.org/uploads/tdcc/tab-ii/tabiical-en-page108.pdf,0.0,23.58,25.79,33.15,0.0,0.0,40.44,1.65,13.34,0.0,0.0,0.0,0.0,0,0.0,35,0.0,11.97,11.6,8,106.52,5.08,5.08,11.29,11.25,10.85,0.0,0.38,37.31,1100.0,1265.0,1375.0,890.0,40.2,17.5,0.0,23.32,25.48,33.35,1.65,13.59,0.0,0.0,0.0,0.0,0.0,11.98,11.65,9.0,97.33,5.08,5.08,11.31,11.27,4.16,11.27,180.0,0.0,0.0,3.71666666666667,0.0,10.73,10.88,3.37,6.0,914.0,91.97,0.0,0.15,0.0,0.0,0.75,2021-10-08,GRT,,,,,,cip-bobp.org,,0
242,.444 Marlin,,CIP,US,2 rimmed,1984-06-14,2002-05-15,https://bobp.cip-bobp.org/uploads/tdcc/tab-ii/tabiical-en-page109.pdf,0.0,0.0,0.0,56.52,0.0,0.0,65.28,1.6,13.06,0.0,2.5,11.43,0.64,45,0.0,35,0.0,11.95,0.0,0,0.0,0.0,0.0,0.0,11.51,10.93,0.0,0.38,58.1,3550.0,4083.0,4440.0,3287.0,72.4,25,0.0,0.0,0.0,56.9,1.6,13.31,0.0,0.0,0.0,0.0,0.0,11.98,0.0,0.0,0.0,0.0,0.0,0.0,11.54,1.58,11.0,90.0,0.27,0.0,5.0,0.0,10.77,10.92,1.57,12.0,965.0,92.52,0.0,0.15,0.0,0.0,0.75,2021-10-08,GRT,,,,,,cip-bobp.org,,0
243,.45 Auto Rim,,CIP,US,4 pistol/revolver,1984-06-14,2000-06-07,https://bobp.cip-bobp.org/uploads/tdcc/tab-iv/tabivcal-en-page77.pdf,0.0,0.0,0.0,22.81,0.0,0.0,32.39,2.26,13.11,0.0,0.0,0.0,0.0,0,0.0,35,0.0,12.09,0.0,0,0.0,0.0,0.0,0.0,11.99,11.48,0.0,0.38,44.77,1200.0,1380.0,1560.0,0.0,26.1,12.5,0.0,0.0,0.0,22.86,2.29,13.21,0.0,0.0,0.0,0.0,0.0,12.18,0.0,0.0,0.0,0.0,0.0,0.0,12.01,21.96,11.57,180.0,0.0,20.15,4.56666666666667,0.0,11.28,11.46,3.96,6.0,406.0,102.12,0.0,0.25,0.0,0.0,0.75,2021-10-08,GRT,,,,,,cip-bobp.org,,0
244,.45 Auto,.45 ACP,CIP,US,4 pistol/revolver,1984-06-14,2000-06-07,https://bobp.cip-bobp.org/uploads/tdcc/tab-iv/45-auto-en-1.pdf,0.0,0.0,0.0,22.81,0.0,0.0,32.39,1.24,12.19,0.0,4.11,10.16,0.89,26,0.0,35,0.0,12.09,0.0,0,0.0,0.0,0.0,0.0,12.01,11.48,0.0,0.38,25.58,1300.0,1495.0,1690.0,0.0,27.8,12.5,0.0,0.0,0.0,22.81,0.0,12.22,0.0,0.0,0.0,5.08,0.0,12.18,0.0,0.0,0.0,0.0,0.0,0.0,12.04,2.77,11.48,180.0,0.0,0.0,2.56666666666667,0.0,11.23,11.43,3.73,6.0,406.0,101.33,0.0,0.3,0.0,0.0,0.75,2021-10-08,GRT,,,,,,cip-bobp.org,,0
245,.45 Blaser,,CIP,DE,1 rimless,2002-10-21,2005-12-07,https://bobp.cip-bobp.org/uploads/tdcc/tab-i/tabical-en-page148.pdf,0.0,40.74,42.5,55.0,0.0,0.0,68.5,1.37,12.01,0.0,4.39,10.39,1.2,36,0.0,35,0.0,13.03,12.98,19.978999999999999,77.59,0.5,0.5,12.36,12.36,11.64,0.0,0.38,59.19,3700.0,4255.0,4625.0,4650.0,84.3,25,0.0,40.66,42.42,55.25,0.0,12.03,0.0,0.0,0.0,4.41,0.0,13.08,13.02,19.967,77.62,0.5,0.5,12.4,12.38,4.19,11.66,90.0,0.36,2.0,3.0,0.0,11.43,11.63,3.81,6.0,356.0,104.94,0.0,0.15,0.0,0.0,0.5,2021-10-08,GRT,,,,,,cip-bobp.org,,0
246,.45 Colt,,CIP,US,4 pistol/revolver,1991-02-20,2000-06-07,https://bobp.cip-bobp.org/uploads/tdcc/tab-iv/tabivcal-en-page78.pdf,0.0,0.0,0.0,32.64,0.0,0.0,40.64,1.52,13.0,0.0,0.0,0.0,0.0,0,0.0,35,0.0,12.19,0.0,0,0.0,0.0,0.0,0.0,12.19,11.58,0.0,0.4,44.38,1100.0,1265.0,1430.0,0.0,41.8,12.5,0.0,0.0,0.0,32.89,1.52,13.11,0.0,0.0,0.0,0.0,0.0,12.37,0.0,0.0,0.0,0.0,0.0,0.0,12.19,11.74,11.57,15.5,2.28,9.6,4.56666666666667,0.0,11.23,11.43,3.96,6.0,406.0,101.48,0.0,0.25,0.0,0.0,0.75,2021-10-08,GRT,,,,,,cip-bobp.org,,0
247,.45 GAP,,CIP,AT,4 pistol/revolver,2003-06-05,2011-05-25,https://bobp.cip-bobp.org/uploads/tdcc/tab-iv/45-gap-en.pdf,0.0,0.0,0.0,19.3,0.0,0.0,28.89,1.24,11.94,0.0,4.11,10.16,0.89,26,0.0,35,0.0,12.09,0.0,0,0.0,0.0,0.0,0.0,12.01,11.48,0.0,0.38,25.53,1300.0,1495.0,1690.0,0.0,22.4,10.5,0.0,0.0,0.0,19.3,0.0,11.97,0.0,0.0,0.0,5.08,0.0,12.18,0.0,0.0,0.0,0.0,0.0,0.0,12.04,6.23,11.48,180.0,0.0,0.0,1.15,0.0,11.23,11.43,3.73,6.0,406.0,101.33,0.0,0.3,0.0,0.0,0.75,2021-10-08,GRT,,,,,,cip-bobp.org,,0
248,.45 HP,,CIP,AT,4 pistol/revolver,1984-11-16,2000-06-07,https://bobp.cip-bobp.org/uploads/tdcc/tab-iv/tabivcal-en-page81.pdf,0.0,0.0,0.0,21.8,0.0,0.0,31.4,1.24,12.05,0.0,4.11,10.16,0.89,26,0.0,45,0.0,12.09,0.0,0,0.0,0.0,0.0,0.0,12.01,11.48,0.0,0.44,24.57,1300.0,1495.0,1690.0,0.0,26.2,12.5,0.0,0.0,0.0,21.81,0.0,12.22,0.0,0.0,0.0,5.0,0.0,12.18,0.0,0.0,0.0,0.0,0.0,0.0,12.04,2.77,11.48,180.0,0.0,0.0,2.58333333333333,0.0,11.23,11.43,3.73,6.0,406.0,101.33,0.0,0.3,0.0,0.0,0.5,2021-10-08,GRT,,,,,,cip-bobp.org,,0
249,.45 S&W Schofield,,CIP,US,4 pistol/revolver,2000-02-15,2000-06-07,https://bobp.cip-bobp.org/uploads/tdcc/tab-iv/tabivcal-en-page82.pdf,0.0,0.0,0.0,27.69,0.0,0.0,36.32,1.52,12.95,0.0,0.0,0.0,0.0,0,0.0,35,0.0,12.19,0.0,0,0.0,0.0,0.0,0.0,12.19,11.58,0.0,0.4,38.97,1000.0,1150.0,1300.0,0.0,35.7,12.5,0.0,0.0,0.0,27.94,1.52,13.01,0.0,0.0,0.0,0.0,0.0,12.37,0.0,0.0,0.0,0.0,0.0,0.0,12.19,11.28,11.5,15.5,2.54,9.6,4.56666666666667,0.0,11.23,11.43,3.96,6.0,406.0,101.48,0.0,0.25,0.0,0.0,0.75,2021-10-08,GRT,,,,,,cip-bobp.org,,0
250,.45 Win. Mag.,,CIP,US,4 pistol/revolver,1984-06-14,2000-06-07,https://bobp.cip-bobp.org/uploads/tdcc/tab-iv/tabivcal-en-page84.pdf,0.0,0.0,0.0,30.43,0.0,0.0,40.01,1.24,12.19,0.0,3.38,10.54,0.9,32,0.0,35,0.0,12.1,0.0,0,0.0,0.0,0.0,0.0,12.01,11.48,0.0,0.38,33.2,2750.0,3163.0,3575.0,0.0,38.2,17.5,0.0,0.0,0.0,30.43,0.0,12.24,0.0,0.0,0.0,5.08,0.0,12.21,0.0,0.0,0.0,0.0,0.0,0.0,12.04,2.77,11.48,180.0,0.0,0.0,2.56666666666667,0.0,11.23,11.43,3.73,6.0,406.0,101.33,0.0,0.3,0.0,0.0,0.75,2021-10-08,GRT,,,,,,cip-bobp.org,,0
251,.45-60 Win.,,CIP,US,2 rimmed,2007-05-15,2008-04-15,https://bobp.cip-bobp.org/uploads/tdcc/tab-ii/tabiical-en-page110.pdf,0.0,33.1,36.67,48.01,0.0,0.0,57.28,1.63,15.98,0.0,0.0,0.0,0.0,0,0.0,35,0.0,12.85,12.41,1.926,402.3,0.0,0.0,12.29,12.26,11.66,0.0,0.3,49.39,1920.0,2208.0,2400.0,3500.0,65.8,25,0.0,33.19,36.28,48.5,1.63,16.03,0.0,0.0,0.0,0.0,0.0,12.88,12.44,2.217,353.52,0.0,0.0,12.32,12.29,1.38,11.69,180.0,0.0,0.0,5.36666666666667,0.0,11.43,11.58,3.58,6.0,508.0,104.25,0.0,0.15,0.0,0.0,0.75,2021-10-08,GRT,,,,,,cip-bobp.org,,0
252,.45-70 Elko Mag.,,CIP,BE,2 rimmed,1992-07-28,2002-05-15,https://bobp.cip-bobp.org/uploads/tdcc/tab-ii/tabiical-en-page111.pdf,0.0,0.0,0.0,66.0,0.0,0.0,87.3,1.78,15.44,0.0,0.0,0.0,0.0,0,0.0,45,0.0,12.88,0.0,0,0.0,0.0,0.0,0.0,12.22,11.66,0.0,0.38,94.15,2950.0,3393.0,3690.0,6400.0,100.0,25,0.0,0.0,0.0,66.3,1.78,15.6,0.0,0.0,0.0,0.0,0.0,12.91,0.0,0.0,0.0,0.0,0.0,0.0,12.27,28.15,11.91,90.0,0.18,0.0,0.483333333333333,0.0,11.43,11.58,3.58,6.0,508.0,104.25,0.0,0.15,0.0,0.0,0.75,2021-10-08,GRT,,,,,,cip-bobp.org,,0
253,.45-70 Govt.,,CIP,US,2 rimmed,1984-06-14,2002-05-15,https://bobp.cip-bobp.org/uploads/tdcc/tab-ii/tabiical-en-page112.pdf,0.0,0.0,0.0,53.47,0.0,0.0,64.77,1.78,15.44,0.0,0.0,0.0,0.0,0,0.0,35,0.0,12.84,0.0,0,0.0,0.0,0.0,0.0,12.19,11.63,0.0,0.38,55.22,2200.0,2530.0,2750.0,3414.0,79.3,25,0.0,0.0,0.0,53.59,1.78,15.7,0.0,0.0,0.0,0.0,0.0,12.91,0.0,0.0,0.0,0.0,0.0,0.0,12.22,1.75,12.22,0.0,0.0,0.0,12.75,0.0,11.43,11.58,3.58,6.0,508.0,104.25,0.0,0.15,0.0,0.0,0.75,2021-10-08,GRT,,,,,,cip-bobp.org,,0
254,.45-75 Win.,,CIP,US,2 rimmed,2007-05-15,2008-04-15,https://bobp.cip-bobp.org/uploads/tdcc/tab-ii/tabiical-en-page113.pdf,0.0,26.0,33.7,47.1,0.0,0.0,57.28,1.63,15.98,0.0,0.0,0.0,0.0,0,0.0,35,0.0,14.2,14.0,11.715999999999999,94.23,0.0,0.0,12.42,12.26,11.66,0.0,0.3,48.48,2050.0,2358.0,2563.0,3700.0,78.8,25,0.0,26.12,33.74,47.18,1.63,16.03,0.0,0.0,0.0,0.0,0.0,14.23,14.03,11.833,93.78,0.0,0.0,12.45,12.29,1.38,11.69,180.0,0.0,0.0,5.36666666666667,0.0,11.43,11.58,3.58,6.0,508.0,104.25,0.0,0.15,0.0,0.0,0.5,2021-10-08,GRT,,,,,,cip-bobp.org,,0
255,.45-90 WM,,CIP,DE,2 rimmed,2003-04-08,2004-09-27,https://bobp.cip-bobp.org/uploads/tdcc/tab-ii/tabiical-en-page114.pdf,0.0,0.0,0.0,60.96,0.0,0.0,82.0,1.73,15.44,0.0,0.0,0.0,0.0,0,0.0,0,0.0,12.82,0.0,0,0.0,0.0,0.0,0.0,12.22,11.63,0.0,0.0,70.3,2200.0,2530.0,2750.0,3650.0,91.5,25,0.0,0.0,0.0,61.6,1.73,15.5,0.0,0.0,0.0,0.0,0.0,12.85,0.0,0.0,0.0,0.0,0.0,0.0,12.25,9.34,11.91,90.0,0.17,0.0,1.48333333333333,0.0,11.43,11.58,3.58,6.0,508.0,104.25,0.0,0.15,0.0,0.0,0.75,2021-10-08,GRT,,,,,,cip-bobp.org,,0
256,.450 Bushmaster,,CIP,US,1 rimless,2010-05-26,1900-01-01,https://bobp.cip-bobp.org/uploads/tdcc/tab-i/tabical-en-page149.pdf,0.0,0.0,0.0,43.18,0.0,0.0,57.4,1.37,12.01,0.0,3.77,10.39,1.02,40,0.0,45,0.0,12.7,0.0,0,0.0,0.0,0.0,0.0,12.19,11.49,0.0,0.86,51.47,2700.0,3105.0,3375.0,3950.0,60.2,25,0.0,0.0,0.0,43.18,0.0,12.79,0.0,0.0,0.0,3.77,0.0,12.75,0.0,0.0,0.0,0.0,0.0,0.0,12.22,8.29,11.51,180.0,0.0,5.08,2.5,0.0,11.23,11.43,3.76,6.0,609.6,101.35,0.0,0.15,0.0,0.0,0.75,2021-10-08,GRT,,,,,,cip-bobp.org,,0
257,.450 Marlin,,CIP,US,3 magnum,2009-05-05,1900-01-01,https://bobp.cip-bobp.org/uploads/tdcc/tab-iii/tabiiical-en-page34.pdf,0.0,0.0,0.0,53.34,0.0,0.0,64.76,1.27,13.51,13.51,6.4,12.07,0.94,35,0.0,35,0.0,13.03,0.0,0,0.0,0.0,0.0,0.0,12.21,11.64,0.0,0.41,58.69,3300.0,3795.0,4125.0,4850.0,74.2,25,0.0,0.0,0.0,53.79,0.0,13.59,0.0,13.59,0.0,6.4,0.0,13.07,0.0,0.0,0.0,0.0,0.0,0.0,12.26,5.35,11.81,25.5,1.0,0.0,2.5,0.0,11.43,11.58,3.58,6.0,508.0,104.25,0.0,0.15,0.0,0.0,0.5,2021-10-08,GRT,,,,,,cip-bobp.org,,0
258,.450 N.E. 3\u0027\u0027 1/4,,CIP,GB,2 rimmed,2084-06-14,2013-05-22,450-ne-3-1-4-en.pdf,0.0,0.0,0.0,82.55,0.0,0.0,100.33,1.07,15.85,0.0,0.0,0.0,0.0,0,0.0,0,0.0,13.84,0.0,0,0.0,0.0,0.0,0.0,12.22,11.63,0.0,0.0,0.0,3050.0,3508.0,3810.0,7000.0,126.9,25,0.0,0.0,0.0,82.8,1.09,16.1,0.0,0.0,0.0,0.0,0.0,13.87,0.0,0.0,0.0,0.0,0.0,0.0,12.24,4.77,11.68,90.0,0.28,0.0,1.58,0.0,11.43,11.61,0.0,7.0,0.0,104.89,0.0,0.15,0.0,0.0,0.5,2021-10-08,GRT,,,,,,,,0
259,.450 N.E.,,CIP,GB,2 rimmed,1984-06-14,2013-05-22,450-ne-3-1-4-ge.pdf,0.0,0.0,0.0,82.55,0.0,0.0,100.33,1.07,15.85,0.0,0.0,0.0,0.0,0,0.0,0,0.0,13.84,0.0,0,0.0,0.0,0.0,0.0,12.22,11.63,0.0,0.0,87.32,3050.0,3508.0,3810.0,7000.0,130.4,25,0.0,0.0,0.0,0.0,0.0,0.0,0.0,0.0,0.0,0.0,0.0,0.0,0.0,0.0,0.0,0.0,0.0,0.0,0.0,0.0,0.0,0.0,0.0,0.0,0.0,0.0,11.43,11.61,3.56,7.0,381.0,104.89,0.0,0.0,0.0,0.0,0.5,2021-10-08,GRT,,,,,,cip-bobp.org,,0
260,.450 No.2 N.E. 3\u0027\u00271/2 Eley,,CIP,GB,2 rimmed,2098-01-27,2002-05-15,tabiical-en-page116.pdf,0.0,72.39,77.47,88.9,0.0,0.0,109.98,2.03,16.76,0.0,0.0,0.0,0.0,0,0.0,0,0.0,14.35,13.97,19.317,0.0,0.0,0.0,12.24,12.24,11.63,0.0,0.0,0.0,2800.0,3220.0,3500.0,7140.0,162.6,25,0.0,73.66,78.74,90.17,2.08,17.01,0.0,0.0,0.0,0.0,0.0,14.48,14.09,20.08,113.43,0.0,0.0,12.29,12.29,4.77,11.68,90.0,0.31,0.0,1.6,0.0,11.43,11.61,0.0,7.0,0.0,104.89,0.0,0.15,0.0,0.0,0.5,2021-10-08,GRT,,,,,,,,0
261,.450 Rigby,,CIP,GB,1 rimless,2000-02-15,2007-05-14,https://bobp.cip-bobp.org/uploads/tdcc/tab-i/450-rigby-en.pdf,0.0,59.5,60.69,73.5,0.0,0.0,95.25,1.65,14.99,0.0,3.81,12.7,0.81,39.93,0.0,0,0.0,14.96,14.5,80.082999999999998,68.13,0.0,0.0,12.5,12.38,11.66,0.0,0.0,81.89,4000.0,4600.0,5000.0,8715.0,137.3,25,0.0,59.48,60.67,73.8,1.65,15.04,0.0,0.0,0.0,3.81,0.0,14.99,14.53,80.067,68.13,0.0,0.0,12.53,12.41,8.39,11.68,89.217,0.37,6.0,2.98333333333333,0.0,11.43,11.63,3.6,6.0,420.0,104.8,0.0,0.1,0.0,0.0,0.5,2021-10-08,GRT,,,,,,cip-bobp.org,,0
262,.450 SCH,450 Schuster,CIP,CH,4 pistol/revolver,2013-05-22,1900-01-01,https://bobp.cip-bobp.org/uploads/tdcc/tab-iv/450-sch-en.pdf,0.0,0.0,0.0,23.81,0.0,0.0,32.39,1.27,12.11,0.0,3.38,10.16,1.14,45,0.0,35,0.0,12.09,0.0,0,0.0,0.0,0.0,0.0,12.04,11.48,0.0,0.38,27.9,2250.0,2588.0,2925.0,0.0,29.6,12.5,0.0,0.0,0.0,23.81,0.0,12.17,0.0,0.0,0.0,3.38,0.0,12.19,0.0,0.0,0.0,0.0,0.0,0.0,12.05,4.09,11.48,180.0,0.0,0.0,1.75,0.0,11.23,11.43,3.73,6.0,406.0,101.33,0.0,0.3,0.0,0.0,0.75,2021-10-08,GRT,,,,,,cip-bobp.org,,0
263,.450 Short,,CIP,GB,4 pistol/revolver,1984-06-14,2000-06-07,https://bobp.cip-bobp.org/uploads/tdcc/tab-iv/tabivcal-en-page85.pdf,0.0,0.0,0.0,17.6,0.0,0.0,28.5,1.1,12.95,0.0,0.0,0.0,0.0,0,0.0,45,0.0,12.18,0.0,0,0.0,0.0,0.0,0.0,12.17,11.58,0.0,0.3,20.27,720.0,828.0,936.0,0.0,17.1,8,0.0,0.0,0.0,17.8,1.1,13.0,0.0,0.0,0.0,0.0,0.0,12.22,0.0,0.0,0.0,0.0,0.0,0.0,12.2,2.67,11.58,90.0,0.31,0.0,4.0,0.0,11.25,11.48,3.78,5.0,500.0,101.6,0.0,0.25,0.0,0.0,0.75,2021-10-08,GRT,,,,,,cip-bobp.org,,0
264,.454 Casull,,CIP,US,4 pistol/revolver,1995-03-09,2015-05-19,https://bobp.cip-bobp.org/uploads/tdcc/tab-iv/454-casull-en.pdf,0.0,0.0,0.0,35.5,0.0,0.0,44.83,1.52,13.1,0.0,2.4,11.65,0.0,15.26,0.0,0,0.0,12.13,0.0,0,0.0,0.0,0.0,0.0,12.12,11.49,0.0,0.4,46.78,3900.0,4485.0,5070.0,0.0,48.0,17.5,0.0,0.0,0.0,35.74,1.52,13.11,0.0,0.0,0.0,0.0,0.0,12.18,0.0,0.0,0.0,0.0,0.0,0.0,12.13,11.28,11.49,60.0,0.55,9.6,4.41666666666667,0.0,11.23,11.43,4.06,6.0,508.0,101.54,0.0,0.25,0.0,0.0,0.75,2021-10-08,GRT,,,,,,cip-bobp.org,,0
265,.455 MK II,,CIP,GB,4 pistol/revolver,1984-06-14,2007-05-14,https://bobp.cip-bobp.org/uploads/tdcc/tab-iv/tabivcal-en-page87.pdf,0.0,0.0,0.0,19.5,0.0,0.0,32.0,1.0,13.5,0.0,0.0,0.0,0.0,0,0.0,45,0.0,12.15,0.0,0,0.0,0.0,0.0,0.0,12.14,11.57,0.0,0.38,23.15,900.0,1035.0,1170.0,0.0,19.1,7.5,0.0,0.0,0.0,20.0,1.0,13.55,0.0,0.0,0.0,0.0,0.0,12.2,0.0,0.0,0.0,0.0,0.0,0.0,12.16,3.65,11.58,20.0,1.65,0.0,4.0,0.0,11.3,11.55,3.8,7.0,500.0,103.68,0.0,0.25,0.0,0.0,0.75,2021-10-08,GRT,,,,,,cip-bobp.org,,0
266,.458 Lott,,CIP,US,3 magnum,2000-08-24,2006-05-16,https://bobp.cip-bobp.org/uploads/tdcc/tab-iii/458-lott-en.pdf,0.0,0.0,0.0,71.12,0.0,0.0,91.44,1.27,13.51,13.51,5.59,12.07,0.94,35,0.0,35,0.0,13.03,0.0,0,0.0,0.0,0.0,0.0,12.22,11.66,0.0,0.41,79.22,4300.0,4945.0,5375.0,7140.0,105.9,25,0.0,0.0,0.0,71.37,0.0,13.56,0.0,13.56,0.0,5.59,0.0,13.05,0.0,0.0,0.0,0.0,0.0,0.0,12.27,8.1,11.66,90.0,0.31,4.83,2.0,0.0,11.43,11.63,3.81,6.0,254.0,104.94,0.0,0.1,0.0,0.0,0.5,2021-10-08,GRT,,,,,,cip-bobp.org,,0
267,.458 SOCOM,,WildCat,US,1 rimless,1991-10-18,0000-00-00,,0.0,30.15,31.24,40.0,0.0,0.0,57.4,1.5,13.06,0.0,3.94,11.7,0.95,35,0.0,45,0.0,13.79,13.49,54,0.0,0.0,0.0,12.34,12.24,11.63,0.0,0.5,36.19,2413.16505260875,2645.0,2990.0,0.0,62.6,10.5,0.0,0.0,0.0,0.0,0.0,0.0,0.0,0.0,0.0,0.0,0.0,0.0,0.0,0.0,0.0,0.0,0.0,0.0,0.0,0.0,0.0,0.0,0.0,0.0,0.0,0.0,11.43,11.63,3.58,6.0,355.6,104.25,0.0,0.0,0.0,0.0,0.75,2021-10-08,GRT,,,,,,cip-bobp.org,,0
268,.458 Win. Mag.,,CIP,US,3 magnum,1984-06-14,2002-05-15,https://bobp.cip-bobp.org/uploads/tdcc/tab-iii/tabiiical-en-page36.pdf,0.0,0.0,0.0,63.5,0.0,0.0,84.84,1.27,13.51,13.51,5.59,12.07,0.94,35,0.0,35,0.0,13.03,0.0,0,0.0,0.0,0.0,0.0,12.22,11.66,0.0,0.41,91.65,4300.0,4945.0,5375.0,6615.0,95.3,25,0.0,0.0,0.0,64.01,0.0,13.59,0.0,13.59,0.0,5.59,0.0,13.08,0.0,0.0,0.0,0.0,0.0,0.0,12.27,28.15,11.91,90.0,0.18,0.0,0.483333333333333,0.0,11.43,11.63,3.81,6.0,356.0,104.94,0.0,0.1,0.0,0.0,0.5,2021-10-08,GRT,,,,,,cip-bobp.org,,0
269,.460 S&W Mag.,,CIP,US,4 pistol/revolver,2006-05-16,2008-04-15,https://bobp.cip-bobp.org/uploads/tdcc/tab-iv/tabivcal-en-page88.pdf,0.0,0.0,0.0,45.72,0.0,0.0,58.12,1.5,13.21,0.0,2.68,11.56,0.89,45,0.0,35,0.0,12.14,0.0,0,0.0,0.0,0.0,0.0,12.14,11.49,0.0,0.41,61.24,3950.0,4543.0,5135.0,0.0,63.2,25,0.0,0.0,0.0,45.97,1.52,13.31,0.0,0.0,0.0,0.0,0.0,12.19,0.0,0.0,0.0,0.0,0.0,0.0,12.17,15.52,11.48,13.0,3.03,14.27,4.58333333333333,0.0,11.28,11.46,3.66,5.0,508.0,101.61,0.0,0.25,0.0,0.0,0.75,2021-10-08,GRT,,,,,,cip-bobp.org,,0
270,.460 Steyr,,CIP,AT,1 rimless,2006-05-16,1900-01-01,https://bobp.cip-bobp.org/uploads/tdcc/tab-i/tabical-en-page151.pdf,0.0,71.4,76.53,90.0,0.0,0.0,140.0,2.26,20.42,0.0,6.23,17.27,1.8,36,11.43,45,0.0,20.42,18.25,56.648000000000003,88.33,1.0,3.0,12.72,12.72,11.65,0.0,0.84,105.3,3700.0,4255.0,4625.0,15000.0,263.6,40,0.0,71.43,76.56,91.0,0.0,20.52,0.0,0.0,0.0,6.23,0.0,20.45,18.3,55.95,88.66,1.0,3.0,12.85,12.75,15.3,11.65,0.0,0.55,6.5,0.7,0.0,11.43,11.63,3.81,6.0,356.0,104.94,0.0,0.15,0.0,0.0,0.45,2021-10-08,GRT,,,,,,cip-bobp.org,,0
271,.460 Weath. Mag.,,CIP,US,3 magnum,1984-06-14,2002-05-15,https://bobp.cip-bobp.org/uploads/tdcc/tab-iii/tabiiical-en-page37.pdf,0.0,60.39,62.17,73.99,0.0,0.0,95.25,1.6,14.71,15.33,6.4,12.57,1.24,45,0.0,45,0.0,14.78,14.24,56.265999999999998,73.71,3.3,4.72,12.34,12.34,11.64,0.0,0.3,98.71,4400.0,5060.0,5500.0,10605.0,141.5,25,0.0,60.56,62.24,74.65,0.0,15.39,0.0,15.39,0.0,6.43,0.0,14.83,14.32,56.083,74.0,3.05,4.62,12.53,12.47,24.72,11.64,90.0,0.42,19.2,1.08333333333333,0.0,11.43,11.63,4.45,6.0,406.0,104.44,0.0,0.1,0.0,0.0,0.45,2021-10-08,GRT,,,,,,cip-bobp.org,,0
272,.465 H&H Belt. Mag.,,CIP,GB,3 magnum,2006-09-19,1900-01-01,https://bobp.cip-bobp.org/uploads/tdcc/tab-iii/tabiiical-en-page38.pdf,0.0,53.5,58.93,73.5,0.0,0.0,90.0,1.6,14.71,15.33,6.4,12.57,1.24,45,0.0,45,0.0,14.78,13.5,9.999000000000001,130.66,0.5,0.5,12.55,12.55,11.89,0.0,0.3,83.27,4300.0,4945.0,5375.0,8300.0,134.3,25,0.0,53.28,58.65,73.8,1.6,15.39,0.0,15.39,0.0,6.43,0.0,14.81,13.53,10.0,130.57,0.5,0.5,12.59,12.58,9.77,11.9,90.0,0.34,5.0,1.43333333333333,0.0,11.66,11.89,3.25,8.0,356.0,109.81,0.0,0.1,0.0,0.0,0.5,2021-10-08,GRT,,,,,,cip-bobp.org,,0
273,.470 N.E.,,CIP,GB,2 rimmed,1984-06-14,2013-05-22,https://bobp.cip-bobp.org/uploads/tdcc/tab-ii/470-ne-en.pdf,0.0,60.96,63.5,82.55,0.0,0.0,101.09,1.02,16.64,0.0,0.0,0.0,0.0,0,0.0,45,0.0,14.55,13.49,14.361000000000001,114.5,6.35,6.35,12.85,12.8,12.04,0.0,0.3,91.51,2700.0,3105.0,3375.0,6957.0,146.4,25,0.0,60.99,63.53,82.8,1.04,16.89,0.0,0.0,0.0,0.0,0.0,14.58,13.51,14.133,115.46,0.0,0.0,12.88,12.83,8.96,12.1,90.0,0.37,0.0,0.833333333333333,0.0,11.85,12.05,3.48,7.0,533.0,112.76,0.0,0.15,0.0,0.0,0.75,2021-10-08,GRT,,,,,,cip-bobp.org,,0
274,.475 LINEBAUGH,,CIP,US,4 pistol/revolver,2003-02-17,2004-09-27,https://bobp.cip-bobp.org/uploads/tdcc/tab-iv/tabivcal-en-page89.pdf,0.0,0.0,0.0,35.16,0.0,0.0,44.43,1.78,13.77,0.0,0.0,11.65,0.0,0,0.0,45,0.0,12.8,0.0,0,0.0,0.0,0.0,0.0,12.8,12.08,0.0,0.38,46.58,3450.0,3968.0,4485.0,0.0,50.2,17.5,0.0,0.0,0.0,35.74,1.8,13.87,0.0,0.0,0.0,0.0,0.0,12.86,0.0,0.0,0.0,0.0,0.0,0.0,12.81,11.42,12.08,10.0,4.17,9.88,5.0,0.0,11.81,12.07,4.06,6.0,457.0,112.78,0.0,0.25,0.0,0.0,0.75,2021-10-08,GRT,,,,,,cip-bobp.org,,0
275,.480 Ruger,,CIP,US,4 pistol/revolver,2003-02-17,2004-09-27,https://bobp.cip-bobp.org/uploads/tdcc/tab-iv/480-ruger-en.pdf,0.0,0.0,0.0,32.64,0.0,0.0,41.91,1.78,13.77,0.0,0.0,0.0,0.0,0,0.0,45,0.0,12.8,0.0,0,0.0,0.0,0.0,0.0,12.8,12.08,0.0,0.38,44.06,3300.0,3795.0,4290.0,0.0,44.2,17.5,0.0,0.0,0.0,33.22,1.8,13.87,0.0,0.0,0.0,0.0,0.0,12.86,0.0,0.0,0.0,0.0,0.0,0.0,12.81,11.42,12.08,10.0,4.17,9.88,5.0,0.0,11.81,12.07,4.06,6.0,457.0,112.78,0.0,0.25,0.0,0.0,0.75,2021-10-08,GRT,,,,,,cip-bobp.org,,0
276,.50 AE,,CIP,IL,4 pistol/revolver,1991-10-18,2000-06-07,https://bobp.cip-bobp.org/uploads/tdcc/tab-iv/tabivcal-en-page91.pdf,0.0,0.0,0.0,32.64,0.0,0.0,40.5,1.5,13.06,0.0,3.94,11.7,0.95,35,0.0,45,0.0,13.79,0.0,0,0.0,0.0,0.0,0.0,13.5,12.71,0.0,0.5,36.19,2300.0,2645.0,2990.0,0.0,51.2,10.5,0.0,0.0,0.0,32.64,0.0,13.96,0.0,0.0,0.0,5.14,0.0,13.89,0.0,0.0,0.0,0.0,0.0,0.0,13.52,3.55,12.75,180.0,0.0,0.0,2.56666666666667,0.0,12.43,12.73,3.43,6.0,482.6,124.29,0.0,0.3,0.0,0.0,0.75,2021-10-08,GRT,,,,,,cip-bobp.org,,0
277,.50 Browning,12.7 x 99,CIP,US,1 rimless,1995-05-31,2010-05-26,https://bobp.cip-bobp.org/uploads/tdcc/tab-i/50-browning-en.pdf,0.0,76.34,83.3,99.31,0.0,0.0,138.43,2.26,20.42,0.0,6.23,17.27,1.8,36,0.0,45,0.0,20.42,18.14,31.466999999999999,108.54,0.0,0.0,14.22,14.22,12.98,0.0,0.84,132.5,3700.0,4255.0,4625.0,15000.0,305.0,25,0.0,76.02,82.82,99.7,0.0,20.52,0.0,0.0,0.0,5.08,0.0,20.45,18.16,31.467,108.25,0.0,0.0,14.33,14.28,33.21,13.16,30.0,2.09,8.64,0.566666666666667,0.0,12.66,12.93,3.43,8.0,381.0,129.63,0.0,0.15,0.0,0.0,0.5,2021-10-08,GRT,,,,,,cip-bobp.org,,0
278,.50-70 Govt.,50-70 Musket,CIP,US,2 rimmed,2017-05-17,2017-05-17,https://bobp.cip-bobp.org/uploads/tdcc/tab-ii/50-70-govt-170428-en.pdf,0.0,0.0,0.0,45.01,0.0,0.0,57.15,1.78,16.92,0.0,0.0,0.0,0.0,0,0.0,45,0.0,14.48,0.0,0,0.0,0.0,0.0,0.0,13.73,13.08,0.0,0.38,0.0,2100.0,2415.0,2625.0,5000.0,82.8,25,0.0,0.0,0.0,45.13,1.78,17.18,0.0,0.0,0.0,0.0,0.0,14.55,0.0,0.0,0.0,0.0,0.0,0.0,13.76,1.9,13.54,0.0,0.0,0.0,15.0166666666667,0.0,12.52,13.03,3.75,6.0,508.0,128.93,0.0,0.15,0.0,0.0,0.5,2021-10-08,GRT,,,,,,,,0
279,.50-95 Win.,,CIP,US,2 rimmed,2009-05-05,1900-01-01,https://bobp.cip-bobp.org/uploads/tdcc/tab-ii/tabiical-en-page122.pdf,0.0,36.63,38.55,49.28,0.0,0.0,57.4,1.57,15.93,0.0,0.0,0.0,0.0,0,0.0,35,0.0,14.27,14.05,12.779,99.36,2.54,2.54,13.62,13.62,13.03,0.0,0.3,51.39,2100.0,2415.0,2625.0,5000.0,89.4,25,0.0,36.53,38.32,49.78,1.57,15.98,0.0,0.0,0.0,0.0,0.0,14.3,14.08,12.75,99.54,0.0,0.0,13.68,13.65,2.11,13.65,0.0,0.0,0.0,15.0,0.0,12.52,13.03,3.75,6.0,508.0,128.93,0.0,0.15,0.0,0.0,0.5,2021-10-08,GRT,,,,,,cip-bobp.org,,0
280,.500 Jeffery,,CIP,GB,1 rimless,1999-01-12,2002-05-15,https://bobp.cip-bobp.org/uploads/tdcc/tab-i/tabical-en-page153.pdf,0.0,57.61,61.52,69.85,0.0,0.0,88.09,1.32,14.61,0.0,3.73,13.77,1.0,34.659999999999997,0.0,45,0.0,15.72,15.42,25.228000000000002,92.06,0.0,0.0,13.67,13.61,12.95,0.0,0.3,80.26,3300.0,3795.0,4125.0,9660.0,160.6,25,0.0,57.48,61.39,70.23,1.32,15.77,0.0,0.0,0.0,3.73,0.0,15.77,15.47,24.933,92.44,0.0,0.0,13.74,13.69,10.41,12.98,90.0,0.36,0.0,0.783333333333333,0.0,12.7,12.97,4.45,6.0,508.0,130.36,0.0,0.15,0.0,0.0,0.5,2021-10-08,GRT,,,,,,cip-bobp.org,,0
281,.500 N.E. 3\u0027\u0027,,CIP,GB,2 rimmed,2084-06-14,2005-07-20,https://bobp.cip-bobp.org/uploads/tdcc/tab-ii/500-n-e-3-en.pdf,0.0,0.0,0.0,76.2,0.0,0.0,95.25,1.02,16.64,0.0,0.0,0.0,0.0,0,0.0,0,0.0,14.58,0.0,0,0.0,0.0,0.0,0.0,13.51,12.95,0.0,0.0,0.0,2800.0,3220.0,3500.0,8400.0,144.4,25,0.0,0.0,0.0,76.45,1.04,16.89,0.0,0.0,0.0,0.0,0.0,14.61,0.0,0.0,0.0,0.0,0.0,0.0,13.54,9.82,13.0,90.0,0.27,0.0,0.883333333333333,0.0,12.7,13.0,3.61,7.0,381.0,130.52,0.0,0.15,0.0,0.0,0.5,2021-10-08,GRT,,,,,,,,0
282,.500 S&W Mag.,,CIP,US,4 pistol/revolver,2004-05-18,2014-05-20,https://bobp.cip-bobp.org/uploads/tdcc/tab-iv/500-s-w-mag-en.pdf,0.0,0.0,0.0,41.28,0.0,0.0,58.42,1.5,14.22,0.0,3.28,12.19,1.14,45,0.0,35,0.0,13.46,0.0,0,0.0,0.0,0.0,0.0,13.46,12.7,0.0,0.26,59.98,3700.0,4255.0,4810.0,0.0,68.7,23,0.0,0.0,0.0,41.79,1.5,14.35,0.0,0.0,0.0,0.0,0.0,13.54,0.0,0.0,0.0,0.0,0.0,0.0,13.49,18.7,12.7,10.0,4.51,16.83,4.58333333333333,0.0,12.4,12.66,3.3,6.0,476.3,123.37,0.0,0.25,0.0,0.0,0.65,2021-10-08,GRT,,,,,,cip-bobp.org,,0
283,.500 TLD,13 x 94,CIP,FR,1 rimless,2018-10-17,2018-10-17,https://bobp.cip-bobp.org/uploads/tdcc/tab-i/500-tdl-180724-en.pdf,0.0,76.34,83.3,94.31,0.0,0.0,138.43,2.26,20.42,0.0,5.08,17.27,1.8,36,0.0,45,0.0,20.42,18.14,31.466999999999999,108.54,0.0,0.0,14.22,14.22,12.98,0.0,0.84,0.0,3700.0,4255.0,4625.0,15000.0,289.9,25,0.0,76.02,82.82,94.7,0.0,20.52,0.0,0.0,0.0,5.08,0.0,20.45,18.16,31.467,108.25,0.0,0.0,14.33,14.28,33.21,13.16,30.0,2.09,8.64,0.566666666666667,0.0,12.66,12.93,3.43,8.0,381.0,129.63,0.0,0.15,0.0,0.0,0.5,2021-10-08,GRT,,,,,,,,0
284,.500/465 N.E.,,CIP,GB,2 rimmed,1984-06-14,2002-05-15,https://bobp.cip-bobp.org/uploads/tdcc/tab-ii/tabiical-en-page125.pdf,0.0,55.88,66.04,82.55,0.0,0.0,99.06,1.02,16.64,0.0,0.0,0.0,0.0,0,0.0,0,0.0,14.58,13.56,5.691,192.29,0.0,0.0,12.55,12.47,11.89,0.0,0.0,93.15,2450.0,2818.0,3060.0,6372.0,144.4,25,0.0,55.91,66.07,82.8,1.04,16.89,0.0,0.0,0.0,0.0,0.0,14.61,13.59,5.733,191.28,0.0,0.0,12.57,12.5,10.6,11.95,90.0,0.28,0.0,0.816666666666667,0.0,11.65,11.87,2.54,7.0,711.0,108.57,0.0,0.15,0.0,0.0,0.5,2021-10-08,GRT,,,,,,cip-bobp.org,,0
285,.505 Mag. Gibbs,,CIP,GB,1 rimless,1984-06-14,2002-05-15,https://bobp.cip-bobp.org/uploads/tdcc/tab-i/tabical-en-page154.pdf,0.0,62.43,63.45,80.01,0.0,0.0,97.79,1.65,16.26,0.0,4.06,14.22,1.02,36.310000000000002,0.0,0,0.0,16.26,15.24,75.164000000000001,72.33,0.0,0.0,13.67,13.59,12.83,0.0,0.0,88.98,2700.0,3105.0,3375.0,7040.0,181.3,25,0.0,62.38,63.4,80.31,1.65,16.31,0.0,0.0,0.0,4.06,0.0,16.28,15.27,75.5,72.24,0.0,0.0,13.69,13.61,8.97,12.85,90.0,0.38,0.0,1.0,0.0,12.55,12.8,5.33,5.0,406.0,127.14,0.0,0.0,0.0,0.0,0.5,2021-10-08,GRT,,,,,,cip-bobp.org,,0
286,.510 DTC,,CIP,GB,1 rimless,2004-05-18,2004-09-27,https://bobp.cip-bobp.org/uploads/tdcc/tab-i/tabical-en-page155.pdf,0.0,72.04,79.48,96.14,0.0,0.0,137.47,2.26,20.42,0.0,6.2,17.27,1.8,36,0.0,45,0.0,20.38,19.28,37.561999999999998,100.39,3.18,5.08,14.22,14.22,12.98,0.0,0.84,108.53,3600.0,4140.0,4500.0,14870.0,300.2,25,0.0,72.21,79.73,96.52,2.26,20.52,0.0,0.0,0.0,7.62,0.0,20.37,19.31,36.633,101.37,3.18,6.35,14.33,14.28,12.39,12.99,29.95,2.41,5.72,1.41666666666667,0.0,12.66,12.93,3.43,8.0,381.0,129.63,0.0,0.15,0.0,0.0,0.5,2021-10-08,GRT,,,,,,cip-bobp.org,,0
287,.56/50 Spencer,,CIP,US,2 rimmed,2004-05-18,2004-09-27,https://bobp.cip-bobp.org/uploads/tdcc/tab-ii/56-50-spencer-en-210430.pdf,0.0,28.04,29.44,29.44,0.0,0.0,38.56,1.55,16.13,0.0,0.0,0.0,0.0,0,0.0,0,0.0,14.3,13.75,10.183,105.2,0.5,0.0,13.5,13.5,13.0,0.0,0.0,0.0,2050.0,2358.0,2560.0,1950.0,48.5,17.5,0.0,0.0,0.0,29.55,1.55,16.2,0.0,0.0,0.0,0.0,0.0,14.32,0.0,0.0,0.0,0.0,0.0,0.0,13.77,10.32,13.03,30.0,1.38,9.7,15.0,0.0,12.7,12.95,3.5,6.0,508.0,129.34,0.0,0.15,0.0,0.0,0.5,2021-10-08,GRT,,,,,,cip-bobp.org,,0
288,.577 Sld. Snider,,CIP,GB,2 rimmed,1984-06-14,2002-05-15,https://bobp.cip-bobp.org/uploads/tdcc/tab-ii/tabiical-en-page129.pdf,0.0,34.57,37.11,50.8,0.0,0.0,62.74,1.27,19.05,0.0,0.0,0.0,0.0,0,0.0,0,0.0,16.89,16.0,15.247999999999999,94.33,0.0,0.0,15.32,15.32,14.58,0.0,0.0,58.23,1500.0,1725.0,1875.0,2290.0,118.2,25,0.0,34.59,37.13,51.05,1.3,19.3,0.0,0.0,0.0,0.0,0.0,16.92,16.03,15.467,93.6,0.0,0.0,15.34,15.34,7.43,14.6,90.0,0.37,0.0,1.5,0.0,14.23,14.58,0.0,0.0,508.0,159.04,0.0,0.15,0.0,0.0,0.7,2021-10-08,GRT,,,,,,cip-bobp.org,,0
289,.577/450 Sld. Mart. H.,.577/450 Sld. Mart.H.,CIP,GB,2 rimmed,1984-06-14,2002-05-15,https://bobp.cip-bobp.org/uploads/tdcc/tab-ii/tabiical-en-page127.pdf,0.0,35.71,41.17,59.08,0.0,0.0,81.28,1.27,19.3,0.0,0.0,0.0,0.0,0,0.0,0,0.0,17.07,16.15,31.599,64.25,0.0,9.14,13.06,12.83,11.81,0.0,0.0,74.74,1750.0,2013.0,2190.0,2532.0,123.0,25,0.0,35.74,41.2,59.33,1.3,19.56,0.0,0.0,0.0,0.0,0.0,17.09,16.18,31.683,64.24,0.0,0.0,13.08,12.85,15.66,11.88,90.0,0.49,0.0,1.0,0.0,11.35,11.8,0.0,0.0,508.0,101.18,0.0,0.15,0.0,0.0,0.5,2021-10-08,GRT,,,,,,cip-bobp.org,,0
290,.600 N.E.,,CIP,GB,2 rimmed,1984-06-14,2002-05-15,https://bobp.cip-bobp.org/uploads/tdcc/tab-ii/tabiical-en-page130.pdf,0.0,0.0,0.0,76.2,0.0,0.0,93.98,1.65,20.57,0.0,0.0,0.0,0.0,0,0.0,0,0.0,17.78,0.0,0,0.0,0.0,0.0,0.0,16.51,15.75,0.0,0.0,86.89,2450.0,2818.0,3060.0,10323.0,211.3,25,0.0,0.0,0.0,76.45,1.68,20.83,0.0,0.0,0.0,0.0,0.0,17.81,0.0,0.0,0.0,0.0,0.0,0.0,16.54,10.69,15.78,90.0,0.38,0.0,1.08333333333333,0.0,15.39,15.7,4.09,7.0,762.0,190.51,0.0,0.15,0.0,0.0,0.5,2021-10-08,GRT,,,,,,cip-bobp.org,,0
291,.700 H&H Nitro Exp.,,CIP,GB,2 rimmed,1992-04-06,2002-05-15,https://bobp.cip-bobp.org/uploads/tdcc/tab-ii/tabiical-en-page131.pdf,0.0,0.0,0.0,88.9,0.0,0.0,106.68,2.16,22.6,0.0,0.0,0.0,0.0,0,0.0,45,0.0,19.86,0.0,0,0.0,0.0,0.0,0.0,18.54,17.78,0.0,0.6,99.06,2750.0,3163.0,3440.0,14325.0,320.0,25,0.0,0.0,0.0,89.15,2.18,22.86,0.0,0.0,0.0,0.0,0.0,19.89,0.0,0.0,0.0,0.0,0.0,0.0,18.57,10.16,17.81,180.0,0.0,0.0,0.916666666666667,0.0,17.48,17.78,5.23,8.0,737.0,246.35,0.0,0.15,0.0,0.0,0.75,2021-10-08,GRT,,,,,,cip-bobp.org,,0
292,10 mm Auto,,CIP,SE,4 pistol/revolver,1984-10-03,2012-05-30,https://bobp.cip-bobp.org/uploads/tdcc/tab-iv/10-mm-auto-en.pdf,0.0,0.0,0.0,25.2,0.0,0.0,32.0,1.4,10.8,0.0,3.54,8.81,1.14,45,0.0,55,0.0,10.8,0.0,0,0.0,0.0,0.0,0.0,10.74,10.17,0.0,0.51,33.6,2300.0,2645.0,2990.0,0.0,24.2,12.5,0.0,0.0,0.0,25.2,0.0,10.9,0.0,0.0,0.0,3.54,0.0,10.88,0.0,0.0,0.0,0.0,0.0,0.0,10.77,8.4,10.19,180.0,0.0,3.05,1.5,0.0,9.91,10.17,3.05,6.0,406.4,79.55,0.0,0.3,0.0,0.0,0.75,2021-10-08,GRT,,,,,,cip-bobp.org,,0
293,10 mm FAR,,CIP,IT,4 pistol/revolver,2000-09-15,1900-01-01,https://bobp.cip-bobp.org/uploads/tdcc/tab-iv/tabivcal-en-page32.pdf,0.0,0.0,0.0,24.15,0.0,0.0,32.2,1.4,10.85,0.0,3.64,8.85,1.25,45,0.0,45,0.0,10.83,0.0,0,0.0,0.0,0.0,0.0,10.7,10.17,0.0,0.0,32.98,2250.0,2590.0,2925.0,0.0,22.7,12.5,0.0,0.0,0.0,24.15,0.0,10.88,0.0,0.0,0.0,5.08,0.0,10.86,0.0,0.0,0.0,0.0,0.0,0.0,10.77,8.83,10.19,180.0,0.0,0.0,0.9,0.0,9.91,10.17,3.05,6.0,406.0,79.55,0.0,0.3,0.0,0.0,0.75,2021-10-08,GRT,,,,,,cip-bobp.org,,0
294,10.3 Capra,,CIP,DE,1 rimless,2018-05-16,2018-05-16,https://bobp.cip-bobp.org/uploads/tdcc/tab-i/10-3-capra-180313-en.pdf,0.0,53.58,54.78,68.51,0.0,69.5,84.0,1.37,12.01,0.0,3.6,10.39,1.4,36,0.0,35,0.0,12.57,12.2,49.232999999999997,66.89,0.5,0.0,11.1,11.1,10.54,0.0,0.38,0.0,4100.0,4715.0,5125.0,6500.0,96.0,25,0.0,53.56,54.72,68.8,1.3,12.62,0.0,0.0,0.0,3.6,0.0,12.6,12.23,49.517,66.82,0.5,0.5,11.16,11.11,30.0,10.65,180.0,0.0,0.0,0.366666666666667,0.0,10.25,10.49,3.6,6.0,450.0,85.16,0.0,0.1,0.0,0.0,0.5,2021-10-08,GRT,,,,,,,,0
295,10.3 CSP,,CIP,CH,1 rimless,2016-05-18,1900-01-01,https://bobp.cip-bobp.org/uploads/tdcc/tab-i/10-3-csp-en.pdf,0.0,42.27,43.89,52.5,0.0,0.0,72.7,1.37,13.59,0.0,3.36,12.19,1.02,45,0.0,35,0.0,14.12,13.67,70,52.03,1.27,1.27,11.4,11.34,10.54,0.0,0.36,59.95,4400.0,5060.0,5500.0,6200.0,88.2,25,0.0,42.3,43.94,52.82,0.0,14.19,0.0,0.0,0.0,3.35,0.0,14.15,13.7,70.0,52.08,1.27,1.27,11.4,11.4,7.45,10.62,90.0,0.39,0.0,1.5,0.0,10.25,10.49,3.6,6.0,450.0,85.16,0.0,0.1,0.0,0.0,0.5,2021-10-08,GRT,,,,,,cip-bobp.org,,0
296,10.3 x 60 R,,CIP,CH,2 rimmed,1984-06-14,2002-05-15,https://bobp.cip-bobp.org/uploads/tdcc/tab-ii/tabiical-en-page52.pdf,0.0,40.8,46.8,60.8,0.0,0.0,78.9,1.1,15.7,0.0,0.0,0.0,0.0,0,0.0,45,0.0,13.85,12.5,10.475,108.98,0.0,0.0,11.4,11.26,10.54,0.0,0.3,77.3,2700.0,3105.0,3375.0,4620.0,91.3,25,0.0,41.5,47.4,61.9,1.2,16.1,0.0,0.0,0.0,0.0,0.0,13.95,12.55,11.117,105.88,0.0,0.0,11.4,11.35,16.5,10.65,90.0,0.35,0.5,0.7,0.0,10.25,10.49,3.6,6.0,450.0,85.16,0.0,0.15,0.0,0.0,0.5,2021-10-08,GRT,,,,,,cip-bobp.org,,0
297,10.3 x 68 Mag.,,CIP,CH,3 belted,2017-11-08,2017-11-08,https://bobp.cip-bobp.org/uploads/tdcc/tab-iii/10-3-x-68-mag-en.pdf,0.0,55.0,56.33,68.0,0.0,0.0,91.44,1.27,13.51,13.51,5.59,12.07,0.94,35,0.0,35,0.0,13.03,12.42,50,68.32,1.0,0.0,11.18,11.18,10.51,0.0,0.41,0.0,4400.0,5060.0,5500.0,6700.0,95.3,25,0.0,55.02,56.35,68.3,0.0,13.59,0.0,13.59,0.0,5.59,0.0,13.06,12.45,50.0,68.37,0.75,2.0,11.21,11.21,8.86,10.52,90.0,0.35,3.7,1.5,0.0,10.25,10.49,3.6,6.0,450.0,85.16,0.0,0.1,0.0,0.0,0.5,2021-10-08,GRT,,,,,,,,0
298,10.4 Ord. It.,,CIP,IT,4 pistol/revolver,1984-06-14,2000-06-07,https://bobp.cip-bobp.org/uploads/tdcc/tab-iv/tabivcal-en-page33.pdf,0.0,13.0,14.22,19.8,20.9,0.0,30.2,1.65,13.2,0.0,0.0,0.0,0.0,0,0.0,27,0.0,11.8,11.23,17.245000000000001,50.03,0.0,0.0,10.86,10.86,11.1,10.55,0.8,0.0,630.0,725.0,819.0,0.0,19.1,10.5,0.0,0.0,0.0,20.5,1.7,13.25,1.5,0.0,0.0,0.0,0.0,11.85,0.0,0.0,0.0,0.0,0.0,0.0,11.13,2.11,10.9,90.0,0.11,0.0,7.81666666666667,0.0,10.35,10.75,4.0,4.0,250.0,87.42,0.0,0.25,0.0,0.0,0.75,2021-10-08,GRT,,,,,,cip-bobp.org,,0
299,10.40 Ord. It.,,CIP,IT,4 pistol/revolver,1984-06-14,2000-06-07,tabivcal-de-page33.pdf,0.0,13.0,14.22,19.8,20.9,0.0,30.2,1.65,13.2,0.0,0.0,0.0,0.0,0,0.0,27,0.0,11.8,11.23,17.245000000000001,50.03,0.0,0.0,10.86,10.86,11.1,10.55,0.8,0.0,630.0,725.0,819.0,0.0,19.1,10.5,0.0,0.0,0.0,0.0,0.0,0.0,0.0,0.0,0.0,0.0,0.0,0.0,0.0,0.0,0.0,0.0,0.0,0.0,0.0,0.0,0.0,0.0,0.0,0.0,0.0,0.0,10.35,10.75,4.0,4.0,250.0,87.42,0.0,0.0,0.0,0.0,0.75,2021-10-08,GRT,,,,,,cip-bobp.org,,0
300,10.75 x 68,,CIP,DE,1 rimless,1984-06-14,2002-05-15,https://bobp.cip-bobp.org/uploads/tdcc/tab-i/tabical-en-page74.pdf,0.0,53.35,54.0,68.0,0.0,68.5,81.0,1.3,12.57,0.0,3.6,10.6,1.0,37.109999999999999,0.0,45,0.0,12.57,12.2,55.915999999999997,64.84,0.5,0.5,11.51,11.51,10.78,10.78,0.3,98.0,3300.0,3795.0,4125.0,5040.0,95.4,25,0.0,53.32,53.97,68.3,1.3,12.62,0.0,0.0,0.0,3.6,0.0,12.6,12.23,55.9,64.84,0.5,0.5,11.54,11.52,30.0,10.82,180.0,0.0,0.0,0.35,0.0,10.45,10.75,3.6,6.0,420.0,89.07,0.0,0.15,0.0,0.0,0.75,2021-10-08,GRT,,,,,,cip-bobp.org,,0
301,10x100 BWA,,CIP,IT,1 rimless,2020-11-10,2020-11-10,https://bobp.cip-bobp.org/uploads/tdcc/tab-i/10-x-100-bwa-200824-en.pdf,0.0,79.35,84.74,100.0,0.0,0.0,138.4,2.2,20.35,0.0,6.27,17.2,1.9,36,0.0,45,0.0,20.35,19.57,60,0.0,4.5,3.0,13.35,13.35,10.32,0.0,0.84,0.0,3700.0,4255.0,4625.0,15000.0,258.3,25,0.0,79.36,84.75,100.2,0.0,20.45,0.0,0.0,0.0,6.27,0.0,20.43,19.67,60.0,96.4,4.5,3.0,13.45,13.45,6.89,10.37,145.0,0.48,2.88,1.5,0.0,10.16,10.36,2.57,8.0,330.2,83.15,0.0,0.15,0.0,0.0,0.5,2021-10-08,GRT,,,,,,,,0
302,11 mm 73,,CIP,FR,4 pistol/revolver,2002-01-22,2013-05-22,https://bobp.cip-bobp.org/uploads/tdcc/tab-iv/11-mm-73-en.pdf,0.0,0.0,0.0,17.65,0.0,0.0,29.65,1.0,12.7,0.0,0.0,0.0,0.0,0,0.0,45,0.0,11.85,0.0,0,0.0,0.0,0.0,0.0,11.65,11.6,0.0,0.4,39.83,1150.0,1323.0,1495.0,0.0,16.0,9.5,0.0,0.0,0.0,18.0,1.0,13.2,0.0,0.0,0.0,0.0,0.0,12.0,0.0,0.0,0.0,0.0,0.0,0.0,11.8,22.18,11.4,11.417,2.0,5.38,1.01666666666667,0.0,10.8,11.2,4.3,4.0,350.0,95.14,0.0,0.25,0.0,0.0,0.75,2021-10-08,GRT,,,,,,cip-bobp.org,,0
303,11.15 x 60 R,,CIP,DE,2 rimmed,1984-06-14,2002-05-15,https://bobp.cip-bobp.org/uploads/tdcc/tab-ii/tabiical-en-page53.pdf,0.0,36.4,40.05,60.35,0.0,0.0,78.0,2.4,15.0,0.0,0.0,0.0,0.0,0,0.0,45,0.0,13.1,13.0,17.905000000000001,77.66,0.0,0.0,11.85,11.85,11.4,0.0,1.05,87.85,2800.0,3220.0,3500.0,2730.0,93.3,25,0.0,36.4,40.0,60.8,2.4,15.05,0.0,0.0,0.0,0.0,0.0,13.13,13.03,17.833,77.91,0.0,0.0,11.9,11.88,27.5,11.5,90.0,0.19,0.0,0.566666666666667,0.0,10.95,11.5,5.6,4.0,550.0,100.62,0.0,0.15,0.0,0.0,0.75,2021-10-08,GRT,,,,,,cip-bobp.org,,0
304,11.5 x 51,,CIP,DE,3 magnum,2009-05-05,1900-01-01,https://bobp.cip-bobp.org/uploads/tdcc/tab-iii/tabiiical-en-page7.pdf,0.0,0.0,0.0,51.2,0.0,0.0,62.0,1.27,13.51,13.51,5.59,12.07,0.94,35,0.0,35,0.0,13.03,0.0,0,0.0,0.0,0.0,0.0,12.25,11.49,0.0,0.41,62.48,4000.0,4600.0,5000.0,5800.0,75.2,25,0.0,0.0,0.0,51.3,0.0,13.51,0.0,13.59,0.0,5.59,0.0,13.06,0.0,0.0,0.0,0.0,0.0,0.0,12.28,11.28,11.49,90.0,0.4,2.0,0.8,0.0,11.23,11.43,4.06,6.0,508.0,101.54,0.0,0.1,0.0,0.0,0.65,2021-10-08,GRT,,,,,,cip-bobp.org,,0
305,12.7 x 108,,CIP,RU,1 rimless,2017-05-17,2017-05-17,https://bobp.cip-bobp.org/uploads/tdcc/tab-i/12-7-x-108-170419-en.pdf,0.0,84.8,92.6,108.0,0.0,0.0,147.0,2.0,21.8,0.0,5.7,18.0,1.9,38.732999999999997,0.0,45,0.0,21.85,19.05,35.533000000000001,114.52,0.0,0.0,14.05,13.9,13.01,0.0,0.8,0.0,3050.0,3508.0,3813.0,19200.0,378.9,25,0.0,83.95,91.95,108.7,0.0,22.0,0.0,0.0,0.0,5.7,0.0,21.89,19.23,35.283,114.17,0.0,0.0,14.14,13.91,30.0,13.0,5.2,10.0,0.0,0.483333333333333,0.0,12.66,13.0,2.8,8.0,380.0,129.72,0.0,0.15,0.0,0.0,0.5,2021-10-08,GRT,,,,,,,,0
306,12.7 x 70,12.7 x 70 500 Schüler,CIP,DE,1 rimless,1998-01-27,2002-05-15,https://bobp.cip-bobp.org/uploads/tdcc/tab-i/tabical-en-page75.pdf,0.0,59.0,61.3,70.0,0.0,0.0,88.0,1.3,14.65,0.0,3.61,13.1,1.0,45,0.0,45,0.0,15.73,15.32,39.905999999999999,80.1,3.0,4.0,13.65,13.65,12.96,0.0,0.3,77.22,3300.0,3795.0,4125.0,9240.0,160.0,25,0.0,58.96,61.23,70.5,1.3,14.7,0.0,0.0,0.0,3.61,0.0,15.76,15.35,39.933,80.08,1.0,4.0,13.7,13.68,7.22,13.05,90.0,0.31,0.0,1.85,0.0,12.6,12.94,3.58,8.0,450.0,129.62,0.0,0.15,0.0,0.0,0.5,2021-10-08,GRT,,,,,,cip-bobp.org,,0
307,18 x 81,,CIP,CZ,1 rimless,2099-02-22,2000-06-07,https://bobp.cip-bobp.org/uploads/tdcc/tab-x/tabxcal-en-page9.pdf,0.0,0.0,0.0,81.0,148.5,0.0,164.5,2.0,21.8,0.0,6.24,18.0,1.9,39.5,0.0,45,0.0,21.85,0.0,0,0.0,0.0,0.0,0.0,19.1,16.3,17.95,0.8,0.0,3550.0,4083.0,4615.0,0.0,240.0,82.25,0.0,0.0,0.0,80.8,0.0,21.95,0.0,0.0,0.0,6.24,0.0,21.95,0.0,0.0,0.0,0.0,0.0,0.0,19.2,1.85,0.0,0.0,0.0,0.0,17.9666666666667,0.0,18.0,18.0,0.0,0.0,0.0,254.47,0.0,0.0,0.0,0.0,0.5,2021-10-08,GRT,,,,,,,,0
308,33XC Tubb,,WildCat,US,1 rimless,2021-01-03,2021-01-03,,0.0,65.14,68.49,78.41,0.0,0.0,119.38,1.65,14.89,0.0,3.67,12.81,1.14,45,0.0,45,0.0,14.85,14.3,70,75.35,0.0,2.5,9.57,9.57,8.61,0.0,0.63,75.28,5998.0,0.0,0.0,0.0,140.0,0,0.0,65.14,68.49,78.41,0.0,14.89,0.0,0.0,0.0,5.08,0.0,14.85,14.3,70.0,75.35,0.0,3.05,9.6,9.6,11.15,8.61,90.0,0.5,6.85,1.5,0.0,8.38,8.59,2.79,6.0,254.0,56.86,0.0,0.0,0.0,0.0,0.5,2021-10-08,GRT,,,,,,cip-bobp.org,,0
309,345 TK,,CIP,RU,4 pistol/revolver,2019-05-22,2019-05-22,https://bobp.cip-bobp.org/uploads/tdcc/tab-x/345-tk-200922-en.pdf,0.0,0.0,0.0,22.0,0.0,0.0,30.0,1.5,10.0,0.0,3.3,8.6,1.0,45,0.0,45,0.0,10.0,0.0,0,0.0,0.0,0.0,0.0,9.67,9.0,0.0,0.5,0.0,2800.0,3220.0,3640.0,0.0,16.3,12.5,0.0,0.0,0.0,22.0,0.0,10.08,0.0,0.0,0.0,3.3,0.0,10.05,0.0,0.0,0.0,0.0,0.0,0.0,9.69,5.8,9.05,65.0,0.5,1.45,1.63333333333333,0.0,8.8,8.8,0.0,0.0,0.0,60.82,0.0,0.3,0.0,0.0,0.5,2021-10-08,GRT,,,,,,,,0
310,366 TKM,,CIP,RU,1 rimless,2016-05-18,2016-05-18,https://bobp.cip-bobp.org/uploads/tdcc/tab-x/366-tkm-200922-en.pdf,0.0,0.0,0.0,37.5,0.0,0.0,53.5,1.5,11.35,0.0,3.2,9.56,1.0,51.969999999999999,0.0,45,0.0,11.35,0.0,0,0.0,0.0,0.0,0.0,10.0,9.58,0.0,0.25,0.0,3300.0,3795.0,4290.0,0.0,37.4,25,0.0,0.0,0.0,37.55,0.0,11.38,0.0,0.0,0.0,3.2,0.0,11.37,0.0,0.0,0.0,0.0,0.0,0.0,10.02,4.0,9.65,115.0,0.12,0.0,0.733333333333333,0.0,9.55,9.55,0.0,0.0,0.0,71.63,0.0,0.15,0.0,0.0,0.5,2021-10-08,GRT,,,,,,,,0
311,37XC,,Wildcat,US,1 rimless,2020-12-31,2020-12-31,,0.0,65.08,67.81,78.41,0.0,0.0,119.38,1.63,14.73,0.0,5.08,13.04,1.15,50,9.3,45,0.0,14.86,14.3,70,75.29,0.0,0.0,10.41,10.41,9.52,0.0,0.5,0.0,5998.44,0.0,5998.44,0.0,140.0,0,0.0,65.08,67.81,78.41,0.0,14.89,0.0,0.0,0.0,5.08,0.0,14.85,14.3,70.0,75.29,0.0,3.05,10.47,10.47,11.49,9.54,90.0,0.46,6.81,1.5,0.0,9.3,9.53,2.57,8.0,330.2,70.32,0.0,0.1,0.0,0.0,0.55,2021-10-08,GRT,,,,,,,,0
312,4 Bore Rifle,,CIP,US,2 rimmed,1993-09-27,2002-05-15,https://bobp.cip-bobp.org/uploads/tdcc/tab-ii/tabiical-en-page132.pdf,0.0,0.0,0.0,101.5,0.0,0.0,119.3,1.5,31.3,0.0,0.0,27.8,0.5,0,0.0,0,0.0,28.0,0.0,0,0.0,0.0,0.0,0.0,27.15,25.4,18.0,0.0,115.1,2500.0,2875.0,3125.0,10500.0,780.2,25,0.0,0.0,0.0,101.5,1.55,31.3,0.0,0.0,0.0,0.0,0.0,28.2,0.0,0.0,0.0,0.0,0.0,0.0,27.3,13.6,25.45,105.767,0.7,3.3,1.5,0.0,24.91,25.4,6.5,8.0,0.0,500.23,0.0,0.15,0.0,0.0,0.65,2021-10-08,GRT,,,,,,cip-bobp.org,,0
313,4.6 x 30,,CIP,DE,1 rimless,2004-05-18,2016-05-18,https://bobp.cip-bobp.org/uploads/tdcc/tab-i/4-6-x-30-en.pdf,0.0,23.02,26.03,30.5,0.0,0.0,38.5,1.1,8.0,0.0,2.91,6.8,0.75,30,0.0,45,0.0,8.02,7.75,44.127000000000002,32.58,1.7,2.0,5.31,5.31,4.65,0.0,0.25,37.55,4000.0,4600.0,5000.0,500.0,13.8,17.5,0.0,22.98,25.85,30.88,3.15,8.07,3.0,0.0,0.4,3.6,0.0,8.03,7.76,45.033,32.34,1.6,2.3,5.38,5.36,7.05,4.65,45.0,0.86,4.74,1.6,0.0,4.52,4.65,1.21,6.0,150.0,16.52,0.0,0.1,0.0,0.0,0.5,2021-10-08,GRT,,,,,,cip-bobp.org,,0
314,4mm M 20,,CIP,DE,10 other,2007-05-14,2007-05-14,https://bobp.cip-bobp.org/uploads/tdcc/tab-x/tabxcal-en-page1.pdf,0.0,2.08,3.55,7.2,0.0,0.0,9.5,0.001,5.73,0.0,0.0,0.0,0.0,0,0.0,0,0.0,5.73,5.6,0,0.0,0.0,0.0,5.0,4.87,4.33,0.0,0.0,0.0,100.0,0.0,0.0,8.0,0.0,0,0.0,0.0,0.0,0.0,0.0,0.0,0.0,0.0,0.0,0.0,0.0,0.0,0.0,0.0,0.0,0.0,0.0,0.0,0.0,0.0,0.0,0.0,0.0,0.0,0.0,0.0,4.1,4.28,0.0,0.0,0.0,14.03,0.0,0.0,0.0,0.0,0.5,2021-10-08,GRT,,,,,,,,0
315,5 mm / 35 SMc,,CIP,US,1 rimless,2009-06-14,1900-01-01,https://bobp.cip-bobp.org/uploads/tdcc/tab-i/tabical-en-page1.pdf,0.0,27.51,31.72,39.52,0.0,0.0,53.34,1.37,12.01,0.0,3.85,10.39,1.4,36,0.0,45,0.0,11.96,11.6,70,0.0,0.0,0.32,5.95,5.94,5.18,0.0,0.4,44.75,4400.0,5060.0,5500.0,1650.0,37.2,17.5,0.0,0.0,0.0,0.0,0.0,0.0,0.0,0.0,0.0,0.0,0.0,0.0,0.0,0.0,0.0,0.0,0.0,0.0,0.0,0.0,0.0,0.0,0.0,0.0,0.0,0.0,5.05,5.18,1.3,6.0,305.0,20.54,0.0,0.0,0.0,0.0,0.5,2021-10-08,GRT,,,,,,cip-bobp.org,,0
316,5.45 x 18,,CIP,SU,4 pistol/revolver,1993-05-24,2000-06-07,https://bobp.cip-bobp.org/uploads/tdcc/tab-iv/tabivcal-en-page2.pdf,0.0,12.07,14.0,18.03,0.0,0.0,25.0,1.13,7.64,0.0,2.9,6.58,0.01,16.670000000000002,0.0,0,0.0,7.64,7.4,32.908000000000001,24.6,0.0,0.0,6.26,6.26,5.63,0.0,0.0,21.89,1750.0,2013.0,2275.0,0.0,6.9,9,0.0,11.7,13.72,0.0,1.05,7.7,0.0,0.0,0.0,3.35,0.0,0.0,0.0,31.5,25.0,0.0,0.0,6.36,0.0,3.86,0.0,180.0,0.0,0.0,2.58333333333333,0.0,5.45,5.6,2.0,6.0,270.0,24.25,0.0,0.2,0.0,0.0,0.5,2021-10-08,GRT,,,,,,cip-bobp.org,,0
317,5.45 x 39,,CIP,SU,1 rimless,1992-07-23,2015-05-19,https://bobp.cip-bobp.org/uploads/tdcc/tab-i/5-45-x-39-en.pdf,0.0,30.0,34.0,39.82,0.0,0.0,57.0,1.5,10.0,0.0,3.2,8.6,1.0,45,0.0,45,0.0,10.0,9.25,40.609000000000002,42.5,0.0,0.0,6.29,6.29,5.6,0.0,0.5,48.08,3550.0,4083.0,4438.0,1800.0,27.2,17.5,0.0,29.8,33.65,5.4,1.5,10.1,0.0,0.0,0.0,3.3,0.0,10.05,9.3,40.483,42.41,0.0,0.0,6.46,6.32,8.26,5.78,30.0,1.01,0.0,1.5,0.0,5.4,5.6,2.6,4.0,195.0,23.99,0.0,0.15,0.0,0.0,0.6,2021-10-08,GRT,,,,,,cip-bobp.org,,0
318,5.56 mm FX,,CIP,CA,1 rimless,2017-05-17,2017-05-17,https://bobp.cip-bobp.org/uploads/tdcc/tab-x/5-56-fx-170406-en.pdf,0.0,37.67,40.56,46.23,0.0,0.0,54.1,1.05,8.97,0.0,4.62,7.87,0.83,25,0.0,45,0.0,9.55,8.77,46,48.0,2.79,0.0,6.32,6.32,5.79,0.0,0.0,0.0,350.0,403.0,438.0,0.0,30.3,10,0.0,37.91,40.9,46.5,0.0,9.07,0.0,0.0,0.0,4.62,0.0,9.61,9.02,46.0,48.54,0.64,3.18,6.48,6.45,2.18,5.69,90.0,0.38,1.01,3.16666666666667,0.0,5.56,5.69,1.88,6.0,305.0,25.03,0.0,0.15,0.0,0.0,0.5,2021-10-08,GRT,,,,,,,,0
319,5.6 x 35 R,,CIP,DE,2 rimmed,1984-06-14,2002-05-15,https://bobp.cip-bobp.org/uploads/tdcc/tab-ii/tabiical-en-page1.pdf,0.0,20.0,25.0,35.5,0.0,0.0,43.5,1.4,8.85,0.0,0.0,0.0,0.0,0,0.0,0,0.0,7.55,7.05,8.007999999999999,70.36,0.5,0.5,6.35,6.33,5.63,0.0,0.0,55.3,2700.0,3105.0,3510.0,855.0,12.8,17.5,0.0,20.0,25.0,35.8,1.4,8.9,0.0,0.0,0.0,0.0,0.0,7.58,7.08,8.0,70.57,0.5,0.5,6.38,6.35,19.8,5.68,180.0,0.0,0.0,0.466666666666667,0.0,5.35,5.58,2.4,4.0,360.0,23.62,0.0,0.15,0.0,0.0,0.75,2021-10-08,GRT,,,,,,cip-bobp.org,,0
320,5.6 x 39,,CIP,RU,1 rimless,2000-02-15,2007-05-14,https://bobp.cip-bobp.org/uploads/tdcc/tab-i/tabical-en-page3.pdf,0.0,27.0,32.2,38.7,0.0,0.0,48.7,1.5,11.35,0.0,3.2,9.56,1.0,51.969999999999999,0.0,0,0.0,11.35,10.2,41.209000000000003,40.57,0.5,2.0,6.29,6.29,5.67,0.0,0.0,49.01,3500.0,4025.0,4375.0,2100.0,32.6,17.5,0.0,26.88,32.22,38.7,1.5,11.4,0.0,0.0,0.0,3.5,0.0,11.34,10.24,39.633,41.08,0.5,2.5,6.39,6.29,10.31,5.78,23.983,1.2,6.0,2.18333333333333,0.0,5.45,5.59,2.0,6.0,420.0,24.19,0.0,0.15,0.0,0.0,0.5,2021-10-08,GRT,,,,,,cip-bobp.org,,0
321,5.6 x 50 Mag.,,CIP,DE,1 rimless,1984-06-14,2002-05-15,https://bobp.cip-bobp.org/uploads/tdcc/tab-i/tabical-en-page4.pdf,0.0,40.26,43.23,50.0,0.0,0.0,61.3,1.14,9.6,0.0,3.1,8.44,0.8,25.75,0.0,45,0.0,9.56,9.0,45.976999999999997,50.87,0.5,0.5,6.48,6.48,5.7,0.0,0.5,51.8,3800.0,4370.0,4750.0,1915.0,34.3,25,0.0,40.22,43.17,50.3,1.14,9.64,0.0,0.0,0.0,3.1,0.0,9.59,9.03,45.917,50.88,0.5,0.5,6.53,6.51,1.8,5.74,180.0,0.0,0.0,2.85,0.0,5.56,5.69,2.0,6.0,350.0,25.08,0.0,0.15,0.0,0.0,0.6,2021-10-08,GRT,,,,,,cip-bobp.org,,0
322,5.6 x 50 R Mag.,,CIP,DE,2 rimmed,1998-02-20,2002-05-15,https://bobp.cip-bobp.org/uploads/tdcc/tab-ii/tabiical-en-page2.pdf,0.0,40.26,43.23,50.0,0.0,0.0,61.0,1.4,10.9,0.0,0.0,0.0,0.0,0,0.0,45,0.0,9.59,9.0,45.976999999999997,50.87,0.5,0.5,6.48,6.48,5.7,0.0,0.5,51.8,3400.0,3910.0,4250.0,1950.0,33.3,25,0.0,40.26,43.21,50.3,1.4,10.93,0.0,0.0,0.0,0.0,0.0,9.62,9.03,45.917,50.92,0.5,0.5,6.53,6.51,1.8,5.74,180.0,0.0,0.0,2.85,0.0,5.56,5.69,2.0,6.0,350.0,25.08,0.0,0.15,0.0,0.0,0.6,2021-10-08,GRT,,,,,,cip-bobp.org,,0
323,5.6 x 52 R,,CIP,DE,2 rimmed,1984-06-14,2002-05-15,https://bobp.cip-bobp.org/uploads/tdcc/tab-ii/tabiical-en-page3.pdf,0.0,35.03,41.62,52.0,0.0,0.0,63.75,1.6,12.5,0.0,0.0,0.0,0.0,0,0.0,45,0.0,10.62,9.2,23.988,56.68,0.5,0.5,6.4,6.4,5.79,0.0,0.3,70.0,3300.0,3795.0,4125.0,1830.0,35.3,25,0.0,35.03,41.62,52.3,1.6,12.55,0.0,0.0,0.0,0.0,0.0,10.65,9.23,24.0,56.74,3.8,7.6,6.43,6.42,18.0,5.85,180.0,0.0,0.0,0.466666666666667,0.0,5.55,5.75,2.0,6.0,270.0,25.42,0.0,0.15,0.0,0.0,0.6,2021-10-08,GRT,,,,,,cip-bobp.org,,0
324,5.6 x 57 R,,CIP,DE,2 rimmed,1984-06-14,2002-05-15,https://bobp.cip-bobp.org/uploads/tdcc/tab-ii/tabiical-en-page4.pdf,0.0,44.37,50.28,56.7,0.0,0.0,69.0,1.4,13.32,0.0,0.0,0.0,0.0,0,0.0,45,0.0,11.94,10.94,34.817999999999998,61.82,0.5,0.5,7.24,7.1,5.7,0.0,0.3,67.5,4400.0,5060.0,5500.0,2720.0,49.3,25,0.0,44.46,50.38,57.0,1.4,13.4,0.0,0.0,0.0,0.0,0.0,11.97,10.97,34.783,61.96,0.5,0.5,7.26,7.12,10.8,5.72,180.0,0.0,0.0,0.466666666666667,0.0,5.54,5.69,2.0,6.0,250.0,25.03,0.0,0.1,0.0,0.0,0.5,2021-10-08,GRT,,,,,,cip-bobp.org,,0
325,5.6 x 57,,CIP,DE,1 rimless,1984-06-14,2002-05-15,https://bobp.cip-bobp.org/uploads/tdcc/tab-i/tabical-en-page5.pdf,0.0,44.51,50.41,56.7,0.0,0.0,69.0,1.3,11.95,0.0,3.2,10.5,1.0,37.880000000000003,0.0,45,0.0,11.9,10.94,34.817999999999998,61.95,0.5,0.5,7.24,7.1,5.7,0.0,0.3,67.5,4400.0,5060.0,5500.0,2725.0,49.3,25,0.0,44.46,50.38,57.0,1.3,12.0,0.0,0.0,0.0,3.2,0.0,11.93,10.97,34.783,61.96,0.5,0.5,7.26,7.12,10.8,5.72,180.0,0.0,0.0,0.466666666666667,0.0,5.54,5.69,2.0,6.0,250.0,25.03,0.0,0.1,0.0,0.0,0.5,2021-10-08,GRT,,,,,,cip-bobp.org,,0
326,5.6 x 61 R SE v.H.,5.6 x 61 R SE v. H.,CIP,DE,2 rimmed,1984-06-14,2002-05-15,https://bobp.cip-bobp.org/uploads/tdcc/tab-ii/tabiical-en-page5.pdf,0.0,44.0,53.05,61.0,0.0,0.0,80.0,1.6,13.6,0.0,0.0,0.0,0.0,0,0.0,45,0.0,12.22,11.6,30,65.65,0.5,0.5,6.75,6.68,5.76,0.0,0.3,76.0,3800.0,4370.0,4750.0,2945.0,64.8,25,0.0,44.0,53.05,61.3,1.6,13.65,0.0,0.0,0.0,0.0,0.0,12.25,11.63,30.0,65.7,0.5,0.5,6.78,6.71,15.0,5.88,180.0,0.0,0.0,0.566666666666667,0.0,5.58,5.76,2.6,4.0,220.0,25.43,0.0,0.15,0.0,0.0,0.5,2021-10-08,GRT,,,,,,cip-bobp.org,,0
327,5.6 x 61 SE v.H.,"5.6 x 61 SE v. H., 5.6 x 61 SE.v.H.",CIP,DE,1 rimless,1984-06-14,2008-09-23,https://bobp.cip-bobp.org/uploads/tdcc/tab-i/tabical-en-page6.pdf,0.0,44.01,53.06,61.0,0.0,0.0,80.0,1.5,12.2,0.0,3.0,10.5,1.0,59.530000000000001,0.0,45,0.0,12.2,11.6,30.001000000000001,65.66,0.5,0.5,6.75,6.68,5.79,0.0,0.3,75.5,4400.0,5060.0,5500.0,3005.0,66.3,25,0.0,43.96,53.01,61.3,1.5,12.25,0.0,0.0,0.0,3.0,0.0,12.23,11.63,30.0,65.66,0.5,0.5,6.78,6.71,14.5,5.87,180.0,0.0,0.0,0.566666666666667,0.0,5.58,5.76,2.0,6.0,220.0,25.56,0.0,0.1,0.0,0.0,0.5,2021-10-08,GRT,,,,,,cip-bobp.org,,0
328,5.6 x 70 R,,CIP,DE,2 rimmed,2008-04-15,1900-01-01,https://bobp.cip-bobp.org/uploads/tdcc/tab-ii/tabiical-en-page6.pdf,0.0,59.84,61.12,70.0,0.0,0.0,87.0,1.52,10.7,0.0,0.0,0.0,0.0,0,0.0,45,0.0,9.03,7.52,40,70.17,0.5,0.5,6.59,6.59,5.7,0.0,0.3,74.06,2600.0,2990.0,3250.0,1785.0,37.4,25,0.0,60.03,61.29,70.3,1.52,10.75,0.0,0.0,0.0,0.0,0.0,9.03,7.57,40.0,70.43,0.5,0.5,6.65,6.62,4.06,5.72,90.0,0.45,1.0,1.5,0.0,5.56,5.69,2.0,6.0,290.0,25.08,0.0,0.15,0.0,0.0,0.6,2021-10-08,GRT,,,,,,cip-bobp.org,,0
329,5.7 x 28,,CIP,BE,1 rimless,1993-10-19,2002-05-15,https://bobp.cip-bobp.org/uploads/tdcc/tab-i/tabical-en-page7.pdf,0.0,23.15,24.27,28.9,0.0,31.44,40.5,1.14,7.8,0.0,3.38,6.6,0.79,25,0.0,45,0.0,7.95,7.95,70.052999999999997,28.82,0.0,1.0,6.38,6.38,5.7,5.26,0.28,35.35,3450.0,3968.0,4313.0,1500.0,13.7,12,0.0,23.03,24.18,29.03,3.02,8.0,2.9,0.0,0.0,3.52,0.0,8.0,8.0,69.983,28.74,0.0,0.0,6.39,6.39,0.0,5.75,90.0,0.32,0.0,1.01666666666667,0.0,5.53,5.62,1.63,8.0,228.6,24.61,0.0,0.15,0.0,0.0,0.5,2021-10-08,GRT,,,,,,cip-bobp.org,,0
330,5.75 Velodog,,CIP,FR,4 pistol/revolver,1984-06-14,2000-06-07,https://bobp.cip-bobp.org/uploads/tdcc/tab-iv/tabivcal-en-page3.pdf,0.0,0.0,0.0,29.6,32.8,0.0,35.6,1.3,7.8,0.0,0.0,0.0,0.0,0,0.0,45,0.0,6.42,0.0,0,0.0,0.0,0.0,0.0,6.3,5.79,5.65,0.3,32.6,680.0,782.0,884.0,0.0,9.4,17.5,0.0,0.0,0.0,30.0,1.3,7.9,0.0,0.0,0.0,0.0,0.0,6.45,0.0,0.0,0.0,0.0,0.0,0.0,6.33,3.0,5.8,90.0,0.27,0.0,3.13333333333333,0.0,5.5,5.75,2.3,4.0,454.0,24.94,0.0,0.25,0.0,0.0,0.75,2021-10-08,GRT,,,,,,cip-bobp.org,,0
331,6 mm - 6.5 x 47 Lapua,,WildCat,US,1 rimless,2006-05-16,2019-06-07,,0.0,35.68,39.77,47.0,0.0,0.0,71.0,1.37,12.01,0.0,3.85,10.39,1.4,36,0.0,45,0.0,11.95,11.59,60,45.72,1.0,1.5,6.93,6.93,6.18,0.0,0.38,55.7,4350.0,5003.0,5438.0,3300.0,47.1,25,0.0,0.0,0.0,0.0,0.0,0.0,0.0,0.0,0.0,0.0,0.0,0.0,0.0,0.0,0.0,0.0,0.0,0.0,0.0,0.0,0.0,0.0,0.0,0.0,0.0,0.0,6.02,6.17,2.29,6.0,203.2,29.48,0.0,0.0,0.0,0.0,0.5,2021-10-08,GRT,,,,,,cip-bobp.org,,0
332,6 mm AR Turbo 40imp,6mmAR Turbo 40imp,WildCat,US,1 rimless,1984-06-14,0-0-0,,0.0,31.0388,33.401,38.481,0.0,0.0,57.404,1.5,11.18,0.0,3.5,9.6,1.2,43.719999999999999,0.0,35,0.0,11.26,11.01,80,36.76,0.0,0.0,6.8961,6.8834,6.17,0.0,0.4,43.76,4050.0,4658.0,5060.0,2250.0,39.0,17.5,0.0,0.0,0.0,0.0,0.0,0.0,0.0,0.0,0.0,0.0,0.0,0.0,0.0,0.0,0.0,0.0,0.0,0.0,0.0,0.0,0.0,0.0,0.0,0.0,0.0,0.0,6.02,6.17,2.29,6.0,551.0,29.52,0.0,0.0,0.0,0.0,0.5,2021-10-08,GRT,,,,,,cip-bobp.org,,0
333,6 mm ARC (SAAMI),"6mm Advanced Rifle Cartridge, 6 ARC, 6mm ARC",WildCat,US,1 rimless,2020,2020-0-0,,0.0,28.47,31.9,37.85,0.0,0.0,57.4,1.5,10.44,0.0,3.5,9.55,1.19,45,0.0,55,0.0,11.2,10.92,60,38.68,0.76,3.18,6.96,6.96,6.18,0.0,0.25,45.93,3585.27379244728,4067.90680296903,4274.74952176407,2500.0,33.8,25,0.0,28.45,31.88,38.1,0.0,11.31,0.0,0.0,0.0,3.5,0.0,11.242,10.95,60.0,38.69,0.76,3.18,6.99,6.99,5.84,6.18,90.0,0.4,2.69,1.5,0.0,6.02,6.17,2.29,6.0,190.5,29.483,0.0,0.1,0.0,0.0,0.5,2021-10-08,GRT,,,,,,cip-bobp.org,,0
334,6 mm ARC,6 mm Advanced Rifle Cartridge,CIP,US,1 rimless,2020-11-10,2020-11-10,https://bobp.cip-bobp.org/uploads/tdcc/tab-i/6-mm-arc-200922-en.pdf,0.0,28.47,31.9,37.85,0.0,0.0,57.4,1.5,11.2,0.0,3.52,9.55,1.19,45,0.0,35,0.0,11.2,10.92,60,0.0,0.76,3.18,6.96,6.96,6.18,0.0,0.38,0.0,4300.0,4945.0,5375.0,3000.0,34.2,17.5,0.0,28.45,31.88,38.1,0.0,11.31,0.0,0.0,0.0,3.52,0.0,11.26,10.95,60.0,37.93,0.76,3.18,6.99,6.99,5.74,6.18,90.0,0.41,2.68,1.5,0.0,6.02,6.17,2.29,6.0,191.0,29.52,0.0,0.1,0.0,0.0,0.5,2021-10-08,GRT,,,,,,,,0
335,6 mm BR Farè,,CIP,IT,1 rimless,2015-05-19,1900-01-01,https://bobp.cip-bobp.org/uploads/tdcc/tab-i/6-mm-br-fare-en.pdf,0.0,30.31,33.17,39.24,0.0,0.0,62.0,1.37,11.97,0.0,3.83,10.39,1.4,36,0.0,45,0.0,11.93,11.64,80.239000000000004,37.22,0.25,1.5,6.82,6.82,6.17,0.0,0.4,46.03,4400.0,5060.0,5500.0,2545.0,41.0,17.5,0.0,30.41,33.27,39.5,0.0,12.0,0.0,0.0,0.0,3.85,0.0,11.96,11.67,80.0,37.36,0.25,1.5,6.87,6.87,6.79,6.18,90.0,0.35,3.64,1.45,0.0,6.02,6.17,2.29,6.0,203.2,29.52,0.0,0.1,0.0,0.0,0.5,2021-10-08,GRT,,,,,,cip-bobp.org,,0
336,6 mm BR Norma,,CIP,SE,1 rimless,1995-12-20,2002-05-15,https://bobp.cip-bobp.org/uploads/tdcc/tab-i/tabical-en-page12.pdf,0.0,27.3,31.44,39.62,0.0,0.0,62.0,1.37,12.01,0.0,3.85,10.39,1.4,36,0.0,45,0.0,11.96,11.68,60,37.42,0.64,1.5,6.9,6.87,6.18,0.0,0.4,45.61,4050.0,4658.0,5060.0,2545.0,38.0,17.5,0.0,27.2,31.36,39.88,0.0,12.04,0.0,0.0,0.0,3.85,0.0,11.99,11.71,60.0,37.34,0.64,1.91,6.91,6.88,5.98,6.19,90.0,0.35,2.74,0.0,0.0,6.02,6.17,2.29,6.0,203.2,29.52,0.0,0.1,0.0,0.0,0.5,2021-10-08,GRT,,,,,,cip-bobp.org,,0
337,6 mm BR Rem.,6 mm B.R. Rem.,CIP,US,1 rimless,1994-03-01,2002-05-15,https://bobp.cip-bobp.org/uploads/tdcc/tab-i/tabical-en-page13.pdf,0.0,27.3,31.44,39.62,0.0,0.0,55.88,1.37,12.01,0.0,3.85,10.39,1.4,36,0.0,35,0.0,11.96,11.68,60,37.42,0.64,1.27,6.9,6.87,6.18,0.0,0.46,44.44,4050.0,4658.0,5060.0,2525.0,38.0,17.5,0.0,27.2,31.36,39.88,0.0,12.04,0.0,0.0,0.0,3.85,0.0,11.99,11.71,60.0,37.34,0.64,1.91,6.91,6.88,4.82,6.19,0.0,0.35,3.2,3.0,0.0,6.02,6.17,2.29,6.0,228.6,29.52,0.0,0.1,0.0,0.0,0.5,2021-10-08,GRT,,,,,,cip-bobp.org,,0
338,6 mm BRA,,WildCat,US,1 rimless,1995-12-20,2002-5-15,,0.0,28.3,31.44,39.62,0.0,0.0,62.0,1.37,12.01,0.0,3.85,10.39,1.4,36,0.0,45,0.0,11.96,11.68,80,37.42,0.64,1.5,6.9,6.87,6.18,0.0,0.4,45.61,4050.0,4658.0,5060.0,2545.0,39.5,17.5,0.0,28.4,31.36,39.88,0.0,12.04,0.0,0.0,0.0,3.85,0.0,11.99,11.71,80.0,37.34,0.64,1.91,6.91,6.88,5.98,6.19,90.0,0.35,2.74,0.0,0.0,6.02,6.17,2.29,6.0,190.5,29.52,0.0,0.1,0.0,0.0,0.5,2021-10-08,GRT,,,,,,cip-bobp.org,,0
339,6 mm BXR,6mm BXR,WildCat,SE,1 rimless,1995-12-20,0-0-0,,0.0,29.83992,33.98012,39.61892,0.0,0.0,61.99886,1.37,12.01,0.0,3.85,10.39,1.4,36,0.0,45,0.0,11.96086,11.67892,60,37.42,0.64,1.5,6.90118,6.8707,6.18,0.0,0.4,45.61,4050.0,4658.0,5060.0,2545.0,43.0,17.5,0.0,27.2,31.36,39.88,0.0,12.04,0.0,0.0,0.0,3.85,0.0,11.99,11.71,60.0,37.34,0.64,1.91,6.91,6.88,5.98,6.19,90.0,0.35,2.74,0.0,0.0,6.02,6.17,2.29,6.0,203.2,29.52,0.0,0.1,0.0,0.0,0.5,2021-10-08,GRT,,,,,,cip-bobp.org,,0
340,6 mm Creedmoor,"6mm CM, 6mm Creedmoor",SAAMI,US,1 rimless,2012-05-30,2018-04-01,6-mm-creedmoor-200421-en.pdf,0.0,37.84,41.52,48.77,0.0,0.0,71.76,1.37,12.01,0.0,3.84,10.39,1.4,36,0.0,35,0.0,11.95,11.74,60,48.01,0.76,3.18,7.01,7.01,6.18,0.0,0.38,58.42,4275.0,0.0,0.0,3200.0,51.7,25,0.0,37.76,41.85,49.32,0.0,12.01,0.0,0.0,0.0,3.85,0.0,11.98,11.76,60.0,47.95,0.76,3.18,7.04,7.04,8.33,6.19,90.0,0.43,5.08,1.5,0.0,6.02,6.17,2.29,6.0,203.0,29.506,0.0,0.1,0.0,0.0,0.5,2021-10-08,GRT,,,,,,cip-bobp.org,,0
341,6 mm D.B.G.,,CIP,IT,1 rimless,2016-05-18,1900-01-01,https://bobp.cip-bobp.org/uploads/tdcc/tab-i/6-mm-dbg-en.pdf,0.0,32.82,35.91,41.0,0.0,0.0,58.0,1.24,10.72,0.0,3.15,9.09,0.84,36,0.0,35,0.0,10.65,10.34,60,41.77,0.0,0.0,6.77,6.77,6.17,0.0,0.38,44.84,4150.0,4773.0,5188.0,2100.0,36.0,25,0.0,32.91,36.02,41.23,0.0,10.8,0.0,0.0,0.0,3.18,0.0,10.68,10.37,60.0,41.89,0.0,0.0,6.78,6.78,3.84,6.18,90.0,0.3,0.32,1.3,0.0,6.02,6.17,1.73,6.0,254.0,29.25,0.0,0.1,0.0,0.0,0.5,2021-10-08,GRT,,,,,,cip-bobp.org,,0
342,6 mm Dasher,,WildCat,SE,1 rimless,1995-12-20,1995-12-20,,0.0,30.3784,33.2486,39.61892,0.0,0.0,61.99886,1.37,12.01,0.0,3.85,10.39,1.4,36,0.0,45,0.0,11.9888,11.6586,80,37.42,0.64,1.5,6.90118,6.8707,6.18,0.0,0.4,45.61,4049.98043400679,4658.02907969127,5059.99342988295,2544.87028901802,42.0,17.526,0.0,27.2,31.36,39.88,0.0,12.04,0.0,0.0,0.0,3.85,0.0,11.99,11.71,60.0,37.34,0.64,1.91,6.91,6.88,5.98,6.19,90.0,0.35,2.74,0.0,0.0,6.02,6.17,2.29,6.0,203.2,29.52,0.0,0.1,0.0,0.0,0.5,2021-10-08,GRT,,,,,,cip-bobp.org,,0
343,6 mm GT,,WildCat,US,1 rimless,2006-05-16,2006-05-16,,0.0,33.02,36.4,44.35,0.0,0.0,65.66,1.37,12.01,0.0,3.85,10.39,1.4,36,0.0,45,0.0,11.95,11.59,70,0.0,1.0,1.5,6.93,6.93,6.18,0.0,0.38,55.7,4349.97132383253,5002.97378706846,5438.03297226735,3300.06088623861,44.8,24.891999999999999,0.0,33.02,36.3982,43.9928,0.0,12.0142,0.0,0.0,0.0,5.08,0.0,11.9634,11.684,70.0,0.0,2.4638,2.4638,6.9342,6.9342,8.54456,6.18744,90.0,0.3556,5.14096,1.5,0.0,6.0198,6.16966,2.29108,6.0,203.2,29.483812,0.0,0.0,0.0,0.0,0.5,2021-10-08,GRT,,,,,,cip-bobp.org,,0
344,6 mm Musgrave,243-303,Standard,RSA,2 rimmed,1969,2021-1-8,,0.0,45.47,50.0,55.94,0.0,0.0,72.66,1.63,13.72,0.0,0.0,0.0,0.0,0,0.0,45,0.0,11.68,10.18,40,59.45,2.29,2.29,6.88,6.88,6.18,0.0,0.4,71.07,3650.0,4198.0,4560.0,2910.0,48.6,25,0.0,45.63,50.0,56.5,1.63,13.9,0.0,0.0,0.0,0.0,0.0,11.73,10.26,40.0,59.74,2.29,2.29,7.07,7.04,0.0,6.53,41.5,0.0,0.67,1.5,0.0,6.02,6.17,1.73,6.0,254.0,29.25,0.0,0.15,0.0,0.0,0.5,2021-10-08,GRT,,,,,,cip-bobp.org,,0
345,6 mm PPC ITA,,CIP,IT,1 rimless,2015-05-19,1900-01-01,https://bobp.cip-bobp.org/uploads/tdcc/tab-i/6-mm-ppc-ita-en.pdf,0.0,27.3,31.0,37.9,0.0,0.0,55.7,1.5,11.18,0.0,3.5,9.6,1.2,43.719999999999999,0.0,35,0.0,11.13,10.92,60,36.76,1.52,1.52,6.63,6.63,6.17,0.0,0.4,42.08,4050.0,4658.0,5265.0,2250.0,34.9,17.5,0.0,27.3,31.02,38.1,0.0,11.2,0.0,0.0,0.0,3.5,0.0,11.17,10.95,60.0,36.78,1.52,1.52,6.65,6.65,4.18,6.18,0.0,0.24,1.13,1.5,0.0,6.02,6.17,2.29,6.0,551.0,29.52,0.0,0.1,0.0,0.0,0.5,2021-10-08,GRT,,,,,,cip-bobp.org,,0
346,6 mm PPC USA,6 mm PPC-USA,CIP,FI,1 rimless,1989-04-18,2002-05-15,https://bobp.cip-bobp.org/uploads/tdcc/tab-i/tabical-en-page15.pdf,0.0,27.3,30.87,38.48,0.0,0.0,55.7,1.5,11.3,0.0,3.5,9.6,1.1,42.719999999999999,0.0,45,0.0,11.26,10.95,60.093000000000004,36.77,1.0,3.0,6.82,6.82,6.17,0.0,0.4,43.96,4050.0,4658.0,5060.0,2020.0,33.2,17.5,0.0,27.27,30.84,38.74,0.0,11.32,0.0,0.0,0.0,3.5,0.0,11.28,10.98,59.967,36.78,0.5,3.0,6.86,6.85,5.48,6.19,90.0,0.33,1.85,1.5,0.0,6.0,6.14,2.28,6.0,305.0,29.26,0.0,0.1,0.0,0.0,0.5,2021-10-08,GRT,,,,,,cip-bobp.org,,0
347,6 mm PPC,,CIP,US,1 rimless,1984-06-14,2002-05-15,https://bobp.cip-bobp.org/uploads/tdcc/tab-i/tabical-en-page14.pdf,0.0,27.3,31.0,38.18,0.0,0.0,55.7,1.5,11.18,0.0,3.5,9.6,1.2,43.719999999999999,0.0,35,0.0,11.13,10.92,60,36.76,0.0,0.0,6.65,6.65,6.17,0.0,0.4,43.76,4050.0,4658.0,5060.0,2250.0,33.2,17.5,0.0,27.3,31.02,38.86,0.0,11.2,0.0,0.0,0.0,3.5,0.0,11.17,10.95,60.0,6.17,1.52,1.52,6.65,6.65,5.58,6.18,90.0,0.24,2.52,1.5,0.0,6.02,6.17,2.29,6.0,551.0,29.52,0.0,0.1,0.0,0.0,0.5,2021-10-08,GRT,,,,,,cip-bobp.org,,0
348,6 mm Rem.,".244 Rem, 244 Rem.",CIP,US,1 rimless,1984-06-14,2002-05-15,https://bobp.cip-bobp.org/uploads/tdcc/tab-i/tabical-en-page16.pdf,0.0,43.81,47.81,56.72,0.0,0.0,71.76,1.24,12.01,0.0,3.4,10.36,0.94,34,0.0,35,0.0,12.01,10.91,52,55.0,0.64,2.54,7.01,7.01,6.18,0.0,0.38,61.24,4300.0,4945.0,5375.0,3180.0,54.6,25,0.0,43.66,47.66,57.25,0.0,12.14,0.0,0.0,0.0,3.4,0.0,12.04,10.96,52.0,54.9,0.64,3.18,7.06,7.04,4.52,6.19,90.0,0.43,3.0,3.0,0.0,6.02,6.17,2.29,6.0,228.6,29.48,0.0,0.1,0.0,0.0,0.5,2021-10-08,GRT,,,,,,cip-bobp.org,,0
349,6 mm Super LR,6mm Super LR,WildCat,RSA,1 rimless,1984-06-14,2019-9-11,,0.0,39.9,43.81,51.94,0.0,0.0,68.83,1.37,12.01,0.0,3.85,10.39,1.4,36,0.0,35,0.0,11.96,11.53,60,49.1,0.76,3.18,7.01,7.01,6.17,0.0,0.38,57.2,4150.0,4773.0,5190.0,2890.0,55.3,25,0.0,0.0,0.0,0.0,0.0,0.0,0.0,0.0,0.0,0.0,0.0,0.0,0.0,0.0,0.0,0.0,0.0,0.0,0.0,0.0,0.0,0.0,0.0,0.0,0.0,0.0,6.02,6.17,1.73,6.0,254.0,29.25,0.0,0.0,0.0,0.0,0.65,2021-10-08,GRT,,,,,,cip-bobp.org,,0
350,6 x 45 Ackley Improved,"6x45 Ackley, 6x45 Ackley Improved, 6x45 AI, 6 x 45 AI",WildCat,US,1 rimless,1984-06-14,0000-00-00,,0.0,37.72,39.45,44.7,0.0,0.0,57.4,1.14,9.6,0.0,3.13,8.43,0.76,25,0.0,35,0.0,9.58,9.33,80,47.12,0.64,2.54,6.91,6.91,6.17,0.0,0.45,46.88,4299.98433345706,4945.0,5375.0,1825.0,32.2,25,0.0,0.0,0.0,0.0,0.0,0.0,0.0,0.0,0.0,0.0,0.0,0.0,0.0,0.0,0.0,0.0,0.0,0.0,0.0,0.0,0.0,0.0,0.0,0.0,0.0,0.0,6.02,6.17,2.29,6.0,228.6,29.48,0.0,0.0,0.0,0.0,0.6,2021-10-08,GRT,,,,,,cip-bobp.org,,0
351,6 x 47 ATZL,,CIP,AT,1 rimless,1997-11-05,2011-05-25,https://bobp.cip-bobp.org/uploads/tdcc/tab-i/6-x-47-atzl-en.pdf,0.0,37.08,39.93,47.0,0.0,0.0,63.0,1.14,9.6,0.0,3.11,8.43,0.76,25,0.0,35,0.0,9.56,9.07,46.008000000000003,47.76,0.64,2.54,6.65,6.65,6.17,0.0,0.45,52.57,4050.0,4660.0,5060.0,2100.0,33.3,25,0.0,37.07,39.95,47.3,0.0,9.63,0.0,0.0,0.0,3.11,0.0,9.59,9.09,45.9,47.8,0.64,3.18,6.65,6.65,5.57,6.18,90.0,0.24,2.52,1.5,0.0,6.02,6.17,2.29,6.0,356.0,29.52,0.0,0.1,0.0,0.0,0.5,2021-10-08,GRT,,,,,,cip-bobp.org,,0
352,6 x 47 SM,,CIP,CH,1 rimless,2002-01-22,2002-05-15,https://bobp.cip-bobp.org/uploads/tdcc/tab-i/tabical-en-page9.pdf,0.0,34.69,38.74,47.0,0.0,0.0,66.0,1.37,12.01,0.0,3.85,10.39,1.4,36,0.0,45,0.0,11.96,11.59,60.5,44.63,1.5,1.5,6.87,6.87,6.18,0.0,0.45,52.98,3900.0,4485.0,4875.0,2730.0,46.1,25,0.0,34.51,38.66,47.26,0.0,12.04,0.0,0.0,0.0,3.85,0.0,11.99,11.7,60.0,44.64,0.64,1.91,6.91,6.88,5.98,6.19,89.167,0.35,2.74,1.58333333333333,0.0,6.01,6.17,2.15,6.0,205.0,29.42,0.0,0.1,0.0,0.0,0.5,2021-10-08,GRT,,,,,,cip-bobp.org,,0
353,6 x 50 R Scheiring,,CIP,AT,2 rimmed,1987-09-29,2002-05-15,https://bobp.cip-bobp.org/uploads/tdcc/tab-ii/tabiical-en-page7.pdf,0.0,40.26,42.87,50.0,0.0,0.0,69.0,1.4,10.9,0.0,0.0,0.0,0.0,0,0.0,45,0.0,9.59,9.0,46.079000000000001,50.84,0.5,0.5,6.78,6.75,6.17,0.0,0.5,56.0,4400.0,5060.0,5500.0,2100.0,33.9,25,0.0,40.26,42.85,50.3,1.4,10.93,0.0,0.0,0.0,0.0,0.0,9.62,9.03,46.017,50.89,0.5,0.5,6.83,6.8,6.0,6.19,180.0,0.0,3.0,1.61666666666667,0.0,6.02,6.17,1.73,6.0,254.0,29.25,0.0,0.1,0.0,0.0,0.5,2021-10-08,GRT,,,,,,cip-bobp.org,,0
354,6 x 51 ATZL,,CIP,AT,1 rimless,1997-11-05,2002-05-15,https://bobp.cip-bobp.org/uploads/tdcc/tab-i/tabical-en-page10.pdf,0.0,40.27,43.03,51.0,0.0,0.0,68.0,1.14,9.6,0.0,3.1,8.44,0.8,25.768999999999998,0.0,45,0.0,9.56,9.0,46.121000000000002,50.84,0.5,0.5,6.65,6.65,6.17,0.0,0.5,56.57,4050.0,4658.0,5060.0,2100.0,36.0,25,0.0,40.22,43.02,51.3,1.14,9.64,0.0,0.0,0.0,3.11,0.0,9.59,9.03,46.05,50.84,0.5,0.5,6.65,6.65,5.57,6.18,90.0,0.23,2.52,1.5,0.0,6.02,6.17,2.29,6.0,356.0,29.52,0.0,0.1,0.0,0.0,0.5,2021-10-08,GRT,,,,,,cip-bobp.org,,0
355,6 x 52 R BB2,,CIP,DE,2 rimmed,2005-05-25,1900-01-01,https://bobp.cip-bobp.org/uploads/tdcc/tab-ii/tabiical-en-page8.pdf,0.0,40.83,44.4,52.0,0.0,0.0,69.0,1.6,12.5,0.0,0.0,0.0,0.0,0,0.0,45,0.0,10.62,9.2,36,54.99,0.5,0.5,6.88,6.88,6.17,0.0,0.3,58.67,3300.0,3795.0,4125.0,2200.0,40.3,25,0.0,40.82,44.39,52.3,1.6,12.55,0.0,0.0,0.0,0.0,0.0,10.65,9.23,36.0,55.02,0.5,0.5,6.91,6.9,6.67,6.19,90.0,0.36,3.0,1.31666666666667,0.0,6.02,6.17,1.73,6.0,254.0,29.25,0.0,0.15,0.0,0.0,0.55,2021-10-08,GRT,,,,,,cip-bobp.org,,0
356,6 x 52 R Bretschneider,,CIP,DE,2 rimmed,1998-01-27,2002-05-15,https://bobp.cip-bobp.org/uploads/tdcc/tab-ii/tabiical-en-page9.pdf,0.0,35.04,40.73,52.0,0.0,0.0,68.5,1.6,12.5,0.0,0.0,0.0,0.0,0,0.0,45,0.0,10.62,9.2,24.010999999999999,56.67,0.5,0.5,6.78,6.78,6.17,0.0,0.3,58.67,3300.0,3795.0,4125.0,2205.0,36.5,25,0.0,35.03,40.72,52.3,1.6,12.55,0.0,0.0,0.0,0.0,0.0,10.65,9.23,24.0,56.73,3.8,7.5,6.81,6.8,6.67,6.19,90.0,0.31,3.0,1.31666666666667,0.0,6.02,6.17,1.73,6.0,254.0,29.25,0.0,0.15,0.0,0.0,0.55,2021-10-08,GRT,,,,,,cip-bobp.org,,0
357,6 x 62 Freres,,CIP,DE,1 rimless,1984-06-14,2005-02-25,https://bobp.cip-bobp.org/uploads/tdcc/tab-i/tabical-en-page11.pdf,0.0,49.4,55.75,61.75,0.0,0.0,82.0,1.3,12.1,0.0,3.2,10.5,1.0,41.630000000000003,0.0,45,0.0,12.1,11.53,39.981000000000002,65.25,0.5,0.5,6.91,6.91,6.18,0.0,0.3,68.42,4300.0,4945.0,5375.0,3300.0,68.3,25,0.0,49.26,55.58,62.0,1.3,12.12,0.0,0.0,0.0,3.2,0.0,12.12,11.55,39.983,65.13,0.5,0.5,6.95,6.93,6.67,6.19,180.0,0.0,3.0,1.31666666666667,0.0,6.02,6.17,1.73,6.0,260.0,29.25,0.0,0.1,0.0,0.0,0.6,2021-10-08,GRT,,,,,,cip-bobp.org,,0
358,6 x 62 R Freres,,CIP,DE,2 rimmed,1992-02-27,2002-05-15,https://bobp.cip-bobp.org/uploads/tdcc/tab-ii/tabiical-en-page10.pdf,0.0,49.4,55.75,61.75,0.0,0.0,82.0,1.4,13.5,0.0,0.0,0.0,0.0,0,0.0,0,0.0,12.12,11.53,39.981000000000002,65.25,0.0,0.0,6.91,6.91,6.18,0.0,0.0,68.42,4300.0,4945.0,5375.0,3435.0,68.6,25,0.0,49.4,55.72,62.0,1.4,13.55,0.0,0.0,0.0,0.0,0.0,12.14,11.55,39.983,65.27,0.0,0.0,6.95,6.93,6.67,6.19,180.0,0.0,2.97,1.31666666666667,0.0,6.02,6.17,1.73,6.0,260.0,29.25,0.0,0.1,0.0,0.0,0.6,2021-10-08,GRT,,,,,,cip-bobp.org,,0
359,6 x 70 R,,CIP,DE,2 rimmed,2000-06-28,2002-05-15,https://bobp.cip-bobp.org/uploads/tdcc/tab-ii/tabiical-en-page11.pdf,0.0,60.0,60.69,70.0,0.0,0.0,87.0,1.52,10.7,0.0,0.0,0.0,0.0,0,0.0,45,0.0,9.0,7.52,40.564999999999998,70.17,0.5,0.5,7.01,7.01,6.17,0.0,0.3,75.18,2600.0,2990.0,3250.0,1785.0,38.3,25,0.0,60.03,60.72,70.3,1.52,10.75,0.0,0.0,0.0,0.0,0.0,9.03,7.57,39.817,70.48,0.0,0.0,7.07,7.04,5.18,6.26,58.95,0.69,0.0,1.51666666666667,0.0,6.02,6.17,1.73,6.0,254.0,29.25,0.0,0.15,0.0,0.0,0.6,2021-10-08,GRT,,,,,,cip-bobp.org,,0
360,6 XC,,CIP,SE,1 rimless,2008-04-15,1900-01-01,https://bobp.cip-bobp.org/uploads/tdcc/tab-i/tabical-en-page17.pdf,0.0,36.85,40.81,48.3,0.0,0.0,70.0,1.35,11.95,0.0,3.86,10.3,1.4,36,0.0,45,0.0,11.92,11.53,60,46.84,1.0,1.5,6.96,6.96,6.18,0.0,0.4,57.87,4400.0,5060.0,5500.0,3080.0,49.7,25,0.0,36.85,40.81,48.54,0.0,11.98,0.0,0.0,0.0,3.83,0.0,11.94,11.56,60.0,46.86,0.0,1.52,6.98,6.98,9.57,6.19,90.0,0.39,2.31,0.75,0.0,6.0,6.2,2.29,4.0,203.2,29.21,0.0,0.1,0.0,0.0,0.5,2021-10-08,GRT,,,,,,cip-bobp.org,,0
361,6.3 x 57 Farè,,CIP,IT,1 rimless,2012-05-30,1900-01-01,https://bobp.cip-bobp.org/uploads/tdcc/tab-i/6-3-x-57-fare-en.pdf,0.0,45.75,48.35,56.26,0.0,0.0,75.0,1.2,11.94,0.0,3.09,10.45,1.0,40,6.35,45,0.0,11.94,11.53,80,52.61,0.76,1.17,7.16,7.16,6.52,0.0,0.2,62.38,4400.0,5060.0,5500.0,3300.0,64.3,25,0.0,45.79,48.35,56.72,0.0,12.0,0.0,0.0,0.0,3.09,0.0,11.97,11.56,80.0,52.67,0.76,1.57,7.26,7.26,6.12,6.54,90.0,0.36,2.49,1.5,0.0,6.35,6.52,2.5,6.0,254.0,32.98,0.0,0.1,0.0,0.0,0.55,2021-10-08,GRT,,,,,,cip-bobp.org,,0
362,6.35 Browning,"25 Auto(matic), 25 ACP",CIP,BE,4 pistol/revolver,1984-06-14,2000-06-07,https://bobp.cip-bobp.org/uploads/tdcc/tab-iv/tabivcal-en-page4.pdf,0.0,0.0,0.0,15.55,0.0,0.0,23.0,1.1,7.65,0.0,2.77,6.35,0.75,20,0.0,45,0.0,7.02,0.0,0,0.0,0.0,0.0,0.0,7.0,6.38,0.0,0.3,19.07,1200.0,1380.0,1560.0,0.0,5.2,9,0.0,0.0,0.0,16.0,1.1,7.7,0.0,0.0,0.0,0.0,0.0,7.12,0.0,0.0,0.0,0.0,0.0,0.0,7.05,3.52,6.4,27.5,1.33,0.0,3.0,0.0,6.17,6.35,2.25,6.0,254.0,31.14,0.0,0.3,0.0,0.0,0.75,2021-10-08,GRT,,,,,,cip-bobp.org,,0
363,6.5 - 284 Norma,,CIP,SE,1 rimless,2000-02-15,2008-04-15,https://bobp.cip-bobp.org/uploads/tdcc/tab-i/tabical-en-page18.pdf,0.0,44.98,48.2,55.12,0.0,0.0,82.0,1.37,12.01,0.0,3.78,10.39,1.02,40,0.0,45,0.0,12.72,12.06,70.245999999999995,53.55,0.76,3.18,7.53,7.53,6.71,0.0,0.35,67.34,4100.0,4715.0,5125.0,3200.0,66.3,25,0.0,44.96,48.18,55.37,0.0,12.81,0.0,0.0,0.0,3.78,0.0,12.75,12.09,70.0,53.59,0.76,3.18,7.58,7.55,12.22,6.72,90.0,0.42,8.02,1.5,0.0,6.5,6.71,2.29,6.0,228.6,34.66,0.0,0.1,0.0,0.0,0.5,2021-10-08,GRT,,,,,,cip-bobp.org,,0
364,6.5 Creedmoor,,CIP,US,1 rimless,2012-05-30,1900-1-1,https://bobp.cip-bobp.org/uploads/tdcc/tab-i/6-5-creedmoor-200418-en.pdf,0.0,37.84,41.52,48.77,0.0,0.0,71.76,1.37,12.01,0.0,3.84,10.39,1.4,36,0.0,35,0.0,11.95,11.74,60,48.01,0.76,3.18,7.49,7.49,6.72,0.0,0.38,58.42,4350.0,5003.0,5438.0,3400.0,53.8,25,0.0,37.76,41.42,48.9,0.0,12.01,0.0,0.0,0.0,3.84,0.0,11.98,11.76,60.0,47.95,0.76,3.18,7.54,7.52,9.65,6.72,90.0,0.4,5.45,1.5,0.0,6.5,6.71,2.29,6.0,202.99934,34.66,0.0,0.1,0.0,0.0,0.5,2021-10-08,GRT,,,,,,cip-bobp.org,,0
365,6.5 G.A.P. 4S,,CIP,US,1 rimless,2019-05-22,2019-05-22,https://bobp.cip-bobp.org/uploads/tdcc/tab-i/6-5-gap-4s-190329-1-en.pdf,0.0,38.96,44.3,51.18,0.0,0.0,76.3,1.27,13.56,0.0,3.75,12.07,0.94,32,0.0,35,0.0,14.0,13.58,60,50.72,0.0,0.0,7.42,7.42,6.71,0.0,0.41,0.0,4400.0,5060.0,5500.0,5100.0,75.5,25,0.0,38.94,44.21,51.44,0.0,14.05,0.0,0.0,0.0,3.75,0.0,14.01,13.61,60.0,50.73,0.0,3.18,7.52,7.52,9.07,6.71,90.0,0.41,3.05,1.0,0.0,6.5,6.71,2.99,5.0,203.2,34.81,0.0,0.1,0.0,0.0,0.5,2021-10-08,GRT,,,,,,,,0
366,6.5 Grendel,,CIP,US,1 rimless,2013-05-22,2015-5-19,https://bobp.cip-bobp.org/uploads/tdcc/tab-i/6.pdf,0.0,29.23,32.25,38.61,0.0,0.0,57.4,1.5,11.2,0.0,3.5,9.6,1.19,45,0.0,55,0.0,11.22,10.92,60,38.68,0.76,1.27,7.44,7.44,6.71,0.0,0.25,45.93,4050.0,4658.0,5063.0,2800.0,35.8,25,0.0,29.21,32.09,38.86,0.0,11.3,0.0,0.0,0.0,3.5,0.0,11.26,10.95,60.0,38.69,0.51,1.52,7.62,7.62,7.32,6.65,90.0,0.45,4.46,1.5,0.0,6.5,6.71,2.29,6.0,200.0,34.65,0.0,0.0,0.0,0.0,0.5,2021-10-25,GRT,,,,,,cip-bobp.org,,0
367,6.5 mm D.B.G.,,CIP,IT,1 rimless,2015-05-19,1900-01-01,https://bobp.cip-bobp.org/uploads/tdcc/tab-i/6-5-mm-d.pdf,0.0,38.92,44.19,51.9,0.0,0.0,72.0,1.27,13.56,0.0,3.75,12.07,0.94,32,0.0,35,0.0,14.0,13.59,60.037999999999997,50.68,0.0,0.0,7.5,7.5,6.71,0.0,0.41,58.62,4400.0,5060.0,5500.0,3800.0,74.9,25,0.0,38.95,44.22,51.93,0.0,14.05,0.0,0.0,0.0,3.75,0.0,14.02,13.6,59.95,50.74,0.0,0.0,7.52,7.52,6.72,6.72,90.0,0.4,2.44,1.46666666666667,0.0,6.5,6.71,1.73,6.0,254.0,34.29,0.0,0.1,0.0,0.0,0.5,2021-10-08,GRT,,,,,,cip-bobp.org,,0
368,6.5 mm Lahoz,,CIP,FR,1 rimless,2011-05-25,1900-01-01,https://bobp.cip-bobp.org/uploads/tdcc/tab-i/6-5-mm-lahoz-en.pdf,0.0,33.52,37.3,42.87,0.0,0.0,57.4,1.5,11.45,0.0,3.2,9.95,1.5,74.680000000000007,0.0,45,0.0,11.41,10.94,48.304000000000002,45.72,3.0,2.0,7.55,7.55,6.71,0.0,0.3,48.49,3450.0,3968.0,4313.0,2010.0,42.2,25,0.0,33.42,37.2,42.72,0.0,11.47,0.0,0.0,0.0,3.2,0.0,11.46,10.95,48.167,45.67,3.0,2.0,7.57,7.57,5.62,6.73,90.0,0.42,3.43,3.0,0.0,6.5,6.7,2.42,6.0,228.6,34.67,0.0,0.15,0.0,0.0,0.5,2021-10-08,GRT,,,,,,cip-bobp.org,,0
369,6.5 mm Rem. Mag.,,CIP,US,3 magnum,1984-06-14,2002-05-15,https://bobp.cip-bobp.org/uploads/tdcc/tab-iii/tabiiical-en-page1.pdf,0.0,43.18,48.49,55.12,0.0,0.0,71.12,1.27,13.51,13.51,5.59,12.07,0.94,35,0.0,35,0.0,13.03,12.58,50,56.67,0.76,2.54,7.63,7.57,6.72,0.0,0.41,62.17,4350.0,5003.0,5438.0,3885.0,68.2,25,0.0,43.39,48.67,55.73,0.0,13.59,0.0,13.59,0.0,5.59,0.0,13.06,12.6,50.0,56.9,0.76,3.18,7.68,7.62,7.05,6.72,60.0,0.78,4.95,3.0,0.0,6.5,6.71,2.41,6.0,229.0,34.71,0.0,0.1,0.0,0.0,0.5,2021-10-08,GRT,,,,,,cip-bobp.org,,0
370,6.5 PRC,6.5 Precision Rifle Cartridge,CIP,US,1 rimless,2012-05-30,2018-08-13,https://bobp.cip-bobp.org/uploads/tdcc/tab-i/6-5-prc-180709-en.pdf,0.0,39.84,44.65,51.56,0.0,0.0,75.06,1.27,13.51,0.0,3.24,12.07,0.94,35,0.0,35,0.0,13.51,13.1,60,51.18,0.76,3.18,7.54,7.54,6.72,0.0,0.0,58.42,4400.0,5060.0,5500.0,4000.0,68.0,25,0.0,39.75,44.55,51.82,0.0,13.6,0.0,0.0,0.0,3.24,0.0,13.55,13.13,60.0,51.12,0.76,3.18,7.59,7.57,9.4,6.72,90.0,0.43,5.2,1.5,0.0,6.5,6.71,2.27,6.0,203.0,34.64,0.0,0.1,0.0,0.0,0.5,2021-10-08,GRT,,,,,,cip-bobp.org,,0
371,6.5 Super LR,based on 260rem,WildCat,US,1 rimless,1998-02-09,2010-12-21,http://6mmar.com/images/65_slr_-_long_range_reamer.jpg,0.0,39.9,43.37,51.82,0.0,0.0,72.0,1.37,12.01,0.0,3.85,10.39,1.4,36,0.0,30,0.0,11.96,11.53,60,55.46,0.76,3.18,7.54,7.54,6.72,0.0,0.38,57.31,4150.0,4773.0,5190.0,2770.0,55.0,25,0.0,0.0,0.0,0.0,0.0,0.0,0.0,0.0,0.0,0.0,0.0,0.0,0.0,0.0,0.0,0.0,0.0,0.0,0.0,0.0,0.0,0.0,0.0,0.0,0.0,0.0,6.5,6.71,2.42,6.0,229.0,34.74,0.0,0.0,0.0,0.0,0.5,2021-10-08,GRT,,,,,,cip-bobp.org,,0
372,6.5 x 39,,CIP,RU,1 rimless,2013-05-22,1900-01-01,https://bobp.cip-bobp.org/uploads/tdcc/tab-i/6-5-x-39-en.pdf,0.0,30.5,32.81,39.0,0.0,0.0,56.0,1.5,11.35,0.0,3.2,9.56,1.0,52,0.0,45,0.0,11.35,10.07,60,39.22,1.0,1.5,7.4,7.4,6.7,0.0,0.25,46.35,4100.0,4715.0,5125.0,2500.0,34.6,25,0.0,30.24,32.54,41.0,1.5,11.37,0.0,0.0,0.0,3.5,0.0,11.36,10.12,60.0,39.0,0.5,1.5,7.46,7.4,7.35,7.4,0.0,0.0,0.0,3.5,0.0,6.5,6.7,2.5,4.0,250.0,34.21,0.0,0.1,0.0,0.0,0.5,2021-10-08,GRT,,,,,,cip-bobp.org,,0
373,6.5 x 47 Lapua,,CIP,FI,1 rimless,2006-05-16,2014-05-20,https://bobp.cip-bobp.org/uploads/tdcc/tab-i/6-5-x-47-lapua-en.pdf,0.0,35.68,39.31,47.0,0.0,0.0,71.0,1.37,12.01,0.0,3.85,10.39,1.4,36,0.0,45,0.0,11.95,11.59,60,45.72,1.0,1.5,7.4,7.4,6.71,0.0,0.38,55.7,4350.0,5003.0,5438.0,3300.0,48.5,25,0.0,35.57,39.19,47.26,0.0,12.04,0.0,0.0,0.0,3.85,0.0,11.99,11.63,60.0,45.64,0.75,1.75,7.45,7.42,8.7,6.72,90.0,0.35,4.5,1.5,0.0,6.5,6.7,2.29,6.0,200.0,34.59,0.0,0.1,0.0,0.0,0.5,2021-10-08,GRT,,,,,,cip-bobp.org,,0
374,6.5 x 50 R,,CIP,DE,2 rimmed,1992-02-27,2002-05-15,https://bobp.cip-bobp.org/uploads/tdcc/tab-ii/tabiical-en-page12.pdf,0.0,41.97,43.23,49.5,0.0,0.0,68.0,1.4,10.9,0.0,0.0,0.0,0.0,0,0.0,45,0.0,9.59,9.4,80.146000000000001,47.56,0.0,0.0,7.28,7.27,6.7,0.0,0.3,55.5,3650.0,4198.0,4563.0,2500.0,37.9,25,0.0,41.98,43.24,49.8,1.4,10.93,0.0,0.0,0.0,1.4,0.0,9.62,9.43,80.133,47.58,0.0,0.0,7.31,7.3,6.0,6.72,90.0,0.29,0.55,1.41666666666667,0.0,6.45,6.7,3.6,4.0,228.0,34.58,0.0,0.15,0.0,0.0,0.5,2021-10-08,GRT,,,,,,cip-bobp.org,,0
375,6.5 x 51 R,6.5 x 51 R Arisaka,CIP,JP,2 rimmed,1984-06-14,2013-05-22,https://bobp.cip-bobp.org/uploads/tdcc/tab-ii/6-5-x-51-r-arisaka-en.pdf,0.0,38.92,43.4,51.0,0.0,0.0,76.0,1.5,12.08,0.0,2.4,10.4,0.6,60,0.0,45,0.0,11.45,10.4,37,54.46,0.5,0.5,7.4,7.37,6.63,0.0,0.3,69.5,2950.0,3393.0,3688.0,2625.0,46.2,25,0.0,38.93,43.38,51.5,1.5,12.12,0.0,0.0,0.0,0.0,0.0,11.48,10.43,37.0,54.51,0.5,0.5,7.45,7.4,18.5,6.69,90.0,0.35,0.0,0.566666666666667,0.0,6.33,6.63,3.5,4.0,200.0,33.69,0.0,0.15,0.0,0.0,0.5,2021-10-08,GRT,,,,,,cip-bobp.org,,0
376,6.5 x 52 Carcano,,CIP,IT,1 rimless,1993-09-21,2014-05-20,https://bobp.cip-bobp.org/uploads/tdcc/tab-i/6-5-x-52-carcano-en.pdf,0.0,41.2,44.96,52.5,0.0,0.0,76.5,1.3,11.45,0.0,3.2,9.95,1.7,74.680000000000007,0.0,45,0.0,11.41,10.94,48.530999999999999,53.33,3.0,2.25,7.55,7.55,6.8,0.0,0.3,76.9,2850.0,3278.0,3560.0,2465.0,49.0,25,0.0,41.15,44.89,53.0,0.0,11.5,0.0,0.0,0.0,3.2,0.0,11.46,10.95,48.633,53.27,3.0,2.25,0.0,7.55,24.4,6.8,8.567,5.0,19.4,1.71666666666667,0.0,6.5,6.8,3.0,4.0,201.5,35.05,0.0,0.15,0.0,0.0,0.5,2021-10-08,GRT,,,,,,cip-bobp.org,,0
377,6.5 x 52 R K&S,,CIP,DE,2 rimmed,2012-05-30,1900-01-01,https://bobp.cip-bobp.org/uploads/tdcc/tab-ii/6-5-x-52-r-k-s-en.pdf,0.0,42.32,44.18,51.8,0.0,0.0,71.12,1.6,12.85,0.0,0.0,0.0,0.0,0,0.0,35,0.0,10.72,10.42,80,48.53,1.0,1.0,7.3,7.3,6.72,0.0,0.38,60.15,3250.0,3738.0,4063.0,2450.0,47.3,25,0.0,42.35,44.2,52.1,1.6,12.9,0.0,0.0,0.0,0.0,0.0,10.75,10.45,80.0,48.58,1.0,1.0,7.34,7.33,8.35,6.73,90.0,0.3,3.0,1.5,0.0,6.45,6.7,3.5,4.0,200.0,34.52,0.0,0.15,0.0,0.0,0.5,2021-10-08,GRT,,,,,,cip-bobp.org,,0
378,6.5 x 52 R,,CIP,DE,2 rimmed,1984-06-14,2002-05-15,https://bobp.cip-bobp.org/uploads/tdcc/tab-ii/tabiical-en-page14.pdf,0.0,35.0,40.0,52.0,0.0,0.0,64.5,1.6,12.6,0.0,0.0,0.0,0.0,0,0.0,45,0.0,10.6,9.2,22.84,57.77,0.5,0.5,7.18,7.18,6.58,0.0,0.3,68.0,2450.0,2818.0,3060.0,1810.0,37.3,25,0.0,35.0,40.0,52.3,1.6,12.65,0.0,0.0,0.0,0.0,0.0,10.63,9.23,22.833,57.85,0.5,0.5,7.21,7.2,16.0,6.62,180.0,0.0,0.0,0.566666666666667,0.0,6.3,6.55,3.5,4.0,260.0,33.02,0.0,0.15,0.0,0.0,0.5,2021-10-08,GRT,,,,,,cip-bobp.org,,0
379,6.5 x 54 Mannl. Sch.,6.5 x 54 M.-Sch.,CIP,AT,1 rimless,1984-06-14,2002-05-15,https://bobp.cip-bobp.org/uploads/tdcc/tab-i/tabical-en-page22.pdf,0.0,41.82,45.6,53.65,0.0,57.2,77.8,1.05,11.52,0.0,3.4,9.7,1.0,33.25,0.0,45,0.0,11.47,10.87,47.290999999999997,54.24,0.5,0.5,7.56,7.49,6.7,6.7,0.0,74.8,3650.0,4198.0,4560.0,2430.0,50.3,25,0.0,41.82,45.6,53.65,1.05,11.57,0.0,0.0,0.0,3.3,0.0,11.52,10.92,47.267,54.29,0.5,0.5,7.61,7.54,21.15,6.9,180.0,0.0,0.0,0.566666666666667,0.0,6.48,6.78,3.5,4.0,200.0,35.16,0.0,0.15,0.0,0.0,0.5,2021-10-08,GRT,,,,,,cip-bobp.org,,0
380,6.5 x 54 Mauser,,CIP,DE,1 rimless,1984-06-14,2002-05-15,https://bobp.cip-bobp.org/uploads/tdcc/tab-i/tabical-en-page21.pdf,0.0,36.5,43.05,54.0,0.0,0.0,68.0,1.5,11.8,0.0,3.6,10.2,1.0,38.5,0.0,45,0.0,11.95,11.1,29.998999999999999,57.21,0.5,0.5,7.59,7.59,6.64,0.0,0.3,68.0,3050.0,3508.0,3810.0,2380.0,51.3,25,0.0,36.44,42.99,54.3,1.5,11.85,0.0,0.0,0.0,3.6,0.0,11.98,11.13,29.983,57.21,0.5,0.5,7.62,7.61,14.0,6.68,180.0,0.0,0.0,0.566666666666667,0.0,6.4,6.64,3.5,4.0,200.0,33.94,0.0,0.15,0.0,0.0,0.5,2021-10-08,GRT,,,,,,cip-bobp.org,,0
381,6.5 x 55 SE,,CIP,SE,1 rimless,1984-06-14,2013-05-22,https://bobp.cip-bobp.org/uploads/tdcc/tab-i/6-5-x-55-se-en.pdf,0.0,43.49,47.13,55.0,0.0,0.0,80.0,1.5,12.2,0.0,3.25,10.5,0.9,45,0.0,45,0.0,12.2,11.04,50.584000000000003,55.17,3.5,3.7,7.6,7.52,6.71,0.0,0.5,69.1,3800.0,4370.0,4750.0,3395.0,57.2,25,0.0,43.36,47.04,55.1,1.5,12.23,0.0,0.0,0.4,3.2,0.0,12.23,11.08,50.0,55.24,2.6,3.1,7.65,7.55,14.1,6.84,90.0,0.35,0.0,0.7,0.0,6.5,6.73,2.5,4.0,220.0,34.36,0.0,0.15,0.0,0.0,0.5,2021-10-08,GRT,,,,,,cip-bobp.org,,0
382,6.5 x 55 T.R.I.,,CIP,IT,1 rimless,2015-05-19,1900-01-01,https://bobp.cip-bobp.org/uploads/tdcc/tab-i/6-5-x-55-t.pdf,0.0,43.59,47.06,54.7,0.0,0.0,85.0,1.5,12.13,0.0,3.23,10.5,0.9,45,0.0,45,0.0,12.15,11.52,60,53.56,0.0,1.52,7.51,7.51,6.7,0.0,0.5,64.15,3800.0,4370.0,4750.0,3400.0,60.4,25,0.0,43.62,47.12,54.86,0.0,12.18,0.0,0.0,0.0,3.23,0.0,12.18,11.56,60.0,53.63,0.0,1.52,7.52,7.52,9.45,6.72,90.0,0.4,5.25,1.5,0.0,6.5,6.7,2.5,4.0,203.2,34.21,0.0,0.15,0.0,0.0,0.5,2021-10-08,GRT,,,,,,cip-bobp.org,,0
383,6.5 x 57 R,,CIP,DE,2 rimmed,1984-06-14,2002-05-15,https://bobp.cip-bobp.org/uploads/tdcc/tab-ii/tabiical-en-page15.pdf,0.0,44.5,49.3,56.7,0.0,0.0,82.0,1.4,13.32,0.0,0.0,0.0,0.0,0,0.0,45,0.0,11.92,10.94,37.834000000000003,60.46,0.5,0.5,7.65,7.65,6.7,0.0,0.3,86.7,3300.0,3795.0,4125.0,3055.0,59.3,25,0.0,44.5,49.3,57.0,1.4,13.37,0.0,0.0,0.0,0.0,0.0,11.95,10.97,37.833,60.5,0.5,0.5,7.68,7.67,30.0,6.75,90.0,0.46,0.0,0.283333333333333,0.0,6.45,6.7,3.5,4.0,200.0,34.52,0.0,0.15,0.0,0.0,0.5,2021-10-08,GRT,,,,,,cip-bobp.org,,0
384,6.5 x 57,6.5 x 57 Mauser,CIP,DE,1 rimless,1984-06-14,2002-05-15,https://bobp.cip-bobp.org/uploads/tdcc/tab-i/tabical-en-page24.pdf,0.0,44.5,49.3,56.7,0.0,59.0,82.0,1.3,11.95,0.0,3.2,10.5,1.0,37.880000000000003,0.0,45,0.0,11.9,10.94,37.834000000000003,60.46,0.5,0.5,7.65,7.65,6.7,6.7,0.3,86.7,3900.0,4485.0,4875.0,3260.0,59.3,25,0.0,44.46,49.26,57.0,1.3,12.0,0.0,0.0,0.0,3.2,0.0,11.93,10.97,37.817,60.46,0.5,0.5,7.68,7.67,30.0,6.75,180.0,0.0,0.0,0.283333333333333,0.0,6.45,6.7,3.5,4.0,200.0,34.52,0.0,0.1,0.0,0.0,0.5,2021-10-08,GRT,,,,,,cip-bobp.org,,0
385,6.5 x 58 Mauser,,CIP,DE,1 rimless,1984-06-14,2002-05-15,https://bobp.cip-bobp.org/uploads/tdcc/tab-i/tabical-en-page25.pdf,0.0,42.52,48.58,58.0,0.0,0.0,82.5,1.5,11.8,0.0,3.4,10.2,1.0,45,0.0,45,0.0,11.95,10.95,30.021999999999998,62.94,0.5,0.5,7.7,7.7,6.7,0.0,0.3,88.0,3550.0,4083.0,4440.0,3330.0,56.0,25,0.0,42.46,48.53,58.3,1.5,11.85,0.0,0.0,0.0,3.4,0.0,11.98,10.98,29.967,62.97,0.5,0.5,7.73,7.72,30.0,6.75,90.0,0.49,0.0,0.283333333333333,0.0,6.45,6.7,3.5,4.0,200.0,34.52,0.0,0.15,0.0,0.0,0.5,2021-10-08,GRT,,,,,,cip-bobp.org,,0
386,6.5 x 58 R,,CIP,DE,2 rimmed,1984-06-14,2002-05-15,https://bobp.cip-bobp.org/uploads/tdcc/tab-ii/tabiical-en-page16.pdf,0.0,0.0,47.5,58.5,0.0,0.0,78.0,1.15,12.75,0.0,0.0,0.0,0.0,0,0.0,45,0.0,11.1,0.0,0,0.0,0.0,0.0,7.57,7.57,6.64,0.0,0.3,88.5,2800.0,3220.0,3500.0,2300.0,29.5,25,0.0,0.0,47.5,58.8,1.15,12.8,0.0,0.0,0.0,0.0,0.0,11.13,0.0,0.0,0.0,0.0,0.0,7.6,7.59,30.0,6.7,180.0,0.0,0.0,0.283333333333333,0.0,6.4,6.64,3.5,4.0,200.0,33.94,0.0,0.15,0.0,0.0,0.5,2021-10-08,GRT,,,,,,cip-bobp.org,,0
387,6.5 x 58,6.5 x 58 Mauser,CIP,DE,1 rimless,1984-06-14,2002-05-15,https://bobp.cip-bobp.org/uploads/tdcc/tab-i/tabical-en-page25.pdf,0.0,42.52,48.58,58.0,0.0,0.0,82.5,1.5,11.8,0.0,3.4,10.2,1.0,45,0.0,45,0.0,11.95,10.95,30.021999999999998,62.94,0.5,0.5,7.7,7.7,6.7,0.0,0.3,88.0,3550.0,4083.0,4440.0,3330.0,56.0,25,0.0,0.0,0.0,0.0,0.0,0.0,0.0,0.0,0.0,0.0,0.0,0.0,0.0,0.0,0.0,0.0,0.0,0.0,0.0,0.0,0.0,0.0,0.0,0.0,0.0,0.0,6.45,6.7,3.5,4.0,200.0,34.52,0.0,0.0,0.0,0.0,0.5,2021-10-08,GRT,,,,,,cip-bobp.org,,0
388,6.5 x 63 Messner Mag.,,CIP,FR,1 rimless,2002-01-22,2002-05-15,https://bobp.cip-bobp.org/uploads/tdcc/tab-i/tabical-en-page26.pdf,0.0,51.55,55.96,63.0,0.0,0.0,84.5,1.3,12.63,0.0,3.2,11.2,1.0,43,0.0,45,0.0,12.85,12.4,57.911000000000001,62.76,0.67,2.0,7.52,7.52,6.71,0.0,0.3,89.41,4400.0,5060.0,5500.0,4200.0,83.8,25,0.0,51.53,55.93,63.25,1.3,12.65,0.0,0.0,0.0,3.2,0.0,12.88,12.43,58.017,62.74,0.34,2.0,7.55,7.55,26.41,6.71,90.0,0.42,0.0,0.283333333333333,0.0,6.45,6.7,3.5,4.0,200.0,34.52,0.0,0.1,0.0,0.0,0.5,2021-10-08,GRT,,,,,,cip-bobp.org,,0
389,6.5 x 64 Brenneke,,CIP,DE,1 rimless,1992-02-27,2013-05-22,https://bobp.cip-bobp.org/uploads/tdcc/tab-i/6-5-x-64-brenneke-en.pdf,0.0,49.5,55.4,64.52,0.0,0.0,84.84,1.24,12.01,0.0,3.23,10.39,0.9,36,0.0,72,0.0,11.97,11.21,35.347999999999999,67.09,1.02,3.18,7.45,7.42,6.7,0.0,0.91,71.1,4300.0,4945.0,5190.0,3645.0,67.4,25,0.0,49.28,55.32,65.02,0.0,12.04,0.0,0.0,0.0,3.17,0.0,11.98,11.23,34.483,67.37,0.76,3.18,7.48,7.45,6.58,6.7,75.0,0.49,3.0,1.98333333333333,0.0,6.45,6.7,3.5,4.0,255.0,34.52,0.0,0.1,0.0,0.0,0.5,2021-10-08,GRT,,,,,,cip-bobp.org,,0
390,6.5 x 64,,CIP,DE,1 rimless,1992-02-27,2002-05-15,https://bobp.cip-bobp.org/uploads/tdcc/tab-i/tabical-en-page27.pdf,0.0,51.97,54.32,64.0,0.0,0.0,84.0,1.3,11.95,0.0,3.2,10.5,1.0,36.25,0.0,45,0.0,11.82,11.6,80.088999999999999,58.87,0.0,0.0,7.65,7.64,6.7,0.0,0.3,72.0,4300.0,4945.0,5375.0,3645.0,71.9,25,0.0,51.95,54.3,64.3,1.3,12.0,0.0,0.0,0.0,3.2,0.0,11.84,11.63,80.083,58.87,0.0,0.0,7.68,7.67,8.0,6.72,180.0,0.0,0.0,0.966666666666667,0.0,6.45,6.7,3.6,4.0,228.0,34.58,0.0,0.1,0.0,0.0,0.5,2021-10-08,GRT,,,,,,cip-bobp.org,,0
391,6.5 x 65 R RWS,,CIP,DE,2 rimmed,1990-04-05,2002-05-15,https://bobp.cip-bobp.org/uploads/tdcc/tab-ii/tabiical-en-page17.pdf,0.0,53.85,58.52,65.0,0.0,0.0,85.0,1.5,13.5,0.0,0.0,0.0,0.0,0,0.0,0,0.0,12.08,10.97,40,68.92,0.0,0.0,7.57,7.57,6.7,0.0,0.0,74.96,3800.0,4170.0,4750.0,3675.0,67.3,25,0.0,53.86,58.49,65.3,1.5,13.55,0.0,0.0,0.0,0.0,0.0,12.11,11.0,40.0,68.97,0.0,0.0,7.63,7.6,9.96,6.71,90.0,0.45,5.0,1.5,0.0,6.45,6.7,3.5,4.0,200.0,34.52,0.0,0.15,0.0,0.0,0.5,2021-10-08,GRT,,,,,,cip-bobp.org,,0
392,6.5 x 65 RWS,,CIP,DE,1 rimless,1990-04-05,2002-05-15,https://bobp.cip-bobp.org/uploads/tdcc/tab-i/tabical-en-page29.pdf,0.0,53.85,58.52,65.0,0.0,0.0,85.0,1.3,11.95,0.0,3.2,10.5,1.0,40.549999999999997,0.0,45,0.0,12.04,10.97,40.000999999999998,68.92,0.0,0.0,7.57,7.57,6.7,0.0,0.3,74.96,4150.0,4773.0,5190.0,3955.0,68.3,25,0.0,53.81,58.44,65.3,1.3,12.07,0.0,0.0,0.0,3.2,0.0,12.07,11.0,39.983,68.92,0.0,0.0,7.63,7.6,9.96,6.71,90.0,0.44,5.0,1.5,0.0,6.45,6.7,3.5,4.0,200.0,34.52,0.0,0.1,0.0,0.0,0.5,2021-10-08,GRT,,,,,,cip-bobp.org,,0
393,6.5 x 68 R,,CIP,DE,2 rimmed,1984-06-14,2002-05-15,https://bobp.cip-bobp.org/uploads/tdcc/tab-ii/tabiical-en-page18.pdf,0.0,51.78,60.53,67.5,0.0,0.0,87.5,1.75,15.0,0.0,0.0,0.0,0.0,0,0.0,45,0.0,13.34,12.18,29.332999999999998,75.05,0.5,0.5,7.6,7.6,6.7,0.0,0.3,97.5,3900.0,4485.0,4875.0,3810.0,83.3,25,0.0,51.78,60.53,67.8,1.75,15.05,0.0,0.0,0.0,0.0,0.0,13.37,12.21,29.317,75.11,0.5,0.5,7.63,7.63,30.0,6.75,180.0,0.0,0.0,0.283333333333333,0.0,6.45,6.7,3.5,4.0,250.0,34.52,0.0,0.1,0.0,0.0,0.5,2021-10-08,GRT,,,,,,cip-bobp.org,,0
394,6.5 x 68,,CIP,DE,1 rimless,1984-06-14,2002-05-15,https://bobp.cip-bobp.org/uploads/tdcc/tab-i/tabical-en-page30.pdf,0.0,51.75,60.5,67.5,0.0,67.9,86.5,1.4,13.0,0.0,3.5,11.2,1.0,43.670000000000002,0.0,45,0.0,13.3,12.18,29.332000000000001,75.02,0.5,0.5,7.6,7.6,6.7,6.7,0.3,97.5,4400.0,5060.0,5500.0,4045.0,86.3,25,0.0,51.7,60.45,67.8,1.4,13.05,0.0,0.0,0.0,3.5,0.0,13.33,12.21,29.317,75.03,0.5,0.5,7.63,7.62,30.0,6.75,180.0,0.0,0.0,0.283333333333333,0.0,6.45,6.7,3.5,4.0,250.0,34.52,0.0,0.1,0.0,0.0,0.5,2021-10-08,GRT,,,,,,cip-bobp.org,,0
395,6.5 x 70 R,,CIP,DE/AT,2 rimmed,1986-04-11,2002-05-15,https://bobp.cip-bobp.org/uploads/tdcc/tab-ii/tabiical-en-page19.pdf,0.0,0.0,60.0,70.0,0.0,0.0,90.0,1.52,10.7,0.0,0.0,0.0,0.0,0,0.0,45,0.0,9.0,0.0,0,0.0,0.0,0.0,7.52,7.42,6.64,0.0,0.3,100.0,2800.0,3220.0,3500.0,1730.0,36.9,25,0.0,0.0,60.03,70.3,1.52,10.75,0.0,0.0,0.0,0.0,0.0,9.03,0.0,0.0,0.0,0.0,0.0,7.57,7.46,30.0,6.7,90.0,0.38,0.0,0.283333333333333,0.0,6.4,6.64,3.5,4.0,200.0,33.94,0.0,0.15,0.0,0.0,0.5,2021-10-08,GRT,,,,,,cip-bobp.org,,0
396,6.8 mm Rem. SPC,,CIP,US,1 rimless,2006-05-16,1900-01-01,https://bobp.cip-bobp.org/uploads/tdcc/tab-i/tabical-en-page31.pdf,0.0,33.05,35.91,42.84,0.0,0.0,57.4,1.24,10.72,0.0,3.2,9.09,0.84,36,0.0,35,0.0,10.72,10.2,46,45.05,0.64,2.54,7.77,7.77,7.06,0.0,0.38,48.41,4050.0,4658.0,5063.0,2993.0,36.2,25,0.0,32.91,35.73,43.1,0.0,10.8,0.0,0.0,0.0,3.2,0.0,10.75,10.23,46.0,44.98,0.76,3.18,7.84,7.8,5.57,7.06,90.0,0.37,1.64,1.5,0.0,6.86,7.04,4.06,4.0,254.0,38.52,0.0,0.1,0.0,0.0,0.5,2021-10-08,GRT,,,,,,cip-bobp.org,,0
397,7 mm - 08 Rem.,,CIP,US,1 rimless,1984-06-14,2002-05-15,https://bobp.cip-bobp.org/uploads/tdcc/tab-i/tabical-en-page35.pdf,0.0,39.62,44.47,51.69,0.0,0.0,71.12,1.37,12.01,0.0,3.85,10.39,1.4,36,0.0,35,0.0,11.96,11.53,40,55.46,0.76,3.18,8.0,8.0,7.23,0.0,0.38,56.93,4150.0,4773.0,5190.0,3720.0,55.3,25,0.0,39.48,44.3,51.94,0.0,12.03,0.0,0.0,0.0,3.85,0.0,11.99,11.56,40.0,55.36,0.76,3.81,8.05,8.03,5.24,7.23,90.0,0.4,3.43,3.0,0.0,7.04,7.21,2.79,6.0,241.0,40.39,0.0,0.1,0.0,0.0,0.5,2021-10-08,GRT,,,,,,cip-bobp.org,,0
398,7 mm Blaser Mag.,,CIP,SE,1 rimless,2009-05-05,1900-01-01,https://bobp.cip-bobp.org/uploads/tdcc/tab-i/tabical-en-page36.pdf,0.0,47.24,51.65,59.7,0.0,0.0,80.0,1.37,13.59,0.0,3.61,12.19,1.42,45,0.0,35,0.0,13.84,13.09,60,58.58,1.5,2.0,8.0,8.0,7.22,0.0,0.3,68.96,4200.0,4830.0,5250.0,4585.0,82.8,25,0.0,47.22,51.59,60.0,1.37,13.92,0.0,0.0,0.0,3.61,0.0,13.87,13.12,60.0,58.58,1.5,2.0,8.07,8.02,9.26,7.23,90.0,0.4,2.0,0.75,0.0,7.04,7.21,4.06,4.0,254.0,40.39,0.0,0.1,0.0,0.0,0.5,2021-10-08,GRT,,,,,,cip-bobp.org,,0
399,7 mm BR Rem.,7 mm B.R. Rem.,CIP,US,1 rimless,1994-03-01,2002-05-15,https://bobp.cip-bobp.org/uploads/tdcc/tab-i/tabical-en-page37.pdf,0.0,27.3,30.61,38.61,0.0,0.0,54.42,1.37,12.01,0.0,3.85,10.39,1.4,36,0.0,35,0.0,11.96,11.68,60,37.42,0.64,1.27,7.86,7.84,7.23,0.0,0.46,43.62,4050.0,4658.0,5060.0,3150.0,39.7,17.5,0.0,27.2,30.52,38.86,0.0,12.04,0.0,0.0,0.0,3.85,0.0,11.99,11.71,60.0,37.34,0.64,1.91,7.87,7.85,5.01,7.23,90.0,0.31,3.2,3.0,0.0,7.04,7.21,2.79,6.0,241.3,40.39,0.0,0.1,0.0,0.0,0.5,2021-10-08,GRT,,,,,,cip-bobp.org,,0
400,7 mm Exp. Rem.,,CIP,US,1 rimless,1984-06-14,2002-05-15,https://bobp.cip-bobp.org/uploads/tdcc/tab-i/tabical-en-page38.pdf,0.0,50.78,55.87,64.52,0.0,0.0,84.58,1.24,12.01,0.0,3.17,10.39,0.84,36,0.0,35,0.0,11.97,11.21,35,68.56,0.64,2.54,8.0,8.0,7.23,0.0,0.38,69.27,4050.0,4658.0,5060.0,3930.0,67.9,25,0.0,50.61,55.7,65.02,0.0,12.06,0.0,0.0,0.0,3.17,0.0,12.0,11.23,34.5,68.69,0.64,3.18,8.07,8.02,4.75,7.25,90.0,0.39,0.0,1.36666666666667,0.0,7.04,7.21,2.79,6.0,241.0,40.39,0.0,0.1,0.0,0.0,0.5,2021-10-08,GRT,,,,,,cip-bobp.org,,0
401,7 mm KM,,CIP,DE,1 rimless,1999-09-01,2011-05-25,https://bobp.cip-bobp.org/uploads/tdcc/tab-i/7-mm-km-en.pdf,0.0,54.9,60.72,69.2,0.0,0.0,93.5,1.52,14.93,0.0,3.12,13.24,0.9,50,0.0,45,0.0,14.91,13.82,52.021999999999998,69.05,0.0,2.0,8.14,8.12,7.23,0.0,0.5,76.32,4400.0,5060.0,5500.0,5670.0,112.8,25,0.0,50.0,60.7,69.45,0.0,15.03,0.0,0.0,0.0,3.12,0.0,14.96,13.85,52.017,69.06,0.0,2.5,8.16,8.14,7.12,7.23,90.617,0.45,3.95,1.71666666666667,0.0,7.04,7.21,2.79,6.0,216.0,40.39,0.0,0.1,0.0,0.0,0.55,2021-10-08,GRT,,,,,,cip-bobp.org,,0
402,7 mm Mag. Fl. H&H,7 mm Mag.Fl. H&H,CIP,GB,2 rimmed,1984-06-14,2002-05-15,https://bobp.cip-bobp.org/uploads/tdcc/tab-ii/tabiical-en-page23.pdf,0.0,49.53,54.61,63.5,0.0,0.0,82.8,1.09,12.95,0.0,0.0,0.0,0.0,0,0.0,0,0.0,11.68,10.29,24.533000000000001,73.19,0.0,0.0,8.08,8.08,7.21,0.0,0.0,69.04,3300.0,3795.0,4125.0,3150.0,62.3,25,0.0,49.56,54.64,63.75,1.12,13.21,0.0,0.0,0.0,0.0,0.0,11.71,10.31,24.517,73.27,0.5,0.5,8.1,8.1,5.54,7.25,180.0,0.0,0.0,1.48333333333333,0.0,6.96,7.2,0.0,0.0,220.0,38.05,0.0,0.15,0.0,0.0,0.5,2021-10-08,GRT,,,,,,cip-bobp.org,,0
403,7 mm Penna L,,CIP,IT,4 pistol/revolver,2006-05-16,1900-01-01,https://bobp.cip-bobp.org/uploads/tdcc/tab-iv/tabivcal-en-page7.pdf,0.0,0.0,0.0,28.0,30.0,0.0,41.0,1.2,7.95,0.0,2.92,6.8,1.15,45,0.0,45,0.0,7.95,0.0,0,0.0,0.0,0.0,0.0,7.9,7.04,7.04,0.1,32.25,2750.0,3163.0,3575.0,0.0,13.8,12.5,0.0,0.0,0.0,28.0,0.0,8.0,0.0,0.0,0.0,2.92,0.0,8.0,0.0,0.0,0.0,0.0,0.0,0.0,7.98,4.25,7.15,180.0,0.0,0.0,1.95,0.0,6.86,7.03,0.85,6.0,354.0,37.4,0.0,0.3,0.0,0.0,0.5,2021-10-08,GRT,,,,,,cip-bobp.org,,0
404,7 mm Practical,7 Practical,WildCat,RSA,3 magnum,1984-06-14,2019-11-08,,0.0,56.1,59.78,66.95,0.0,0.0,84.84,1.27,13.51,13.51,5.59,12.07,0.94,35,0.0,35,0.0,13.03,12.32,60,66.76,1.02,2.54,8.06,8.06,7.22,0.0,0.41,74.41,4300.0,4945.0,5375.0,4935.0,97.2,25,0.0,0.0,0.0,0.0,0.0,0.0,0.0,0.0,0.0,0.0,0.0,0.0,0.0,0.0,0.0,0.0,0.0,0.0,0.0,0.0,0.0,0.0,0.0,0.0,0.0,0.0,7.04,7.21,4.06,4.0,254.0,40.39,0.0,0.0,0.0,0.0,0.5,2021-10-08,GRT,,,,,,cip-bobp.org,,0
405,7 mm Rem. Mag.,,CIP,US,3 magnum,1984-06-14,2002-05-15,https://bobp.cip-bobp.org/uploads/tdcc/tab-iii/tabiiical-en-page3.pdf,0.0,51.82,56.61,63.5,0.0,0.0,83.57,1.27,13.51,13.51,5.59,12.07,0.94,35,0.0,35,0.0,13.03,12.47,50,65.19,1.02,3.18,8.0,8.0,7.23,68.61,0.41,68.61,4300.0,4945.0,5375.0,4515.0,82.3,25,0.0,52.03,56.79,64.11,0.0,13.59,0.0,13.59,0.0,5.59,0.0,13.06,12.49,50.0,65.42,0.76,3.81,8.05,8.03,5.11,7.23,90.0,0.4,3.3,3.0,0.0,7.04,7.21,2.79,6.0,241.0,40.39,0.0,0.1,0.0,0.0,0.5,2021-10-08,GRT,,,,,,cip-bobp.org,,0
406,7 mm Rem. SA Ultra Mag.,,CIP,US,1 rimless,2002-03-01,2004-09-27,https://bobp.cip-bobp.org/uploads/tdcc/tab-i/tabical-en-page40.pdf,0.0,39.07,43.79,51.69,0.0,0.0,71.76,1.27,13.56,0.0,3.75,12.07,0.94,32,0.0,35,0.0,14.0,13.58,60,50.83,0.0,3.18,8.13,8.13,7.23,7.04,0.41,59.88,4400.0,5060.0,5500.0,4500.0,72.8,25,0.0,38.95,43.65,51.94,0.0,14.05,0.0,0.0,0.0,3.75,0.0,14.01,13.61,60.0,50.74,0.0,3.18,8.18,8.15,8.19,7.23,90.0,0.46,2.75,1.0,0.0,7.04,7.21,2.79,6.0,254.0,40.39,0.0,0.1,0.0,0.0,0.5,2021-10-08,GRT,,,,,,cip-bobp.org,,0
407,7 mm Rem. Ultra Mag.,,CIP,US,1 rimless,2002-01-22,2002-05-15,https://bobp.cip-bobp.org/uploads/tdcc/tab-i/tabical-en-page41.pdf,0.0,60.64,65.1,72.39,0.0,0.0,91.44,1.27,13.56,0.0,3.75,12.07,0.94,32,0.0,35,0.0,13.99,13.33,60,72.18,0.76,3.18,8.18,8.18,7.23,0.0,0.41,88.2,4400.0,5060.0,5500.0,5250.0,112.4,25,0.0,60.51,64.96,72.64,0.0,14.05,0.0,0.0,0.0,3.75,0.0,14.02,13.36,60.0,72.08,0.76,3.18,8.23,8.2,15.81,7.23,90.0,0.49,10.65,1.0,0.0,7.04,7.21,2.79,6.0,241.3,40.34,0.0,0.1,0.0,0.0,0.7,2021-10-08,GRT,,,,,,cip-bobp.org,,0
408,7 mm Rosè,,CIP,IT,3 belted,2017-05-17,2017-05-17,https://bobp.cip-bobp.org/uploads/tdcc/tab-iii/7-mm-rose-170223-en.pdf,0.0,55.78,60.52,66.55,0.0,0.0,83.57,1.27,13.51,13.51,5.59,12.07,0.94,35,0.0,35,0.0,13.03,12.42,50,69.1,1.02,0.0,8.0,8.0,7.22,68.61,0.41,0.0,4300.0,4945.0,5375.0,5000.0,86.5,25,0.0,55.96,60.62,67.16,1.27,13.59,0.0,13.59,0.0,5.59,0.0,13.06,12.45,50.0,69.3,0.76,3.18,0.0,8.08,6.01,7.23,90.0,0.43,2.5,1.55,0.0,7.04,7.21,2.79,6.0,241.0,40.39,0.0,0.1,0.0,0.0,0.5,2021-10-08,GRT,,,,,,,,0
409,7 mm SE v.H.,,CIP,DE,1 rimless,1984-06-14,2002-05-15,https://bobp.cip-bobp.org/uploads/tdcc/tab-i/tabical-en-page42.pdf,0.0,53.6,57.52,66.0,0.0,0.0,84.0,1.3,13.0,0.0,3.7,11.5,1.0,40,0.0,45,0.0,13.85,12.7,60.039000000000001,64.59,0.5,0.5,8.17,8.17,7.24,0.0,0.3,81.0,4400.0,5060.0,5500.0,4525.0,93.3,25,0.0,53.56,57.47,66.5,1.3,13.05,0.0,0.0,0.0,3.7,0.0,13.88,12.73,60.05,64.57,0.5,0.5,8.21,8.2,15.0,7.28,180.0,0.0,0.0,0.566666666666667,0.0,6.98,7.24,4.0,4.0,260.0,40.47,0.0,0.1,0.0,0.0,0.5,2021-10-08,GRT,,,,,,cip-bobp.org,,0
410,7 mm STW,,CIP,US,3 magnum,2000-02-15,2008-09-23,https://bobp.cip-bobp.org/uploads/tdcc/tab-iii/tabiiical-en-page4.pdf,0.0,60.69,65.32,72.39,0.0,0.0,92.71,1.27,13.51,13.51,5.58,12.07,0.94,35,0.0,35,0.0,13.03,12.37,50,73.95,1.02,3.18,8.05,8.05,7.23,0.0,0.41,80.01,4400.0,5060.0,5500.0,5250.0,97.3,25,0.0,60.88,65.45,72.96,0.0,13.59,0.0,13.59,0.0,5.59,0.0,13.06,12.39,50.0,74.17,0.76,3.81,8.13,8.1,7.62,7.23,144.317,0.14,5.22,2.5,0.0,7.02,7.21,2.87,6.0,241.0,40.39,0.0,0.1,0.0,0.0,0.6,2021-10-08,GRT,,,,,,cip-bobp.org,,0
411,7 mm T/CU,"7 x 45 T/CU, 7mm TCU",WildCat,US,1 rimless,1984-06-14,2002-5-15,,0.0,36.83,37.5,44.3,0.0,0.0,67.95,1.14,9.6,0.0,3.13,8.43,0.76,25,0.0,35,0.0,9.58,9.0,80,47.12,0.64,2.54,7.94,7.94,7.21,0.0,0.45,46.88,3792.0,0.0,0.0,0.0,33.0,0,0.0,36.73,37.4,44.8,0.0,9.66,0.0,0.0,0.0,3.13,0.0,9.61,9.02,80.0,48.77,0.64,3.18,7.99,7.96,2.18,7.21,90.0,0.38,1.01,3.17,0.0,7.08,7.21,1.88,6.0,254.0,40.387,0.0,0.1,0.0,0.0,0.6,2021-10-08,GRT,,,,,,cip-bobp.org,,0
412,7 mm Weath. Mag.,7 mm Weath.Mag.,CIP,US,3 magnum,1984-06-14,2002-05-15,https://bobp.cip-bobp.org/uploads/tdcc/tab-iii/tabiiical-en-page5.pdf,0.0,52.55,54.66,64.74,0.0,0.0,85.34,1.3,13.5,13.5,5.56,11.61,1.24,45,0.0,45,0.0,13.0,12.49,94.293000000000006,58.34,3.3,3.84,7.92,7.92,7.22,0.0,0.3,79.78,4400.0,5060.0,5500.0,5040.0,87.3,25,0.0,52.64,54.69,65.13,0.0,13.56,0.0,13.56,0.0,5.59,0.0,13.06,12.58,95.75,58.33,3.05,3.84,8.06,8.0,15.04,7.22,90.0,0.39,9.6,1.01666666666667,0.0,7.02,7.21,2.87,6.0,254.0,40.39,0.0,0.1,0.0,0.0,0.5,2021-10-08,GRT,,,,,,cip-bobp.org,,0
413,7 mm WSM,7 mm Win. Short Mag.,CIP,US,1 rimless,2002-01-22,2011-05-25,https://bobp.cip-bobp.org/uploads/tdcc/tab-i/7-mm-win-short-mag-en.pdf,0.0,43.23,47.17,53.34,0.0,0.0,72.64,1.37,13.59,0.0,3.35,12.19,1.02,45,0.0,35,0.0,14.12,13.66,70,52.99,1.27,2.54,8.15,8.15,7.23,0.0,0.36,58.56,4400.0,5060.0,5500.0,4830.0,81.3,25,0.0,43.1,47.02,53.59,0.0,14.19,0.0,0.0,0.0,3.35,0.0,14.15,13.69,70.0,52.88,1.27,3.05,8.2,8.18,5.22,7.29,90.0,0.45,0.0,1.5,0.0,7.04,7.21,2.79,6.0,241.0,40.39,0.0,0.1,0.0,0.0,0.5,2021-10-08,GRT,,,,,,cip-bobp.org,,0
414,7 mm Zentile,,CIP,IT,1 rimless,2018-10-17,2019-05-22,https://bobp.cip-bobp.org/uploads/tdcc/tab-i/7-mm-zentile-190408-en.pdf,0.0,33.09,36.52,45.0,0.0,0.0,65.0,1.37,13.59,0.0,3.35,12.19,1.02,45,0.0,35,0.0,14.12,13.76,80,41.28,1.27,0.0,8.0,8.0,7.23,0.0,0.36,0.0,4400.0,5060.0,5500.0,3700.0,65.0,25,0.0,32.95,36.37,45.25,0.0,14.19,0.0,0.0,0.0,3.35,0.0,14.15,13.79,80.0,41.17,1.27,3.05,8.05,8.05,8.19,0.0,85.0,0.45,2.75,1.0,0.0,7.04,7.21,2.79,6.0,241.0,40.39,0.0,0.1,0.0,0.0,0.5,2021-10-08,GRT,,,,,,,,0
415,7 Penna,,CIP,IT,4 pistol/revolver,2004-05-18,2004-09-27,https://bobp.cip-bobp.org/uploads/tdcc/tab-iv/tabivcal-en-page6.pdf,0.0,0.0,0.0,23.0,25.0,0.0,34.5,1.2,7.95,0.0,2.92,6.8,1.15,45,0.0,45,0.0,7.95,0.0,0,0.0,0.0,0.0,0.0,7.9,7.04,7.04,0.1,27.25,2500.0,2875.0,3250.0,0.0,11.0,12.5,0.0,0.0,0.0,23.0,0.0,8.0,0.0,0.0,0.0,2.92,0.0,8.0,0.0,0.0,0.0,0.0,0.0,0.0,7.98,4.25,7.15,180.0,0.0,0.0,1.95,0.0,6.86,7.03,0.85,6.0,254.0,37.4,0.0,0.3,0.0,0.0,0.5,2021-10-08,GRT,,,,,,cip-bobp.org,,0
416,7 x 33 Sako,,CIP,FI,1 rimless,1995-03-09,2002-05-15,https://bobp.cip-bobp.org/uploads/tdcc/tab-i/tabical-en-page32.pdf,0.0,26.68,29.1,33.33,0.0,0.0,44.44,1.27,10.0,0.0,3.05,8.8,0.9,32.700000000000003,0.0,45,0.0,9.93,9.52,35.944000000000003,41.35,0.0,0.0,7.95,7.9,7.26,0.0,0.3,41.4,2800.0,3220.0,3500.0,1715.0,25.2,17.5,0.0,26.54,29.03,33.94,1.27,10.05,0.0,0.0,0.0,3.04,0.0,9.98,9.55,34.983,41.69,0.0,0.0,7.98,7.93,8.07,7.29,90.0,0.32,0.0,1.13333333333333,0.0,6.98,7.23,3.6,4.0,401.0,40.15,0.0,0.15,0.0,0.0,0.5,2021-10-08,GRT,,,,,,cip-bobp.org,,0
417,7 x 44 Penna,,CIP,IT,1 rimless,2013-05-22,1900-01-01,https://bobp.cip-bobp.org/uploads/tdcc/tab-i/7-x-44-penna-en.pdf,0.0,35.0,38.67,44.5,0.0,0.0,60.0,1.14,9.6,0.0,3.13,8.43,0.76,25,0.0,35,0.0,9.58,9.03,22.048999999999999,58.17,0.6,2.5,7.6,7.6,7.04,0.0,0.45,59.66,4400.0,5060.0,5500.0,2000.0,33.0,25,0.0,34.9,38.67,44.4,0.0,9.63,0.0,0.0,0.0,3.13,0.0,9.61,9.03,21.183,59.04,0.6,2.5,7.62,7.62,15.16,7.04,180.0,0.0,10.0,0.983333333333333,0.0,6.86,7.03,0.85,6.0,254.0,37.4,0.0,0.1,0.0,0.0,0.5,2021-10-08,GRT,,,,,,cip-bobp.org,,0
418,7 x 49 GJW,,CIP,DE,4 pistol/revolver,1991-02-19,2008-09-23,https://bobp.cip-bobp.org/uploads/tdcc/tab-iv/tabivcal-en-page5.pdf,0.0,42.32,43.23,49.0,0.0,0.0,73.5,1.14,9.6,0.0,3.1,8.44,0.8,25.372,0.0,45,0.0,9.54,9.3,80.105000000000004,47.85,0.0,0.0,7.77,7.77,7.25,0.0,0.5,61.09,4400.0,5060.0,5720.0,0.0,36.9,25,0.0,42.3,43.19,49.5,1.14,9.63,0.0,0.0,0.0,3.1,0.0,9.57,9.33,80.233,47.84,0.0,0.0,7.83,7.8,12.09,7.3,90.0,0.25,5.6,1.5,0.0,6.96,7.2,3.7,4.0,228.0,39.91,0.0,0.1,0.0,0.0,0.5,2021-10-08,GRT,,,,,,cip-bobp.org,,0
419,7 x 50 R,,CIP,DE,2 rimmed,1992-02-27,2002-05-15,https://bobp.cip-bobp.org/uploads/tdcc/tab-ii/tabiical-en-page21.pdf,0.0,41.97,42.9,49.5,0.0,0.0,68.0,1.4,10.9,0.0,0.0,0.0,0.0,0,0.0,45,0.0,9.59,9.4,80.334999999999994,47.54,0.0,0.0,7.83,7.82,7.25,0.0,0.3,56.0,3650.0,4198.0,4560.0,2940.0,35.8,25,0.0,41.98,42.92,49.8,1.4,10.93,0.0,0.0,0.0,0.0,0.0,9.62,9.43,79.717,47.63,0.0,0.0,7.86,7.85,6.5,7.27,90.0,0.29,0.0,1.33333333333333,0.0,6.98,7.24,4.1,4.0,228.0,40.54,0.0,0.15,0.0,0.0,0.5,2021-10-08,GRT,,,,,,cip-bobp.org,,0
420,7 x 57 Ackley Improved,,Wildcat,DE,1 rimless,1984-06-14,2002-5-15,,0.0,44.88,47.16,56.77,0.0,0.0,72.39,1.24,12.01,0.0,3.04,10.7,0.84,32,0.0,45,0.0,11.97,11.48,80,57.69,0.5,0.5,8.08,8.15,7.21,0.0,0.3,76.2,3998.96,4484.97,4875.01,3450.56,60.9,24.890000000000001,0.0,45.16,47.19,57.25,5.08,12.0,0.0,0.0,0.0,3.04,0.0,12.05,11.56,80.0,57.69,0.5,0.5,8.13,8.13,0.43,7.3,180.0,0.0,0.0,1.3,0.0,6.93,7.23,3.9,4.0,220.0,40.39,0.0,0.1,0.0,0.0,0.5,2021-10-08,GRT,,,,,,cip-bobp.org,,0
421,7 x 57 R,,CIP,DE,2 rimmed,1984-06-14,2015-05-19,https://bobp.cip-bobp.org/uploads/tdcc/tab-ii/7-x-57-r-en.pdf,0.0,43.8,47.37,57.0,0.0,0.0,78.0,1.6,13.5,0.0,0.0,0.0,0.0,0,0.0,45,0.0,12.05,10.92,41.006999999999998,58.4,0.5,0.5,8.25,8.25,7.25,0.0,0.3,76.69,3400.0,3910.0,4250.0,3390.0,60.2,25,0.0,43.8,47.37,57.3,1.6,13.55,0.0,0.0,0.0,0.0,0.0,12.08,10.95,41.0,58.44,0.5,0.5,8.28,8.27,19.69,7.3,90.0,0.49,0.0,0.466666666666667,0.0,6.98,7.24,3.7,4.0,220.0,40.29,0.0,0.15,0.0,0.0,0.5,2021-10-08,GRT,,,,,,cip-bobp.org,,0
422,7 x 57,7 x 57 Mauser,CIP,DE,1 rimless,1984-06-14,2002-05-15,https://bobp.cip-bobp.org/uploads/tdcc/tab-i/tabical-en-page33.pdf,0.0,43.84,47.41,57.0,0.0,0.0,78.0,1.15,12.1,0.0,3.04,10.7,0.84,32,0.0,45,0.0,12.01,10.92,40.901000000000003,58.48,0.5,0.5,8.25,8.25,7.25,0.0,0.3,76.2,3900.0,4485.0,4875.0,3450.0,59.7,25,0.0,43.8,47.37,57.3,1.15,12.15,0.0,0.0,0.0,3.04,0.0,12.04,10.95,41.0,58.44,0.5,0.5,8.28,8.27,19.2,7.3,180.0,0.0,0.0,0.466666666666667,0.0,6.98,7.24,3.9,4.0,220.0,40.41,0.0,0.1,0.0,0.0,0.5,2021-10-08,GRT,,,,,,cip-bobp.org,,0
423,7 x 61 Super,,CIP,US,3 magnum,1990-04-24,2011-05-25,https://bobp.cip-bobp.org/uploads/tdcc/tab-iii/7-x-61-super-en.pdf,0.0,50.8,52.85,61.0,0.0,0.0,83.0,1.3,13.5,13.5,5.6,12.2,1.1,35,0.0,0,0.0,13.05,11.91,85.75,57.21,2.0,1.5,8.1,8.06,7.2,7.2,0.0,88.0,4050.0,4658.0,5060.0,4620.0,72.8,25,0.0,50.9,52.87,61.62,0.0,13.56,0.0,13.56,0.0,5.62,0.0,13.08,12.01,88.0,7.22,2.0,1.5,8.21,8.18,27.0,7.23,90.0,0.48,6.25,0.316666666666667,0.0,7.0,7.22,2.7,6.0,229.0,40.31,0.0,0.1,0.0,0.0,0.5,2021-10-08,GRT,,,,,,cip-bobp.org,,0
424,7 x 64,,CIP,DE,1 rimless,1984-06-14,2002-05-15,https://bobp.cip-bobp.org/uploads/tdcc/tab-i/tabical-en-page34.pdf,0.0,51.5,55.37,64.0,70.4,0.0,84.0,1.3,11.95,0.0,3.2,10.5,1.0,36.869999999999997,0.0,45,0.0,11.85,10.8,40.429000000000002,66.17,0.5,0.5,7.95,7.95,7.25,7.25,0.3,98.0,4150.0,4773.0,5190.0,4270.0,69.0,25,0.0,51.46,55.32,64.3,1.3,12.0,0.0,0.0,0.0,3.2,0.0,11.88,10.83,40.517,66.13,0.5,0.5,7.98,7.97,34.0,0.0,180.0,0.0,0.0,0.283333333333333,0.0,6.98,7.24,3.7,4.0,220.0,40.29,0.0,0.1,0.0,0.0,0.5,2021-10-08,GRT,,,,,,cip-bobp.org,,0
425,7 x 65 R,,CIP,DE,2 rimmed,1984-06-14,2002-05-15,https://bobp.cip-bobp.org/uploads/tdcc/tab-ii/tabiical-en-page24.pdf,0.0,51.5,55.36,65.0,0.0,0.0,83.6,1.4,13.32,0.0,0.0,0.0,0.0,0,0.0,45,0.0,11.89,10.8,40.526000000000003,66.13,0.5,0.5,7.95,7.95,7.25,0.0,0.3,98.0,3800.0,4370.0,4750.0,4170.0,68.0,25,0.0,51.5,55.36,65.3,1.4,13.37,0.0,0.0,0.0,0.0,0.0,11.92,10.83,40.517,66.17,0.5,0.5,7.98,7.97,33.0,7.31,180.0,0.0,0.0,0.283333333333333,0.0,6.98,7.24,3.7,4.0,220.0,40.29,0.0,0.15,0.0,0.0,0.5,2021-10-08,GRT,,,,,,cip-bobp.org,,0
426,7 x 67 R Luyven,,CIP,DE,2 rimmed,2006-05-16,1900-01-01,https://bobp.cip-bobp.org/uploads/tdcc/tab-ii/tabiical-en-page25.pdf,0.0,53.53,60.05,66.7,0.0,0.0,90.0,1.6,13.55,0.0,0.0,0.0,0.0,0,0.0,0,0.0,12.27,11.47,27.823,76.68,0.0,0.0,8.24,8.24,7.25,0.0,0.0,86.38,3800.0,4370.0,4750.0,3800.0,77.3,25,0.0,53.5,60.0,67.0,1.6,13.55,0.0,0.0,0.0,1.6,0.0,12.3,11.5,27.817,76.71,0.0,0.0,8.28,8.27,19.68,7.3,90.0,0.49,0.0,0.466666666666667,0.0,6.98,7.24,3.7,4.0,228.0,40.29,0.0,0.15,0.0,0.0,0.5,2021-10-08,GRT,,,,,,cip-bobp.org,,0
427,7 x 72 R,,CIP,DE,2 rimmed,1984-06-14,2002-05-15,https://bobp.cip-bobp.org/uploads/tdcc/tab-ii/tabiical-en-page26.pdf,0.0,52.0,60.0,72.0,0.0,0.0,92.0,1.3,12.35,0.0,0.0,0.0,0.0,0,0.0,45,0.0,10.85,8.6,4.653,157.85,0.0,0.0,7.95,7.92,7.25,0.0,0.3,91.2,2800.0,3220.0,3500.0,2890.0,54.4,25,0.0,52.0,60.0,72.3,1.3,12.4,0.0,0.0,0.0,0.0,0.0,10.88,8.63,4.15,171.03,0.0,0.0,8.05,8.04,19.2,7.29,90.0,0.38,0.0,0.466666666666667,0.0,6.98,7.24,3.9,4.0,220.0,40.41,0.0,0.15,0.0,0.0,0.5,2021-10-08,GRT,,,,,,cip-bobp.org,,0
428,7 x 75 R SE v.H.,,CIP,DE,2 rimmed,1984-06-14,2002-05-15,https://bobp.cip-bobp.org/uploads/tdcc/tab-ii/tabiical-en-page27.pdf,0.0,59.0,66.8,75.0,0.0,0.0,97.0,1.4,13.35,0.0,0.0,0.0,0.0,0,0.0,45,0.0,11.9,10.7,19.995000000000001,89.35,0.5,0.5,7.95,7.95,7.24,0.0,0.3,94.0,4150.0,4773.0,5190.0,4830.0,81.4,25,0.0,59.0,66.8,75.5,1.4,13.45,0.0,0.0,0.0,0.0,0.0,11.93,10.73,19.983,89.43,0.5,0.5,7.98,7.97,19.0,7.36,180.0,0.0,0.0,0.566666666666667,0.0,6.98,7.24,3.7,4.0,240.0,40.29,0.0,0.1,0.0,0.0,0.5,2021-10-08,GRT,,,,,,cip-bobp.org,,0
429,7-270 Win. Short Mag.,,CIP,US,1 rimless,2020-11-10,2020-11-10,https://bobp.cip-bobp.org/uploads/tdcc/tab-i/7-270-wsm-200824-en.pdf,0.0,42.27,46.31,53.34,0.0,0.0,72.64,1.37,13.59,0.0,3.36,12.19,1.02,45,0.0,35,0.0,14.12,13.67,70,0.0,1.27,2.54,8.01,8.01,7.22,0.0,0.36,0.0,4400.0,5060.0,5500.0,4725.0,81.9,25,0.0,42.14,46.12,53.59,0.0,14.19,0.0,0.0,0.0,3.36,0.0,14.15,13.7,70.0,51.93,1.27,3.05,8.13,8.13,3.89,7.23,90.0,0.45,0.0,1.5,0.0,7.05,7.21,4.06,4.0,215.9,40.42,0.0,0.1,0.0,0.0,0.5,2021-10-08,GRT,,,,,,,,0
430,7-30 Waters,,CIP,US,2 rimmed,1991-02-19,2002-05-15,https://bobp.cip-bobp.org/uploads/tdcc/tab-ii/tabiical-en-page20.pdf,0.0,40.29,44.02,51.82,0.0,0.0,64.77,1.6,12.85,0.0,0.0,0.0,0.0,0,0.0,35,0.0,10.71,10.14,34.399999999999999,56.67,4.57,6.35,7.83,7.78,7.23,0.0,0.38,58.73,3400.0,3910.0,4250.0,2760.0,44.3,25,0.0,40.67,44.45,52.92,1.6,13.11,0.0,0.0,0.0,0.0,0.0,10.75,10.18,34.417,57.11,4.32,6.35,7.84,7.79,6.91,7.23,180.0,0.0,5.1,3.0,0.0,7.04,7.21,2.79,6.0,241.3,40.26,0.0,0.15,0.0,0.0,0.5,2021-10-08,GRT,,,,,,cip-bobp.org,,0
431,7-47 GS,,CIP,IT,1 rimless,2013-05-22,1900-01-01,https://bobp.cip-bobp.org/uploads/tdcc/tab-i/7-47-gs-en.pdf,0.0,35.68,38.9,47.0,0.0,0.0,71.0,1.37,12.01,0.0,3.84,10.39,1.4,36,6.86,45,0.0,11.95,11.59,61.350000000000001,45.45,1.0,1.5,7.77,7.77,7.06,0.0,0.38,52.57,4350.0,5003.0,5438.0,3600.0,50.3,25,0.0,35.57,38.75,47.26,0.0,12.04,0.0,0.0,0.0,3.85,0.0,11.99,11.63,61.567,45.33,0.75,1.75,7.84,7.8,5.57,7.06,90.0,0.37,1.64,1.45,0.0,6.86,7.04,4.06,4.0,280.0,38.52,0.0,0.1,0.0,0.0,0.5,2021-10-08,GRT,,,,,,cip-bobp.org,,0
432,7.21 Firebird,,CIP,FI,1 rimless,2002-01-22,2008-09-23,https://bobp.cip-bobp.org/uploads/tdcc/tab-i/tabical-en-page44.pdf,0.0,58.7,63.91,71.37,0.0,0.0,92.2,1.65,14.76,0.0,3.99,12.95,1.4,45,0.0,45,0.0,14.73,14.22,60.033000000000001,71.01,1.57,3.18,8.2,8.15,7.24,0.0,0.64,76.46,4400.0,5060.0,5500.0,6375.0,121.3,25,0.0,58.58,63.81,71.63,0.0,14.81,0.0,0.0,0.0,3.99,0.0,14.78,14.3,60.0,70.96,1.57,3.18,8.26,8.2,5.09,7.24,90.0,0.48,2.8,2.5,0.0,7.04,7.21,4.06,4.0,254.0,40.39,0.0,0.1,0.0,0.0,0.55,2021-10-08,GRT,,,,,,cip-bobp.org,,0
433,7.5 FK,,CIP,CZ,4 pistol/revolver,2015-05-19,2017-05-17,https://bobp.cip-bobp.org/uploads/tdcc/tab-iv/7-5-fk-200922-en.pdf,0.0,21.01,23.0,27.0,0.0,0.0,35.0,1.4,10.8,0.0,3.65,8.6,1.15,45,0.0,45,0.0,10.8,10.75,60,30.31,0.5,2.0,8.45,8.45,7.8,0.0,0.5,33.57,3500.0,4025.0,4550.0,0.0,23.5,17.5,0.0,20.98,22.92,27.2,0.0,10.9,0.0,0.0,0.0,3.3,0.0,10.9,10.8,60.0,30.33,0.5,1.0,8.56,8.53,6.57,7.85,90.0,0.34,3.4,3.06666666666667,0.0,7.51,7.77,3.75,4.0,270.0,46.33,0.0,0.2,0.0,0.0,0.5,2021-10-08,GRT,,,,,,cip-bobp.org,,0
434,7.5 Ord. Suisse,,CIP,CH,4 pistol/revolver,1984-06-14,2000-06-07,https://bobp.cip-bobp.org/uploads/tdcc/tab-iv/tabivcal-en-page8.pdf,0.0,0.0,0.0,22.8,0.0,0.0,34.6,1.5,10.4,0.0,0.0,0.0,0.0,0,0.0,45,0.0,9.0,0.0,0,0.0,0.0,0.0,0.0,8.4,8.0,0.0,0.5,25.88,1850.0,2128.0,2405.0,0.0,12.1,12.5,0.0,0.0,0.0,23.0,1.5,10.5,0.0,0.0,0.0,0.0,0.0,9.03,0.0,0.0,0.0,0.0,0.0,0.0,8.43,3.08,8.0,90.0,0.22,0.0,3.5,0.0,7.65,8.0,2.4,4.0,350.0,47.67,0.0,0.25,0.0,0.0,0.75,2021-10-08,GRT,,,,,,cip-bobp.org,,0
435,7.5 x 54 MAS,,CIP,FR,1 rimless,2007-05-14,2011-05-25,https://bobp.cip-bobp.org/uploads/tdcc/tab-i/7-5-x-54-mas-en.pdf,0.0,42.79,46.42,54.0,0.0,0.0,76.0,1.4,12.34,0.0,3.2,10.5,0.8,41.186,0.0,45,0.0,12.25,11.3,40,58.32,2.0,3.2,8.66,8.62,7.84,0.0,0.3,67.58,3800.0,4370.0,4750.0,3250.0,58.2,25,0.0,42.73,46.37,54.32,0.0,12.39,0.0,0.0,0.0,3.2,0.0,12.3,11.35,40.0,58.32,2.0,3.2,8.7,8.66,13.58,7.9,90.0,0.38,0.0,0.7,0.0,7.57,7.85,3.7,4.0,270.0,47.17,0.0,0.15,0.0,0.0,0.5,2021-10-08,GRT,,,,,,cip-bobp.org,,0
436,7.5 x 55 Suisse,"7,5 x 55 Swiss",CIP,CH,1 rimless,1984-06-14,2016-05-18,https://bobp.cip-bobp.org/uploads/tdcc/tab-i/7-5-x-55-suisse-en.pdf,0.0,44.58,47.08,55.6,0.0,0.0,77.7,1.65,12.65,0.0,3.46,10.3,0.89,51.820999999999998,0.0,45,0.0,12.64,11.63,61,54.45,2.0,2.0,8.68,8.58,7.78,0.0,0.5,62.47,3800.0,4370.0,4750.0,3965.0,65.3,25,0.0,44.4,47.43,56.35,1.65,12.72,0.0,0.0,0.0,3.46,0.0,12.69,11.85,55.0,55.78,0.5,2.0,8.7,8.6,6.87,7.78,90.0,0.41,3.0,2.0,0.0,7.51,7.77,3.75,4.0,270.0,46.33,0.0,0.15,0.0,0.0,0.5,2021-10-08,GRT,,,,,,cip-bobp.org,,0
437,7.62 Nagant,,CIP,BE,4 pistol/revolver,1984-06-14,2000-06-07,https://bobp.cip-bobp.org/uploads/tdcc/tab-iv/tabivcal-en-page10.pdf,0.0,20.0,20.0,38.8,0.0,0.0,37.3,1.25,10.3,0.0,0.0,0.0,0.0,0,0.0,30,0.0,9.06,8.51,0,0.0,0.0,0.0,8.51,8.42,7.82,0.0,0.44,41.23,770.0,886.0,1001.0,0.0,24.2,17.5,0.0,20.0,20.0,39.5,1.25,10.35,0.0,0.0,0.0,0.0,0.0,9.1,8.53,0.0,0.0,0.0,0.0,8.53,8.41,2.43,7.85,90.0,0.28,0.0,3.05,0.0,7.62,7.82,3.81,4.0,240.0,47.99,0.0,0.25,0.0,0.0,0.75,2021-10-08,GRT,,,,,,cip-bobp.org,,0
438,7.62 UKM,,CIP,DE,1 rimless,2002-01-22,2008-09-23,https://bobp.cip-bobp.org/uploads/tdcc/tab-i/tabical-en-page49.pdf,0.0,41.57,48.96,57.0,0.0,0.0,79.0,1.52,14.93,0.0,3.12,13.24,0.9,50.026000000000003,0.0,45,0.0,14.91,14.08,40.140999999999998,60.84,0.0,2.0,8.68,8.68,7.85,0.0,0.5,64.89,4400.0,5060.0,5500.0,5565.0,90.2,25,0.0,41.5,48.93,57.2,0.0,15.03,0.0,0.0,0.0,3.12,0.0,14.96,14.13,40.0,60.91,0.0,2.5,8.72,8.7,7.89,7.85,45.0,1.03,3.5,1.5,0.0,7.62,7.82,2.79,6.0,254.0,47.32,0.0,0.1,0.0,0.0,0.52,2021-10-08,GRT,,,,,,cip-bobp.org,,0
439,7.62 x 25 Tokarev (.308),,WildCat,US,4 pistol/revolver,1990-04-04,2006-9-19,,0.0,19.6,21.04,25.0,0.0,0.0,35.2,1.32,9.95,0.0,3.34,8.65,1.0,30,0.0,45,0.0,9.83,9.48,38,33.37,0.5,2.0,8.49,8.49,7.85,0.0,0.6,34.8,2500.0,2875.0,3250.0,0.0,17.5,17.5,0.0,19.65,21.42,25.0,1.4,10.0,0.0,0.0,0.0,3.4,0.0,9.95,9.5,30.03,37.35,0.5,1.0,8.55,8.5,9.8,7.87,180.0,0.0,0.0,0.82,0.0,7.62,7.82,3.81,4.0,239.99952,47.51,0.0,0.2,0.0,0.0,0.75,2021-10-08,GRT,,,,,,cip-bobp.org,,0
440,7.62 x 25 Tokarev,,CIP,SU,4 pistol/revolver,1990-04-04,2006-09-19,https://bobp.cip-bobp.org/uploads/tdcc/tab-iv/tabivcal-en-page9.pdf,0.0,19.6,21.04,25.0,0.0,0.0,35.2,1.32,9.95,0.0,3.34,8.65,1.0,30,0.0,45,0.0,9.83,9.48,38,33.37,0.5,2.0,8.49,8.49,7.9,0.0,0.6,34.8,2500.0,2875.0,3250.0,0.0,17.5,17.5,0.0,19.65,21.42,25.0,1.4,10.0,0.0,0.0,0.0,3.4,0.0,9.95,9.5,30.033,37.35,0.5,1.0,8.55,8.5,9.8,7.9,180.0,0.0,0.0,0.816666666666667,0.0,7.62,7.92,3.81,4.0,240.0,47.99,0.0,0.2,0.0,0.0,0.75,2021-10-08,GRT,,,,,,cip-bobp.org,,0
441,7.62 x 39 (.308),,WildCat,US,1 rimless,1989-01-04,2013-5-22,,0.0,30.5,33.0,38.7,0.0,0.0,56.0,1.5,11.35,0.0,3.2,9.56,1.0,51.969999999999999,0.0,45,0.0,11.35,10.07,32.767000000000003,47.63,4.0,3.0,8.6,8.6,7.92,0.0,0.25,46.7,3550.0,4083.0,4440.0,2510.0,35.8,25,0.0,30.25,32.55,41.0,1.5,11.37,0.0,0.0,0.0,3.5,0.0,11.36,10.12,33.383,47.12,0.5,3.0,8.74,8.6,8.0,8.6,0.0,0.0,0.0,3.5,0.0,7.62,7.82,3.81,4.0,240.0,47.51,0.0,0.15,0.0,0.0,0.75,2021-10-08,GRT,,,,,,cip-bobp.org,,0
442,7.62 x 39,,CIP,SU,1 rimless,1989-01-04,2013-05-22,https://bobp.cip-bobp.org/uploads/tdcc/tab-i/7-62-x-39-en.pdf,0.0,30.5,33.0,38.7,0.0,0.0,56.0,1.5,11.35,0.0,3.2,9.56,1.0,51.969999999999999,0.0,45,0.0,11.35,10.07,32.767000000000003,47.63,4.0,3.0,8.6,8.6,7.92,0.0,0.25,46.7,3550.0,4083.0,4440.0,2510.0,35.8,25,0.0,30.25,32.55,41.0,1.5,11.37,0.0,0.0,0.0,3.5,0.0,11.36,10.12,33.383,47.12,0.5,3.0,8.74,8.6,8.0,8.6,0.0,0.0,0.0,3.5,0.0,7.62,7.92,3.81,4.0,240.0,47.99,0.0,0.15,0.0,0.0,0.75,2021-10-08,GRT,,,,,,cip-bobp.org,,0
443,7.62 x 45,,CIP,CS,1 rimless,1992-08-03,2008-09-23,https://bobp.cip-bobp.org/uploads/tdcc/tab-i/tabical-en-page48.pdf,0.0,36.2,38.25,45.0,0.0,0.0,60.0,1.5,11.3,0.0,3.99,9.7,1.1,30,0.0,45,0.0,11.3,10.56,49.728000000000002,47.59,0.5,0.5,8.66,8.66,7.83,0.0,0.5,65.93,4300.0,4945.0,5375.0,2515.0,43.2,25,0.0,36.2,38.12,45.4,0.0,11.45,0.0,0.0,0.0,3.99,0.0,11.35,10.56,50.217,47.46,0.5,1.0,8.76,8.7,20.93,7.9,180.0,0.0,0.0,0.366666666666667,0.0,7.62,7.88,3.5,4.0,280.0,47.49,0.0,0.1,0.0,0.0,0.5,2021-10-08,GRT,,,,,,cip-bobp.org,,0
444,7.62 x 53 R,,CIP,FI,2 rimmed,1984-06-14,2002-05-15,https://bobp.cip-bobp.org/uploads/tdcc/tab-ii/tabiical-en-page28.pdf,0.0,39.61,44.05,53.5,0.0,0.0,77.0,1.6,14.4,0.0,0.0,0.0,0.0,0,0.0,20,0.0,12.42,11.61,38.027000000000001,56.46,0.5,3.0,8.55,8.5,7.85,0.0,0.6,76.02,3900.0,4485.0,4875.0,3960.0,64.3,25,0.0,39.7,44.3,54.1,1.6,14.43,0.0,0.0,0.0,0.0,0.0,12.45,11.67,36.783,57.24,0.7,3.0,8.61,8.55,22.52,7.98,90.0,0.29,0.0,0.5,0.0,7.59,7.83,4.2,4.0,300.0,47.38,0.0,0.1,0.0,0.0,0.5,2021-10-08,GRT,,,,,,cip-bobp.org,,0
445,7.62 x 54 R,,CIP,SU,2 rimmed,1984-06-14,2014-05-20,https://bobp.cip-bobp.org/uploads/tdcc/tab-ii/7-62-x-54-r-en.pdf,0.0,39.7,44.3,53.72,0.0,57.0,77.16,1.6,14.48,0.0,0.0,0.0,0.0,0,0.0,20,0.0,12.37,11.61,37.018999999999998,57.04,0.5,0.5,8.53,8.53,7.92,0.0,0.6,74.8,3900.0,4485.0,4875.0,3960.0,61.4,25,0.0,39.73,44.3,53.7,1.63,14.5,0.0,0.0,0.0,0.0,0.0,12.48,11.68,37.117,57.12,0.5,0.5,8.61,8.6,21.08,7.93,12.517,3.05,0.0,0.483333333333333,0.0,7.62,7.92,3.81,4.0,240.0,47.99,0.0,0.1,0.0,0.0,0.5,2021-10-08,GRT,,,,,,cip-bobp.org,,0
446,7.63 Mauser,,CIP,DE,4 pistol/revolver,1984-06-14,2006-09-19,https://bobp.cip-bobp.org/uploads/tdcc/tab-iv/7-63-mauser-en.pdf,0.0,19.28,21.1,25.15,0.0,0.0,35.08,1.27,9.98,0.0,3.72,8.73,0.9,20,0.0,45,0.0,9.86,9.6,34.780000000000001,34.61,0.0,2.5,8.46,8.46,7.86,0.0,0.3,28.22,2250.0,2588.0,2925.0,0.0,17.4,17.5,0.0,19.21,20.98,25.5,1.27,10.03,0.0,0.0,0.0,3.72,0.0,9.93,9.64,31.833,36.1,2.5,2.5,8.63,8.55,3.07,7.9,90.0,0.33,0.0,2.91666666666667,0.0,7.62,7.85,2.65,6.0,250.0,47.47,0.0,0.2,0.0,0.0,0.75,2021-10-08,GRT,,,,,,cip-bobp.org,,0
447,7.65 Browning,"32 Auto(matic), 32 ACP",CIP,BE,4 pistol/revolver,1984-06-14,2008-09-23,tabivcal-de-page12.pdf,0.0,0.0,0.0,17.2,0.0,0.0,25.0,1.25,9.1,0.0,3.01,7.85,0.8,20,0.0,45,0.0,8.55,0.0,0,0.0,0.0,0.0,0.0,8.52,7.85,0.0,0.6,21.21,1600.0,1840.0,2080.0,0.0,9.4,10.5,0.0,0.0,0.0,17.6,1.25,9.2,0.0,0.0,0.0,0.0,0.0,8.62,0.0,0.0,0.0,0.0,0.0,0.0,8.55,4.01,8.05,180.0,0.0,0.0,2.98,0.0,7.63,7.83,2.69,6.0,250.0,47.37,0.0,0.3,0.0,0.0,0.75,2021-10-08,GRT,,,,,,cip-bobp.org,,0
448,7.65 Long,,CIP,FR,4 pistol/revolver,1992-04-17,2000-06-07,https://bobp.cip-bobp.org/uploads/tdcc/tab-iv/tabivcal-en-page13.pdf,0.0,0.0,0.0,19.8,21.9,0.0,30.5,1.05,8.55,0.0,3.5,7.5,1.1,21.25,0.0,45,0.0,8.55,0.0,0,0.0,0.0,0.0,0.0,8.55,7.88,7.88,0.5,29.8,1650.0,1898.0,2145.0,0.0,10.4,10.5,0.0,0.0,0.0,19.8,1.1,8.6,0.0,0.0,0.0,3.7,0.0,8.57,0.0,0.0,0.0,0.0,0.0,0.0,8.55,10.0,7.92,180.0,0.0,0.0,0.77,0.0,7.65,7.91,4.23,4.0,254.0,48.29,0.0,0.3,0.0,0.0,0.75,2021-10-08,GRT,,,,,,cip-bobp.org,,0
449,7.65 mm Browning,"32 Auto(matic), 32 ACP",CIP,BE,4 pistol/revolver,1984-06-14,2008-09-23,https://bobp.cip-bobp.org/uploads/tdcc/tab-iv/tabivcal-en-page12.pdf,0.0,0.0,0.0,17.2,0.0,0.0,25.0,1.25,9.1,0.0,3.01,7.85,0.8,20,0.0,45,0.0,8.55,0.0,0,0.0,0.0,0.0,0.0,8.52,7.85,0.0,0.6,21.21,1600.0,1840.0,2080.0,0.0,9.4,10.5,0.0,0.0,0.0,17.6,1.25,9.2,0.0,0.0,0.0,0.0,0.0,8.62,0.0,0.0,0.0,0.0,0.0,0.0,8.55,4.01,8.05,180.0,0.0,0.0,2.98333333333333,0.0,7.63,7.83,2.69,6.0,250.0,47.37,0.0,0.3,0.0,0.0,0.75,2021-10-08,GRT,,,,,,cip-bobp.org,,0
450,7.65 Parabellum,"7.65 Para, 7.65 Luger, 30 Luger",CIP,DE,4 pistol/revolver,1984-06-14,2008-09-23,https://bobp.cip-bobp.org/uploads/tdcc/tab-iv/tabivcal-en-page14.pdf,0.0,15.58,17.62,21.59,0.0,0.0,29.85,1.22,9.98,0.0,3.69,8.79,0.9,20,0.0,45,0.0,9.93,9.61,30.960999999999999,32.93,0.0,2.5,8.48,8.43,7.85,0.0,0.3,27.05,2350.0,2703.0,3055.0,0.0,14.9,12.5,0.0,15.52,17.5,21.8,1.22,10.03,0.0,0.0,0.0,3.69,0.0,9.96,9.64,30.767,33.03,0.0,2.5,8.55,8.48,5.46,7.9,90.0,0.29,0.0,1.55,0.0,7.62,7.83,3.05,4.0,275.0,46.92,0.0,0.2,0.0,0.0,0.75,2021-10-08,GRT,,,,,,cip-bobp.org,,0
451,7.65 x 53 Arg.,,CIP,DE,1 rimless,1984-06-14,2002-05-15,https://bobp.cip-bobp.org/uploads/tdcc/tab-i/tabical-en-page50.pdf,0.0,44.6,47.2,53.6,0.0,0.0,76.0,1.0,12.05,0.0,3.2,10.4,1.1,35.689999999999998,0.0,45,0.0,12.01,10.9,44.360999999999997,57.97,2.2,2.2,8.78,8.78,7.94,0.0,0.3,73.6,3900.0,4485.0,4875.0,3700.0,57.2,25,0.0,44.5,47.0,53.7,1.0,12.13,0.0,0.0,0.0,3.2,0.0,12.05,10.93,46.133,57.33,2.2,2.2,8.8,8.8,20.0,8.0,90.0,0.4,0.0,0.5,0.0,7.65,7.92,4.2,4.0,280.0,48.36,0.0,0.1,0.0,0.0,0.5,2021-10-08,GRT,,,,,,cip-bobp.org,,0
452,7.82 Warbird,,CIP,FI,1 rimless,2000-02-15,2008-09-23,https://bobp.cip-bobp.org/uploads/tdcc/tab-i/tabical-en-page51.pdf,0.0,58.7,63.4,71.37,0.0,0.0,92.2,1.65,14.76,0.0,3.94,12.95,1.4,45,0.0,45,0.0,14.73,14.22,60.027000000000001,71.01,1.57,1.57,8.79,8.76,7.84,0.0,0.64,76.33,4400.0,5060.0,5500.0,6760.0,121.8,25,0.0,58.58,63.31,71.63,0.0,14.81,0.0,0.0,0.0,3.94,0.0,14.78,14.3,59.983,70.97,1.57,1.57,8.84,8.81,4.96,7.85,90.0,0.48,2.33,2.5,0.0,7.62,7.82,2.91,6.0,305.0,47.38,0.0,0.1,0.0,0.0,0.55,2021-10-08,GRT,,,,,,cip-bobp.org,,0
453,7.92 x 24 VBR,,CIP,BE,1 rimless,2007-05-14,1900-01-01,https://bobp.cip-bobp.org/uploads/tdcc/tab-i/tabical-en-page52.pdf,0.0,0.0,0.0,24.0,25.24,0.0,32.1,1.27,9.14,0.0,2.9,7.87,0.84,37,0.0,35,0.0,9.06,0.0,0,0.0,0.0,0.0,0.0,8.62,7.92,7.92,0.38,29.09,3310.0,3807.0,4300.0,660.0,16.0,17.5,0.0,0.0,0.0,24.0,1.27,9.4,0.0,0.0,0.0,2.9,0.0,9.15,0.0,0.0,0.0,0.0,0.0,0.0,8.69,3.91,8.03,180.0,0.0,0.0,3.0,0.0,7.62,7.82,2.92,6.0,250.0,47.4,0.0,0.15,0.0,0.0,0.75,2021-10-08,GRT,,,,,,cip-bobp.org,,0
454,7.92 x 33 kurz,,CIP,DE,1 rimless,1984-06-14,2014-05-20,https://bobp.cip-bobp.org/uploads/tdcc/tab-i/7-92-x-33-kurz-en.pdf,0.0,24.38,28.03,33.0,0.0,0.0,48.0,1.3,11.95,0.0,3.5,10.5,1.0,31,0.0,45,0.0,11.94,11.4,34.975999999999999,42.47,0.5,0.5,9.1,9.04,8.22,0.0,0.3,39.53,3400.0,3910.0,4250.0,1770.0,34.4,17.5,0.0,24.35,27.98,33.3,1.3,12.0,0.0,0.0,0.0,3.5,0.0,11.97,11.42,35.0,42.45,0.5,0.5,9.13,9.05,6.53,8.24,180.0,0.0,0.0,1.53333333333333,0.0,7.89,8.2,4.4,4.0,240.0,51.78,0.0,0.15,0.0,0.0,0.75,2021-10-08,GRT,,,,,,cip-bobp.org,,0
455,8 mm - 348 Win.,,CIP,FR,2 rimmed,1999-03-16,2002-05-15,https://bobp.cip-bobp.org/uploads/tdcc/tab-ii/tabiical-en-page43.pdf,0.0,41.91,46.88,57.28,0.0,0.0,82.0,1.78,15.49,0.0,0.0,0.0,0.0,0,0.0,35,0.0,14.05,12.32,38.179000000000002,59.71,0.76,2.54,8.88,8.85,8.22,0.0,0.38,66.77,3000.0,3450.0,3750.0,2600.0,80.2,25,0.0,42.17,47.12,57.53,1.78,15.75,0.0,0.0,0.0,0.0,0.0,14.07,12.34,38.317,59.93,0.76,2.54,8.9,8.87,9.49,8.23,90.0,0.32,3.0,1.5,0.0,7.89,8.2,4.05,4.0,240.0,51.52,0.0,0.15,0.0,0.0,0.5,2021-10-08,GRT,,,,,,cip-bobp.org,,0
456,8 mm Gasser,,CIP,AT,4 pistol/revolver,1984-06-14,2000-06-07,https://bobp.cip-bobp.org/uploads/tdcc/tab-iv/tabivcal-en-page15.pdf,0.0,0.0,0.0,27.0,0.0,0.0,36.0,1.1,9.68,0.0,0.0,0.0,0.0,0,0.0,0,0.0,8.6,0.0,0,0.0,0.0,0.0,0.0,8.56,8.11,0.0,0.0,27.99,1000.0,1150.0,1300.0,0.0,15.5,12.5,0.0,0.0,0.0,27.5,1.1,9.75,0.0,0.0,0.0,0.0,0.0,8.64,0.0,0.0,0.0,0.0,0.0,0.0,8.6,0.99,8.08,90.0,0.26,0.0,8.95,0.0,7.85,8.05,3.0,6.0,150.0,50.24,0.0,0.25,0.0,0.0,0.75,2021-10-08,GRT,,,,,,cip-bobp.org,,0
457,8 mm Lebel,,CIP,FR,4 pistol/revolver,1984-06-14,2000-06-07,https://bobp.cip-bobp.org/uploads/tdcc/tab-iv/tabivcal-en-page16.pdf,0.0,0.0,0.0,27.4,32.0,0.0,37.0,1.5,10.5,0.0,0.0,0.0,0.0,0,0.0,45,0.0,9.1,0.0,0,0.0,0.0,0.0,0.0,8.9,8.28,0.0,0.75,29.9,1250.0,1438.0,1625.0,0.0,17.2,12.5,0.0,0.0,0.0,27.5,1.5,10.6,0.0,0.0,0.0,0.0,0.0,9.2,0.0,0.0,0.0,0.0,0.0,0.0,8.95,2.5,8.35,62.0,0.5,0.0,5.0,0.0,8.0,8.3,4.19,4.0,240.0,52.91,0.0,0.25,0.0,0.0,0.75,2021-10-08,GRT,,,,,,cip-bobp.org,,0
458,8 mm Rem. Mag.,8 mm Rem.Mag.,CIP,US,3 magnum,1984-06-14,2008-09-23,https://bobp.cip-bobp.org/uploads/tdcc/tab-iii/tabiiical-en-page6.pdf,0.0,60.69,64.27,72.39,0.0,0.0,91.44,1.27,13.51,13.51,5.59,12.07,0.94,35,0.0,35,0.0,13.03,12.36,50,73.94,1.02,3.18,9.02,8.99,8.22,0.0,0.41,77.82,4400.0,5060.0,5500.0,5355.0,98.3,25,0.0,60.88,64.44,72.96,0.0,13.59,0.0,13.59,0.0,5.59,0.0,13.05,12.39,50.0,74.17,0.76,3.81,9.07,9.04,5.43,8.22,90.0,0.41,3.33,3.0,0.0,8.0,8.2,3.1,6.0,254.0,52.17,0.0,0.1,0.0,0.0,0.5,2021-10-08,GRT,,,,,,cip-bobp.org,,0
459,8 mm Steyr,,CIP,AT,4 pistol/revolver,1984-06-14,2000-06-07,https://bobp.cip-bobp.org/uploads/tdcc/tab-iv/tabivcal-en-page17.pdf,0.0,0.0,0.0,18.65,0.0,0.0,28.7,1.1,8.85,0.0,3.3,7.85,1.1,24.443999999999999,0.0,45,0.0,8.85,0.0,0,0.0,0.0,0.0,0.0,8.8,8.15,0.0,0.3,23.15,2100.0,2415.0,2730.0,0.0,11.2,10.5,0.0,0.0,0.0,18.65,0.0,9.0,0.0,0.0,0.0,3.3,0.0,8.88,0.0,0.0,0.0,0.0,0.0,0.0,8.83,4.5,8.2,180.0,0.0,0.0,1.9,0.0,7.9,8.15,3.0,4.0,250.0,50.55,0.0,0.3,0.0,0.0,0.75,2021-10-08,GRT,,,,,,cip-bobp.org,,0
460,8 x 50 R,,CIP,AT,2 rimmed,1989-10-06,2002-05-15,https://bobp.cip-bobp.org/uploads/tdcc/tab-ii/tabiical-en-page30.pdf,0.0,38.29,44.17,50.2,0.0,0.0,76.0,1.4,14.2,0.0,0.0,0.0,0.0,0,0.0,30,0.0,12.6,12.09,29.079000000000001,61.6,10.0,2.0,9.04,8.9,8.22,0.0,0.5,73.15,3550.0,4083.0,4440.0,3000.0,61.0,25,0.0,40.55,43.87,50.6,1.5,14.2,0.0,0.0,0.0,0.0,0.0,12.64,12.22,49.05,53.94,10.04,2.0,9.19,9.04,22.95,9.04,180.0,0.0,0.0,1.35,0.0,7.95,8.35,3.5,4.0,250.0,52.53,0.0,0.15,0.0,0.0,0.5,2021-10-08,GRT,,,,,,cip-bobp.org,,0
461,8 x 51 Mauser,,CIP,DE,1 rimless,1984-06-14,2002-05-15,tabical-de-page54.pdf,0.0,38.09,42.16,50.7,0.0,0.0,68.0,1.3,11.95,0.0,3.2,10.5,0.9,36,0.0,45,0.0,11.95,11.15,29.986000000000001,58.91,0.5,0.5,8.97,8.97,8.07,0.0,0.3,85.7,3400.0,3910.0,4250.0,2635.0,52.8,25,0.0,0.0,0.0,0.0,0.0,0.0,0.0,0.0,0.0,0.0,0.0,0.0,0.0,0.0,0.0,0.0,0.0,0.0,0.0,0.0,0.0,0.0,0.0,0.0,0.0,0.0,7.8,8.07,4.4,4.0,240.0,50.3,0.0,0.0,0.0,0.0,0.5,2021-10-08,GRT,,,,,,cip-bobp.org,,0
462,8 x 51 R Lebel,8 mm Lebel (M/93),CIP,FR,2 rimmed,,0000-00-00,https://bobp.cip-bobp.org/uploads/tdcc/tab-ii/8-x-51-r-lebel.pdf,23.05,36.44,40.92,50.5,0.0,0.0,75.0,1.8,16.0,0.0,0.0,0.0,0.0,0,8.0,0,13.06,13.77,11.42,32,56.35,0.0,0.0,8.85,8.85,8.3,0.0,1.4,0.0,3200.0,3680.0,4000.0,3300.0,60.0,25,23.09,36.5,40.95,51.0,1.8,16.3,0.0,0.0,0.0,0.0,13.09,13.8,11.45,32.0,56.47,3.0,1.5,8.9,8.88,35.65,8.35,90.0,0.27,0.0,0.283333333333333,0.0,8.0,8.3,3.45,4.0,240.0,52.4,0.0,0.0,0.0,0.0,0.5,2021-10-08,GRT,,,,,,,,0
463,8 x 51,8 x 51 Mauser K,CIP,DE,1 rimless,1984-06-14,2002-05-15,https://bobp.cip-bobp.org/uploads/tdcc/tab-i/tabical-en-page54.pdf,0.0,38.09,42.16,50.7,0.0,0.0,68.0,1.3,11.95,0.0,3.2,10.5,0.9,36,0.0,45,0.0,11.95,11.15,29.986000000000001,58.91,0.5,0.5,8.97,8.97,8.07,0.0,0.3,85.7,3400.0,3910.0,4250.0,2635.0,52.8,25,0.0,38.04,42.09,51.0,1.3,12.0,0.0,0.0,0.0,3.2,0.0,11.98,11.18,29.983,58.91,0.5,0.5,9.01,9.0,35.0,8.15,180.0,0.0,0.0,0.283333333333333,0.0,7.8,8.07,4.4,4.0,240.0,50.3,0.0,0.15,0.0,0.0,0.5,2021-10-08,GRT,,,,,,cip-bobp.org,,0
464,8 x 56 M.-Sch.,,CIP,AT,1 rimless,1984-06-14,2002-05-15,https://bobp.cip-bobp.org/uploads/tdcc/tab-i/tabical-en-page55.pdf,0.0,46.0,48.3,56.4,0.0,56.7,77.8,1.2,11.85,0.0,3.3,10.3,1.0,33.75,0.0,90,0.0,11.77,10.8,43.817,59.43,0.5,0.5,8.95,8.9,8.25,8.25,0.0,77.5,3200.0,3680.0,4000.0,2860.0,61.3,25,0.0,46.0,48.3,56.4,1.2,11.9,0.0,0.0,0.0,3.3,0.0,11.83,10.85,43.817,59.49,0.5,0.5,9.0,8.95,21.1,8.4,180.0,0.0,0.0,0.6,0.0,7.95,8.3,3.8,4.0,250.0,52.41,0.0,0.15,0.0,0.0,0.5,2021-10-08,GRT,,,,,,cip-bobp.org,,0
465,8 x 56 R M30S,,CIP,AT,2 rimmed,1988-01-30,2006-08-02,https://bobp.cip-bobp.org/uploads/tdcc/tab-ii/tabiical-en-page31.pdf,0.0,37.03,49.53,55.75,0.0,0.0,76.5,1.5,14.2,0.0,0.0,0.0,0.0,0,0.0,30,0.0,12.55,12.15,13.911,86.82,10.0,15.0,9.1,9.1,8.4,0.0,0.5,74.5,3550.0,4083.0,4440.0,3933.0,66.3,25,0.0,37.08,49.53,55.8,1.5,14.2,0.0,0.0,0.0,0.0,0.0,12.6,12.21,13.55,88.43,10.0,10.0,9.25,9.2,18.75,8.7,28.067,1.0,0.0,1.2,0.0,7.95,8.35,3.5,4.0,250.0,52.53,0.0,0.15,0.0,0.0,0.5,2021-10-08,GRT,,,,,,cip-bobp.org,,0
466,8 x 56 R M89 Port. Krop.,,CIP,PT,2 rimmed,1984-06-14,2006-08-02,https://bobp.cip-bobp.org/uploads/tdcc/tab-ii/tabiical-en-page32.pdf,0.0,38.65,44.25,56.0,0.0,0.0,81.0,2.0,15.9,0.0,0.0,0.0,0.0,0,0.0,23,0.0,13.85,12.0,30,61.04,10.0,15.0,9.0,9.0,8.2,0.0,1.0,76.0,3400.0,3910.0,4250.0,2520.0,66.2,25,0.0,38.65,44.21,56.4,2.0,16.0,0.0,0.0,0.0,0.0,0.0,13.88,12.03,30.0,61.1,10.0,15.0,9.05,9.03,20.0,8.25,90.0,0.39,0.0,0.583333333333333,0.0,7.85,8.2,4.4,4.0,250.0,51.66,0.0,0.15,0.0,0.0,0.5,2021-10-08,GRT,,,,,,cip-bobp.org,,0
467,8 x 57 I,,CIP,DE,1 rimless,1984-06-14,2002-05-15,https://bobp.cip-bobp.org/uploads/tdcc/tab-i/tabical-en-page56.pdf,0.0,46.2,49.03,57.0,0.0,0.0,82.0,1.3,11.95,0.0,3.2,10.5,1.0,38.659999999999997,0.0,45,0.0,11.94,10.95,38.201000000000001,62.01,0.5,0.5,8.99,8.99,8.09,0.0,0.3,99.0,3800.0,4370.0,4750.0,3950.0,62.3,25,0.0,46.16,48.98,57.3,1.3,12.0,0.0,0.0,0.0,3.2,0.0,11.97,10.98,38.317,61.96,0.5,0.5,9.02,9.01,42.0,8.15,90.0,0.43,0.0,0.233333333333333,0.0,7.8,8.07,4.4,4.0,240.0,50.3,0.0,0.15,0.0,0.0,0.5,2021-10-08,GRT,,,,,,cip-bobp.org,,0
468,8 x 57 IR,8 x 57 JR,CIP,DE,2 rimmed,1984-06-14,2016-05-18,https://bobp.cip-bobp.org/uploads/tdcc/tab-ii/8-x-57-ir-en.pdf,0.0,46.0,48.99,57.0,0.0,0.0,82.0,1.4,13.32,0.0,0.0,0.0,0.0,0,0.0,45,0.0,11.92,10.95,36.293999999999997,62.7,0.5,0.5,8.99,8.99,8.09,0.0,0.3,99.0,3200.0,3680.0,4000.0,3315.0,63.3,25,0.0,46.0,49.0,57.3,1.4,13.37,0.0,0.0,0.0,0.0,0.0,11.95,10.98,36.35,62.72,0.5,0.5,9.01,9.0,42.0,8.15,90.0,0.43,0.0,0.233333333333333,0.0,7.8,8.07,4.4,4.0,240.0,50.3,0.0,0.15,0.0,0.0,0.5,2021-10-08,GRT,,,,,,cip-bobp.org,,0
469,8 x 57 IRS,8 x 57 JRS,CIP,DE,2 rimmed,1984-06-14,2016-05-18,https://bobp.cip-bobp.org/uploads/tdcc/tab-ii/8-x-57-irs-en.pdf,0.0,46.0,48.85,57.0,0.0,0.0,82.0,1.4,13.32,0.0,0.0,0.0,0.0,0,0.0,45,0.0,11.92,10.95,36.326000000000001,62.69,0.5,0.5,9.08,9.08,8.22,0.0,0.3,92.0,3300.0,3795.0,4125.0,3955.0,64.3,25,0.0,46.0,48.85,57.3,1.4,13.37,0.0,0.0,0.0,0.0,0.0,11.95,10.98,36.317,62.73,0.5,0.5,9.11,9.1,35.0,8.24,180.0,0.0,0.0,0.283333333333333,0.0,7.89,8.2,4.4,4.0,240.0,51.78,0.0,0.15,0.0,0.0,0.5,2021-10-08,GRT,,,,,,cip-bobp.org,,0
470,8 x 57 IS,8 x 57 JS,CIP,DE,1 rimless,1984-06-14,2016-05-18,https://bobp.cip-bobp.org/uploads/tdcc/tab-i/8-x-57-is-en.pdf,0.0,46.2,48.9,57.0,0.0,0.0,82.0,1.3,11.95,0.0,3.19,10.5,0.9,36,0.0,45,0.0,11.94,10.95,38.201999999999998,62.01,0.5,0.5,9.08,9.08,8.22,0.0,0.3,92.0,3900.0,4485.0,4875.0,4300.0,63.3,25,0.0,46.16,48.85,57.3,1.3,12.0,0.0,0.0,0.0,3.19,0.0,11.97,10.98,38.333,61.95,0.5,0.5,9.11,9.1,35.0,8.24,180.0,0.0,0.0,0.283333333333333,0.0,7.89,8.2,4.4,4.0,240.0,51.78,0.0,0.1,0.0,0.0,0.5,2021-10-08,GRT,,,,,,cip-bobp.org,,0
471,8 x 57 PCC,,CIP,IT,1 rimless,2009-05-05,1900-01-01,https://bobp.cip-bobp.org/uploads/tdcc/tab-i/tabical-en-page58.pdf,0.0,45.82,48.49,57.0,0.0,0.0,82.0,1.4,13.6,0.0,3.74,11.7,1.2,45,0.0,0,0.0,13.97,13.53,79.864000000000004,53.9,1.3,1.52,9.06,9.05,8.2,0.0,0.0,90.54,4400.0,5060.0,5500.0,5200.0,90.3,25,0.0,46.17,48.84,57.51,1.4,14.0,0.0,0.0,0.0,3.71,0.0,14.0,13.6,80.1,54.26,1.3,1.52,9.11,9.1,33.54,8.24,90.0,0.43,0.0,0.3,0.0,7.89,8.2,4.4,4.0,240.0,51.78,0.0,0.1,0.0,0.0,0.5,2021-10-08,GRT,,,,,,cip-bobp.org,,0
472,8 x 57 R 360,,CIP,DE,2 rimmed,1984-06-14,2002-05-15,https://bobp.cip-bobp.org/uploads/tdcc/tab-ii/tabiical-en-page33.pdf,0.0,46.0,48.0,57.0,0.0,0.0,77.0,1.35,12.4,0.0,0.0,0.0,0.0,0,0.0,45,0.0,11.0,9.7,25.905999999999999,67.09,0.5,0.5,8.78,8.78,8.09,0.0,0.3,91.0,2450.0,2818.0,3060.0,2170.0,51.8,25,0.0,46.0,48.0,57.3,1.35,12.45,0.0,0.0,0.0,0.0,0.0,11.03,9.73,25.9,67.15,0.5,0.5,8.81,8.8,34.0,8.14,0.0,0.0,0.0,0.283333333333333,0.0,7.8,8.07,4.4,4.0,240.0,50.3,0.0,0.15,0.0,0.0,0.5,2021-10-08,GRT,,,,,,cip-bobp.org,,0
473,8 x 58 R,,CIP,DE,2 rimmed,1984-06-14,2002-05-15,https://bobp.cip-bobp.org/uploads/tdcc/tab-ii/tabiical-en-page36.pdf,0.0,0.0,45.5,58.5,0.0,0.0,78.0,1.1,12.75,0.0,0.0,0.0,0.0,45,0.0,45,0.0,11.05,0.0,0,0.0,0.0,0.0,8.78,8.78,8.09,0.0,0.3,100.5,2200.0,2530.0,2750.0,2270.0,45.3,25,0.0,0.0,45.5,59.0,1.1,12.8,0.0,0.0,0.0,0.0,0.0,11.08,0.0,0.0,0.0,0.0,0.0,8.82,8.81,42.0,8.15,90.0,0.33,0.0,0.233333333333333,0.0,7.8,8.07,4.4,4.0,240.0,50.3,0.0,0.15,0.0,0.0,0.5,2021-10-08,GRT,,,,,,cip-bobp.org,,0
474,8 x 60 R,,CIP,DE,2 rimmed,1984-06-14,2002-05-15,https://bobp.cip-bobp.org/uploads/tdcc/tab-ii/tabiical-en-page37.pdf,0.0,48.22,51.05,60.0,0.0,0.0,82.0,1.4,13.4,0.0,0.0,0.0,0.0,0,0.0,45,0.0,12.03,10.95,38.201000000000001,64.03,0.5,0.5,8.99,8.99,8.09,0.0,0.3,99.0,3400.0,3910.0,4250.0,3780.0,64.5,25,0.0,48.22,51.05,45.0,1.4,13.45,0.0,0.0,0.0,0.0,0.0,12.06,10.98,38.2,64.07,0.5,0.5,9.02,9.01,39.0,8.13,90.0,0.44,0.0,0.233333333333333,0.0,7.8,8.07,4.4,4.0,240.0,50.3,0.0,0.15,0.0,0.0,0.5,2021-10-08,GRT,,,,,,cip-bobp.org,,0
475,8 x 60 RS,,CIP,DE,2 rimmed,1984-06-14,2002-05-15,https://bobp.cip-bobp.org/uploads/tdcc/tab-ii/tabiical-en-page38.pdf,0.0,48.22,50.92,60.0,0.0,0.0,83.6,1.4,13.4,0.0,0.0,0.0,0.0,0,0.0,45,0.0,12.03,10.95,38.201999999999998,64.03,0.5,0.5,9.08,9.08,8.22,0.0,0.3,94.0,3400.0,3910.0,4250.0,4120.0,64.5,25,0.0,48.22,50.92,60.3,1.4,13.45,0.0,0.0,0.0,0.0,0.0,12.06,10.98,38.2,64.07,0.5,0.5,9.11,9.1,34.0,8.23,180.0,0.0,0.0,0.283333333333333,0.0,7.89,8.2,4.4,4.0,240.0,51.78,0.0,0.15,0.0,0.0,0.5,2021-10-08,GRT,,,,,,cip-bobp.org,,0
476,8 x 60 S,,CIP,DE,1 rimless,1984-06-14,2006-09-19,https://bobp.cip-bobp.org/uploads/tdcc/tab-i/tabical-en-page60.pdf,0.0,48.2,50.9,60.0,63.2,0.0,83.6,1.3,11.95,0.0,3.2,10.5,1.0,39.43,0.0,45,0.0,11.98,10.95,38.201999999999998,64.01,0.5,0.5,9.08,9.08,8.22,8.18,0.3,94.0,4050.0,4658.0,5060.0,4285.0,67.4,25,0.0,48.16,50.85,60.3,1.3,12.0,0.0,0.0,0.0,3.2,0.0,12.01,10.98,38.333,63.95,0.5,0.5,9.11,9.1,34.0,8.23,180.0,0.0,0.0,0.283333333333333,0.0,7.89,8.2,4.4,4.0,240.0,51.78,0.0,0.1,0.0,0.0,0.5,2021-10-08,GRT,,,,,,cip-bobp.org,,0
477,8 x 60,,CIP,DE,1 rimless,1984-06-13,2011-05-25,https://bobp.cip-bobp.org/uploads/tdcc/tab-i/8-x-60-en.pdf,0.0,48.2,51.04,60.0,0.0,0.0,82.0,1.3,11.95,0.0,3.2,10.5,1.0,39.420000000000002,0.0,45,0.0,11.98,10.95,38.256,63.99,0.5,0.5,8.98,8.98,8.09,0.0,0.3,99.0,4050.0,4658.0,5060.0,3900.0,67.4,25,0.0,48.16,51.0,60.3,1.3,12.0,0.0,0.0,0.0,3.2,0.0,12.01,10.98,0.0,63.99,0.5,0.5,9.01,9.0,39.0,8.12,90.0,0.44,0.0,0.233333333333333,0.0,7.8,8.07,4.4,4.0,240.0,50.3,0.0,0.1,0.0,0.0,0.5,2021-10-08,GRT,,,,,,cip-bobp.org,,0
478,8 x 64 S,,CIP,DE,1 rimless,1984-06-14,2002-05-15,https://bobp.cip-bobp.org/uploads/tdcc/tab-i/tabical-en-page62.pdf,0.0,51.8,55.59,64.0,0.0,67.1,87.5,1.3,12.0,0.0,3.2,10.6,1.0,36.799999999999997,0.0,45,0.0,11.95,10.85,28.001000000000001,73.56,0.5,0.5,8.96,8.96,8.22,8.18,0.3,98.0,4050.0,4658.0,5060.0,4595.0,69.9,25,0.0,51.74,55.53,64.3,1.3,12.05,0.0,0.0,0.0,3.2,0.0,11.98,10.88,28.0,73.56,0.5,0.5,8.99,8.98,34.0,0.0,180.0,0.0,0.0,0.283333333333333,0.0,7.89,8.2,4.4,4.0,240.0,51.78,0.0,0.1,0.0,0.0,0.5,2021-10-08,GRT,,,,,,cip-bobp.org,,0
479,8 x 64,,CIP,DE,1 rimless,1984-06-14,2002-05-15,https://bobp.cip-bobp.org/uploads/tdcc/tab-i/tabical-en-page61.pdf,0.0,51.8,55.79,63.7,0.0,0.0,86.0,1.3,12.0,0.0,3.2,10.6,1.0,36.869999999999997,0.0,45,0.0,11.95,10.85,28.004999999999999,73.55,0.5,0.5,8.86,8.86,8.09,0.0,0.3,97.7,4050.0,4658.0,5060.0,4375.0,69.9,25,0.0,51.74,55.73,64.0,1.3,12.0,0.0,0.0,0.0,3.2,0.0,11.96,10.88,28.0,73.55,0.5,0.5,8.89,8.88,34.0,8.14,90.0,0.37,0.0,0.283333333333333,0.0,7.8,8.07,4.4,4.0,240.0,50.3,0.0,0.1,0.0,0.0,0.5,2021-10-08,GRT,,,,,,cip-bobp.org,,0
480,8 x 65 R,,CIP,DE,2 rimmed,1984-06-14,2002-05-15,https://bobp.cip-bobp.org/uploads/tdcc/tab-ii/tabiical-en-page39.pdf,0.0,51.8,55.79,64.7,0.0,0.0,86.0,1.4,13.32,0.0,0.0,0.0,0.0,0,0.0,45,0.0,11.95,10.85,28.004999999999999,73.55,0.0,0.0,8.86,8.86,8.09,0.0,0.3,98.7,3900.0,4485.0,4875.0,4410.0,70.4,25,0.0,51.8,55.79,45.0,1.4,13.37,0.0,0.0,0.0,0.0,0.0,11.98,10.88,28.0,73.61,0.0,0.0,8.89,8.88,34.0,8.14,90.0,0.37,0.0,0.283333333333333,0.0,7.8,8.07,4.4,4.0,240.0,50.3,0.0,0.1,0.0,0.0,0.5,2021-10-08,GRT,,,,,,cip-bobp.org,,0
481,8 x 65 RS,,CIP,DE,2 rimmed,1984-06-14,2002-05-15,https://bobp.cip-bobp.org/uploads/tdcc/tab-ii/tabiical-en-page40.pdf,0.0,51.8,55.59,65.0,0.0,0.0,87.5,1.4,13.32,0.0,0.0,0.0,0.0,0,0.0,45,0.0,11.99,10.85,28,73.56,0.5,0.5,8.96,8.96,8.22,0.0,0.3,98.0,4050.0,4658.0,5060.0,4620.0,70.4,25,0.0,51.8,55.59,45.0,1.4,13.37,0.0,0.0,0.0,0.0,0.0,12.02,10.88,28.0,73.62,0.5,0.5,8.99,8.98,33.0,8.22,180.0,0.0,0.0,0.283333333333333,0.0,7.89,8.2,4.4,4.0,240.0,51.78,0.0,0.1,0.0,0.0,0.5,2021-10-08,GRT,,,,,,cip-bobp.org,,0
482,8 x 68 S,,CIP,DE,1 rimless,1984-06-14,2006-09-19,https://bobp.cip-bobp.org/uploads/tdcc/tab-i/tabical-en-page63.pdf,0.0,53.2,59.0,67.5,70.6,0.0,87.0,1.4,13.0,0.0,3.5,11.2,1.0,43.700000000000003,0.0,45,0.0,13.3,12.15,29.093,76.61,0.5,0.5,9.14,9.14,8.22,8.18,0.3,101.5,4400.0,5060.0,5500.0,5975.0,86.3,25,0.0,53.14,58.94,67.8,1.4,13.05,0.0,0.0,0.0,3.5,0.0,13.33,12.18,0.0,76.61,0.5,0.5,9.17,9.16,34.0,8.23,180.0,0.0,0.0,0.283333333333333,0.0,7.89,8.2,4.4,4.0,280.0,51.78,0.0,0.1,0.0,0.0,0.5,2021-10-08,GRT,,,,,,cip-bobp.org,,0
483,8 x 70 Gordon,.323 Gordon,WildCat,DE,1 rimless,2018-09-09,2021-05-12,,0.0,58.4,60.89,69.2,0.0,0.0,93.5,1.52,14.93,0.0,3.12,13.24,0.9,50.079999999999998,0.0,45,0.0,14.91,14.41,90,73.89,0.0,2.5,9.14,9.14,8.22,0.0,0.5,75.28,4200.0,4830.0,5250.0,6600.0,120.0,25,0.0,58.31,60.77,69.45,0.0,15.03,0.0,0.0,0.0,3.12,0.0,14.96,14.46,90.0,73.83,3.0,3.0,9.17,9.16,34.0,8.23,180.0,0.0,0.0,0.28,0.0,7.98,8.2,3.0,5.0,215.9,51.78,0.0,0.1,0.0,0.0,0.5,2021-10-08,GRT,,,,,,cip-bobp.org,,0
484,8 x 72 R,,CIP,DE,2 rimmed,1984-06-14,2002-05-15,https://bobp.cip-bobp.org/uploads/tdcc/tab-ii/tabiical-en-page41.pdf,0.0,0.0,60.0,72.0,0.0,0.0,98.0,1.3,12.35,0.0,0.0,0.0,0.0,0,0.0,45,0.0,10.85,0.0,0,0.0,0.0,0.0,8.75,8.72,8.09,0.0,0.3,106.0,2800.0,3220.0,3500.0,2565.0,57.5,25,0.0,0.0,60.03,72.3,1.3,12.4,0.0,0.0,0.0,0.0,0.0,10.88,0.0,0.0,0.0,0.0,0.0,8.8,8.76,34.0,8.14,90.0,0.31,0.0,0.283333333333333,0.0,7.8,8.07,4.4,4.0,240.0,50.3,0.0,0.15,0.0,0.0,0.5,2021-10-08,GRT,,,,,,cip-bobp.org,,0
485,8 x 75 RS,,CIP,DE,2 rimmed,1984-06-14,2002-05-15,https://bobp.cip-bobp.org/uploads/tdcc/tab-ii/tabiical-en-page42.pdf,0.0,66.2,69.06,74.6,0.0,0.0,96.0,1.4,13.35,0.0,0.0,0.0,0.0,0,0.0,45,0.0,11.9,10.4,26,88.72,0.5,0.5,9.08,9.08,8.22,0.0,0.3,108.6,3800.0,4370.0,4750.0,4790.0,81.4,25,0.0,66.2,69.06,75.0,1.4,13.4,0.0,0.0,0.0,0.0,0.0,11.93,10.43,26.0,88.79,0.5,0.5,9.11,9.1,34.0,8.23,180.0,0.0,0.0,0.283333333333333,0.0,7.89,8.2,4.4,4.0,240.0,51.78,0.0,0.15,0.0,0.0,0.5,2021-10-08,GRT,,,,,,cip-bobp.org,,0
486,8 x 75 S,,CIP,DE,1 rimless,1984-06-14,2002-05-15,https://bobp.cip-bobp.org/uploads/tdcc/tab-i/tabical-en-page64.pdf,0.0,66.2,69.06,74.7,0.0,0.0,96.0,1.3,11.9,0.0,3.2,10.3,1.0,40.899999999999999,0.0,45,0.0,11.86,10.4,25.989000000000001,88.73,0.5,0.5,9.08,9.08,8.22,0.0,0.3,108.7,4400.0,5060.0,5500.0,4750.0,81.4,25,0.0,66.13,68.99,75.0,1.3,11.95,0.0,0.0,0.0,3.2,0.0,11.89,10.43,25.983,88.73,0.5,0.5,9.11,9.1,34.0,8.23,180.0,0.0,0.0,0.283333333333333,0.0,7.89,8.2,4.4,4.0,240.0,51.78,0.0,0.1,0.0,0.0,0.5,2021-10-08,GRT,,,,,,cip-bobp.org,,0
487,8.15 x 46 R,,CIP,DE,2 rimmed,1984-06-14,2002-05-15,https://bobp.cip-bobp.org/uploads/tdcc/tab-ii/tabiical-en-page44.pdf,0.0,30.0,40.0,46.5,0.0,0.0,62.3,1.5,12.35,0.0,0.0,0.0,0.0,0,0.0,45,0.0,10.75,9.9,6.125,122.52,0.5,0.5,8.83,8.83,8.38,0.0,0.3,72.0,1650.0,1898.0,2060.0,1785.0,38.8,25,0.0,30.0,40.0,46.8,1.5,12.4,0.0,0.0,0.0,0.0,0.0,0.0,9.92,0.0,122.71,0.5,0.5,8.85,8.84,25.5,8.45,180.0,0.0,0.0,0.95,0.0,7.6,8.03,3.0,6.0,360.0,49.34,0.0,0.15,0.0,0.0,0.75,2021-10-08,GRT,,,,,,cip-bobp.org,,0
488,8.2 x 53 R,,CIP,FI,2 rimmed,1995-03-09,2002-05-15,https://bobp.cip-bobp.org/uploads/tdcc/tab-ii/tabiical-en-page45.pdf,0.0,39.61,43.55,53.3,0.0,0.0,76.0,1.6,14.4,0.0,0.0,0.0,0.0,0,0.0,70,0.0,12.42,11.61,37.957000000000001,56.49,0.0,0.0,8.9,8.82,8.22,0.0,0.6,71.82,3400.0,3910.0,4250.0,4040.0,60.8,25,0.0,39.7,43.64,53.8,1.6,14.43,0.0,0.0,0.0,0.0,0.0,12.45,11.67,37.95,56.67,0.0,0.0,8.96,8.91,18.52,8.27,90.0,0.32,9.42,0.966666666666667,0.0,7.96,8.2,3.75,4.0,254.0,51.64,0.0,0.15,0.0,0.0,0.5,2021-10-08,GRT,,,,,,cip-bobp.org,,0
489,8.5 mm Messner Mag.,,CIP,FR,1 rimless,2013-05-22,1900-01-01,https://bobp.cip-bobp.org/uploads/tdcc/tab-i/8-5-mm-messner-mag-en.pdf,0.0,50.88,55.01,63.85,0.0,0.0,88.0,1.38,13.6,0.0,3.48,12.19,1.02,45,0.0,35,0.0,14.35,13.93,58,63.44,0.66,1.85,9.35,9.35,8.59,0.0,0.36,75.1,4400.0,5060.0,5500.0,6400.0,106.3,25,0.0,50.85,54.98,64.1,1.38,13.62,0.0,0.0,0.0,3.35,0.0,14.38,13.96,58.0,63.44,0.55,2.22,9.38,9.38,11.25,8.61,90.0,0.39,7.81,1.9,0.0,8.38,8.59,2.79,6.0,254.0,56.95,0.0,0.1,0.0,0.0,0.5,2021-10-08,GRT,,,,,,cip-bobp.org,,0
490,8.5 x 55 Blaser,,CIP,SE,1 rimless,2019-05-22,2019-05-22,https://bobp.cip-bobp.org/uploads/tdcc/tab-i/8-5-x-55-blaser-190411-en.pdf,0.0,42.38,45.68,54.7,0.0,0.0,75.84,1.37,13.59,0.0,3.62,12.19,1.42,45,0.0,35,0.0,13.84,13.17,60,53.79,1.5,2.0,9.36,9.36,8.59,0.0,0.3,0.0,4300.0,4945.0,5375.0,4500.0,80.5,25,0.0,42.35,45.62,55.0,1.37,13.92,0.0,0.0,0.0,3.62,0.0,13.87,13.21,60.0,53.79,1.5,2.0,9.43,9.38,10.4,8.6,90.0,0.39,2.0,0.75,0.0,8.38,8.59,4.27,4.0,304.8,57.03,0.0,0.1,0.0,0.0,0.5,2021-10-08,GRT,,,,,,,,0
491,8.5 x 63 R,,CIP,DE,2 rimmed,1992-02-27,2006-01-24,https://bobp.cip-bobp.org/uploads/tdcc/tab-ii/tabiical-en-page46.pdf,0.0,53.39,54.66,63.0,0.0,0.0,84.0,1.4,13.32,0.0,0.0,0.0,0.0,0,0.0,45,0.0,11.89,11.47,80.228999999999999,60.2,0.0,0.0,9.33,9.32,8.59,0.0,0.3,72.0,3800.0,4370.0,4750.0,5145.0,75.9,25,0.0,53.4,54.67,63.55,1.4,13.37,0.0,0.0,0.0,0.0,0.0,11.92,11.5,80.217,60.22,0.0,0.0,9.36,9.35,9.0,8.59,180.0,0.0,5.83,1.88333333333333,0.0,8.38,8.59,2.79,6.0,254.0,56.95,0.0,0.15,0.0,0.0,0.5,2021-10-08,GRT,,,,,,cip-bobp.org,,0
492,8.5 x 63,,CIP,DE,1 rimless,1992-02-27,2006-01-24,https://bobp.cip-bobp.org/uploads/tdcc/tab-i/tabical-en-page65.pdf,0.0,53.42,54.69,63.0,0.0,0.0,84.0,1.24,12.01,0.0,3.2,10.4,1.0,37.810000000000002,0.0,45,0.0,11.89,11.47,80.228999999999999,60.23,0.0,0.0,9.33,9.32,8.59,0.0,0.3,72.0,4300.0,4945.0,5375.0,5540.0,75.9,25,0.0,53.4,54.67,63.55,1.24,12.04,0.0,0.0,0.0,3.2,0.0,11.84,11.5,80.217,60.22,0.0,0.0,9.36,9.35,9.0,8.59,90.0,0.38,5.83,1.88333333333333,0.0,8.38,8.59,2.79,6.0,254.0,56.95,0.0,0.1,0.0,0.0,0.5,2021-10-08,GRT,,,,,,cip-bobp.org,,0
493,8.5 x 68 Fanzoj,,CIP,DE,1 rimless,2012-05-30,1900-01-01,https://bobp.cip-bobp.org/uploads/tdcc/tab-i/8-5-x-68-fanzoj-en.pdf,0.0,53.2,58.4,67.5,0.0,0.0,87.0,1.4,13.0,0.0,3.5,11.2,1.0,43.700000000000003,0.0,45,0.0,13.3,12.15,29.106999999999999,76.6,0.5,3.0,9.45,9.45,8.59,0.0,0.3,73.7,4400.0,5060.0,5500.0,5975.0,92.3,25,0.0,53.14,58.32,67.8,1.4,13.05,0.0,0.0,0.0,3.5,0.0,13.33,12.18,29.1,76.59,0.5,3.0,9.49,9.49,6.2,8.6,90.0,0.45,2.0,1.5,0.0,8.38,8.59,2.79,6.0,254.0,56.95,0.0,0.1,0.0,0.0,0.5,2021-10-08,GRT,,,,,,cip-bobp.org,,0
494,8.5 x 75 R Scheiring,,CIP,AT,2 rimmed,2014-05-20,1900-01-01,https://bobp.cip-bobp.org/uploads/tdcc/tab-ii/8-5-x-75-r-scheiring-en.pdf,0.0,67.3,68.5,74.7,0.0,0.0,96.0,1.4,13.35,0.0,0.0,0.0,0.0,0,0.0,45,0.0,11.9,11.43,80,74.1,0.0,0.0,9.41,9.38,8.61,0.0,0.3,83.7,3800.0,4370.0,4750.0,5500.0,87.0,25,0.0,67.31,68.51,75.0,1.4,13.4,0.0,0.0,0.0,0.0,0.0,11.93,11.46,80.0,74.14,0.0,0.0,9.44,9.41,9.0,8.61,90.0,0.4,5.71,2.0,0.0,8.38,8.59,2.79,6.0,254.0,56.95,0.0,0.15,0.0,0.0,0.5,2021-10-08,GRT,,,,,,cip-bobp.org,,0
495,9 mm Browning court,"9mm Browning Kurz (short, corto), 9 mm kurz, 380 ACP, 380 Auto(matic)",CIP,BE,4 pistol/revolver,1984-06-14,2008-09-23,https://bobp.cip-bobp.org/uploads/tdcc/tab-iv/tabivcal-en-page24.pdf,0.0,0.0,0.0,17.33,0.0,0.0,25.0,1.3,9.53,0.0,2.84,8.25,0.8,40,0.0,45,0.0,9.53,0.0,0,0.0,0.0,0.0,0.0,9.53,9.04,0.0,0.5,19.93,1350.0,1553.0,1755.0,0.0,12.5,9,0.0,0.0,0.0,17.3,0.0,9.66,0.0,0.0,0.0,2.84,0.0,9.65,0.0,0.0,0.0,0.0,0.0,0.0,9.55,2.6,9.1,180.0,0.0,0.0,2.85,0.0,8.84,9.04,3.07,6.0,250.0,63.26,0.0,0.3,0.0,0.0,0.75,2021-10-08,GRT,,,,,,cip-bobp.org,,0
496,9 mm Browning long,,CIP,BE,4 pistol/revolver,1984-06-14,2008-09-23,https://bobp.cip-bobp.org/uploads/tdcc/tab-iv/tabivcal-en-page25.pdf,0.0,0.0,0.0,20.2,0.0,0.0,28.0,1.25,10.2,0.0,2.96,8.5,1.1,45,0.0,45,0.0,9.72,0.0,0,0.0,0.0,0.0,0.0,9.68,9.09,0.0,0.3,25.2,1650.0,1898.0,2145.0,0.0,15.2,10.5,0.0,0.0,0.0,20.2,1.25,10.25,0.0,0.0,0.0,2.96,0.0,9.75,0.0,0.0,0.0,0.0,0.0,0.0,9.7,5.0,9.2,14.25,2.0,0.0,2.66666666666667,0.0,8.92,9.12,3.76,6.0,400.0,64.82,0.0,0.3,0.0,0.0,0.75,2021-10-08,GRT,,,,,,cip-bobp.org,,0
497,9 mm FAR,,CIP,IT,4 pistol/revolver,2000-09-15,1900-01-01,https://bobp.cip-bobp.org/uploads/tdcc/tab-iv/tabivcal-en-page26.pdf,0.0,0.0,0.0,24.15,0.0,0.0,32.6,1.27,9.96,0.0,2.97,8.79,0.89,35,0.0,45,0.0,9.93,0.0,0,0.0,0.0,0.0,0.0,9.65,9.03,0.0,0.3,27.5,2600.0,2990.0,3380.0,0.0,18.4,12.5,0.0,0.0,0.0,24.15,0.0,10.0,0.0,0.0,0.0,2.97,0.0,9.96,0.0,0.0,0.0,0.0,0.0,0.0,9.68,3.35,9.05,180.0,0.0,0.0,1.95,0.0,8.82,9.02,2.49,6.0,250.0,62.61,0.0,0.3,0.0,0.0,0.75,2021-10-08,GRT,,,,,,cip-bobp.org,,0
498,9 mm FX & CQT,,CIP,CA,4 pistol/revolver,1998-01-27,2006-07-26,https://bobp.cip-bobp.org/uploads/tdcc/tab-iv/tabivcal-en-page27.pdf,0.0,0.0,0.0,19.51,0.0,0.0,29.03,1.19,9.96,0.0,3.14,8.79,1.14,35,0.0,55,0.0,9.93,0.0,0,0.0,0.0,0.0,0.0,9.75,7.72,0.0,0.3,22.69,350.0,403.0,455.0,0.0,10.1,12.5,0.0,0.0,14.0,19.51,0.0,9.96,0.0,0.0,0.0,3.14,0.0,9.94,9.86,0.0,0.0,0.0,0.0,0.0,9.82,3.18,7.87,180.0,0.0,0.0,2.51666666666667,0.0,7.59,7.81,1.02,6.0,254.0,45.92,0.0,0.3,0.0,0.0,0.75,2021-10-08,GRT,,,,,,cip-bobp.org,,0
499,9 mm Luger,"9 mm Para(bellum), 9 x 19 (mm)",CIP,DE,4 pistol/revolver,1984-06-14,2008-09-23,https://bobp.cip-bobp.org/uploads/tdcc/tab-iv/tabivcal-en-page28.pdf,0.0,0.0,0.0,19.15,0.0,0.0,29.69,1.27,9.96,0.0,2.98,8.79,0.9,35,0.0,45,0.0,9.93,0.0,0,0.0,0.0,0.0,0.0,9.65,9.03,0.0,0.3,22.5,2350.0,2703.0,3055.0,0.0,13.9,12.5,0.0,0.0,0.0,19.15,0.0,10.0,0.0,0.0,0.0,2.98,0.0,9.96,0.0,0.0,0.0,0.0,0.0,0.0,9.68,3.35,9.05,180.0,0.0,0.0,1.95,0.0,8.82,9.02,2.49,6.0,250.0,62.61,0.0,0.3,0.0,0.0,0.75,2021-10-08,GRT,,,,,,cip-bobp.org,,0
500,9 mm Makarov,,CIP,SU,4 pistol/revolver,1991-09-20,2000-06-07,https://bobp.cip-bobp.org/uploads/tdcc/tab-iv/tabivcal-en-page23.pdf,0.0,0.0,0.0,18.1,0.0,0.0,25.0,1.25,9.95,0.0,3.5,8.55,1.0,29.25,0.0,45,0.0,9.95,0.0,0,0.0,0.0,0.0,0.0,9.91,9.27,0.0,0.6,26.4,1600.0,1840.0,2080.0,0.0,12.5,10.5,0.0,0.0,0.0,18.1,0.0,10.1,0.0,0.0,0.0,3.8,0.0,10.07,0.0,0.0,0.0,0.0,0.0,0.0,9.93,8.3,9.35,120.0,0.17,0.0,1.21666666666667,0.0,9.0,9.27,4.5,4.0,240.0,66.16,0.0,0.3,0.0,0.0,0.75,2021-10-08,GRT,,,,,,cip-bobp.org,,0
501,9 mm Mauser,9 x 25 Mauser,CIP,DE,4 pistol/revolver,2013-05-22,1900-01-01,https://bobp.cip-bobp.org/uploads/tdcc/tab-iv/9-mm-mauser-en.pdf,0.0,0.0,0.0,25.0,0.0,0.0,35.0,1.27,9.98,0.0,3.0,8.73,0.9,35,0.0,45,0.0,9.89,0.0,0,0.0,0.0,0.0,0.0,9.63,9.03,0.0,0.3,33.5,2600.0,2990.0,3380.0,0.0,19.1,12.5,0.0,0.0,0.0,25.0,0.0,10.03,0.0,0.0,0.0,3.0,0.0,9.93,0.0,0.0,0.0,0.0,0.0,0.0,9.64,8.5,9.06,180.0,0.0,0.0,0.8,0.0,8.82,9.02,2.49,6.0,250.0,62.61,0.0,0.3,0.0,0.0,0.75,2021-10-08,GRT,,,,,,cip-bobp.org,,0
502,9 mm Steyr,"9 mm Roth-Steyr, 9 mm Largo, 9 Largo",CIP,AT,4 pistol/revolver,1984-06-14,2000-06-07,https://bobp.cip-bobp.org/uploads/tdcc/tab-iv/tabivcal-en-page29.pdf,0.0,0.0,0.0,23.2,0.0,0.0,33.1,1.25,9.7,0.0,3.5,8.7,1.3,27.757999999999999,0.0,45,0.0,9.7,0.0,0,0.0,0.0,0.0,0.0,9.62,9.03,0.0,0.3,27.55,1350.0,1553.0,1755.0,0.0,17.5,12.5,0.0,0.0,0.0,23.2,0.0,9.8,0.0,0.0,0.0,3.5,0.0,9.73,0.0,0.0,0.0,0.0,0.0,0.0,9.65,4.35,9.09,180.0,0.0,0.0,1.9,0.0,8.8,9.02,3.0,6.0,250.0,62.84,0.0,0.3,0.0,0.0,0.75,2021-10-08,GRT,,,,,,cip-bobp.org,,0
503,9 x 18,"9 x 18 Ultra, 9mm Police",CIP,DE/AT,4 pistol/revolver,1984-06-14,2008-09-23,https://bobp.cip-bobp.org/uploads/tdcc/tab-iv/tabivcal-en-page18.pdf,0.0,0.0,0.0,18.0,0.0,0.0,25.5,1.25,9.5,0.0,2.93,8.25,1.0,49.990000000000002,0.0,45,0.0,9.87,0.0,0,0.0,0.0,0.0,0.0,9.68,9.02,0.0,0.6,20.58,1800.0,2070.0,2340.0,0.0,12.7,9,0.0,0.0,0.0,17.95,0.0,9.97,0.0,0.0,0.0,2.93,0.0,9.93,0.0,0.0,0.0,0.0,0.0,0.0,9.7,2.58,9.09,180.0,0.0,0.0,2.98333333333333,0.0,8.82,9.02,2.49,6.0,250.0,62.61,0.0,0.3,0.0,0.0,0.75,2021-10-08,GRT,,,,,,cip-bobp.org,,0
504,9 x 20 VGW,,CIP,AT,4 pistol/revolver,2009-05-05,1900-01-01,https://bobp.cip-bobp.org/uploads/tdcc/tab-iv/tabivcal-en-page19.pdf,0.0,0.0,0.0,20.15,0.0,0.0,30.69,1.27,9.96,0.0,2.98,8.79,0.9,35,0.0,45,0.0,9.93,0.0,0,0.0,0.0,0.0,0.0,9.65,9.03,0.0,0.3,27.65,3000.0,3450.0,3900.0,0.0,15.4,12.5,0.0,0.0,0.0,20.15,0.0,10.0,0.0,0.0,0.0,2.98,0.0,9.96,0.0,0.0,0.0,0.0,0.0,0.0,9.68,7.5,9.05,180.0,0.0,0.0,0.866666666666667,0.0,8.82,9.02,2.49,6.0,250.0,62.61,0.0,0.3,0.0,0.0,0.75,2021-10-08,GRT,,,,,,cip-bobp.org,,0
505,9 x 21,,CIP,IL,4 pistol/revolver,1984-06-14,2000-06-07,https://bobp.cip-bobp.org/uploads/tdcc/tab-iv/tabivcal-en-page20.pdf,0.0,0.0,0.0,21.15,0.0,0.0,29.75,1.27,9.96,0.0,2.98,8.79,0.9,35,0.0,45,0.0,9.93,0.0,0,0.0,0.0,0.0,0.0,9.63,9.03,0.0,0.3,30.6,2350.0,2703.0,3055.0,0.0,15.7,12.5,0.0,0.0,0.0,21.15,0.0,10.09,0.0,0.0,0.0,6.2,0.0,9.96,0.0,0.0,0.0,0.0,0.0,0.0,9.64,9.45,9.12,180.0,0.0,0.0,1.0,0.0,8.79,9.03,3.8,4.0,254.0,62.57,0.0,0.3,0.0,0.0,0.75,2021-10-08,GRT,,,,,,cip-bobp.org,,0
506,9 x 22 MJR,,CIP,AT,4 pistol/revolver,1993-12-13,2008-09-23,https://bobp.cip-bobp.org/uploads/tdcc/tab-iv/tabivcal-en-page21.pdf,0.0,14.95,16.81,22.0,0.0,0.0,29.0,1.4,10.77,0.0,3.52,8.81,1.14,45,0.0,35,0.0,10.77,10.74,31.524000000000001,33.98,0.5,0.5,9.69,9.68,9.03,0.0,0.51,28.1,2550.0,2933.0,3315.0,0.0,19.1,12.5,0.0,14.92,16.7,22.15,0.0,10.88,0.0,0.0,0.0,3.52,0.0,10.82,10.76,31.367,34.07,0.0,0.0,9.76,9.75,6.1,9.05,90.0,0.35,2.75,1.95,0.0,8.82,9.02,2.49,6.0,250.0,62.61,0.0,0.2,0.0,0.0,0.5,2021-10-08,GRT,,,,,,cip-bobp.org,,0
507,9 x 25 Super Auto G,,CIP,AT,4 pistol/revolver,1991-05-17,2013-05-22,https://bobp.cip-bobp.org/uploads/tdcc/tab-iv/9-x-25-super-auto-g-en.pdf,0.0,18.51,20.0,25.35,0.0,0.0,32.7,1.4,10.85,0.0,3.62,8.85,1.25,45,0.0,45,0.0,10.8,10.72,39.843000000000004,33.3,0.5,0.5,9.64,9.63,9.03,0.0,0.4,28.7,2550.0,2933.0,3315.0,0.0,23.9,12.5,0.0,18.5,19.94,25.5,0.0,10.95,0.0,0.0,0.0,3.62,0.0,10.86,10.73,40.05,33.22,0.5,0.5,9.68,9.68,3.35,9.05,180.0,0.0,0.0,1.96666666666667,0.0,8.82,9.02,2.49,6.0,250.0,62.61,0.0,0.2,0.0,0.0,0.5,2021-10-08,GRT,,,,,,cip-bobp.org,,0
508,9 x 39,9 x 39 russian subsonic,CIP,SU,1 rimless,1989-01-04,2013-05-22,https://bobp.cip-bobp.org/uploads/tdcc/tab-i/9-x-39-180314-en1.pdf,0.0,31.4,33.0,38.7,0.0,0.0,56.0,1.5,11.33,0.0,3.2,9.56,1.0,51.969999999999999,0.0,45,0.0,11.35,10.7,34.049999999999997,47.63,4.0,3.0,9.98,9.98,9.25,0.0,0.25,46.7,3550.0,4083.0,4440.0,2500.0,37.2,0,0.0,31.15,32.55,41.0,1.5,11.35,0.0,0.0,0.0,3.5,0.0,11.36,10.75,34.9,48.25,0.5,3.0,9.87,9.72,33.5,9.35,0.0,0.0,0.0,0.3,0.0,9.0,9.3,4.5,4.0,240.0,66.16,0.0,0.15,0.0,0.0,0.75,2021-10-08,GRT,,,,,,cip-bobp.org,,0
509,9 x 53 R,,CIP,RU,2 rimmed,1999-03-23,2007-05-14,https://bobp.cip-bobp.org/uploads/tdcc/tab-ii/tabiical-en-page47.pdf,0.0,39.68,42.45,53.0,0.0,0.0,67.0,1.6,14.48,0.0,0.0,0.0,0.0,0,0.0,19.667000000000002,0.0,12.42,11.61,35.061,58.06,0.0,0.0,9.86,9.86,9.27,0.0,0.58,60.7,3400.0,3910.0,4420.0,3800.0,63.3,25,0.0,39.7,42.5,53.3,1.6,14.5,0.0,0.0,0.0,0.0,0.0,12.51,11.68,33.95,56.83,0.0,0.0,9.97,9.9,7.7,9.33,60.0,0.49,6.2,6.26666666666667,0.0,9.0,9.25,3.0,6.0,240.0,65.91,0.0,0.15,0.0,0.0,0.5,2021-10-08,GRT,,,,,,cip-bobp.org,,0
510,9 x 56 Mannl. Sch.,9 x 56 M.-Sch.,CIP,AT,1 rimless,1995-06-28,2005-07-01,https://bobp.cip-bobp.org/uploads/tdcc/tab-i/tabical-en-page66.pdf,0.0,46.48,48.0,56.3,0.0,0.0,81.0,1.2,11.9,0.0,3.2,10.3,1.0,36.869999999999997,0.0,45,0.0,11.8,10.7,38.109000000000002,61.97,0.5,0.5,9.65,9.65,9.08,0.0,0.3,71.5,2080.0,2392.0,2600.0,2815.0,61.7,25,0.0,46.41,47.93,36.0,1.2,11.95,0.0,0.0,0.0,3.2,0.0,11.85,10.75,38.1,61.97,0.5,0.5,9.7,9.68,15.2,9.18,180.0,0.0,0.0,0.7,0.0,8.8,9.15,4.4,4.0,280.0,64.04,0.0,0.15,0.0,0.0,0.5,2021-10-08,GRT,,,,,,cip-bobp.org,,0
511,9 x 57 R,,CIP,DE,2 rimmed,1984-06-14,2002-05-15,https://bobp.cip-bobp.org/uploads/tdcc/tab-ii/tabiical-en-page48.pdf,0.0,46.14,47.76,56.8,0.0,0.0,81.0,1.4,13.4,0.0,0.0,0.0,0.0,0,0.0,45,0.0,11.96,10.95,38.137999999999998,61.98,0.5,0.5,9.83,9.83,9.08,0.0,0.3,90.1,2800.0,3220.0,3500.0,3260.0,64.5,25,0.0,46.16,47.74,57.1,1.4,13.43,0.0,0.0,0.0,0.0,0.0,12.0,10.98,38.383,61.93,0.5,0.5,9.88,9.87,33.3,9.15,90.0,0.36,0.0,0.316666666666667,0.0,8.78,9.06,3.2,6.0,360.0,63.29,0.0,0.15,0.0,0.0,0.5,2021-10-08,GRT,,,,,,cip-bobp.org,,0
512,9 x 57,9 x 57 Mauser,CIP,DE,1 rimless,1984-06-14,2004-05-18,https://bobp.cip-bobp.org/uploads/tdcc/tab-i/tabical-en-page67.pdf,0.0,46.2,47.82,56.8,0.0,0.0,81.0,1.3,11.95,0.0,3.2,10.5,1.0,38.659999999999997,0.0,45,0.0,11.94,10.95,38.137999999999998,62.04,0.5,0.5,9.83,9.83,9.08,0.0,0.3,90.1,2800.0,3220.0,3500.0,3650.0,64.5,25,0.0,46.16,47.74,57.1,1.3,12.0,0.0,0.0,0.0,3.2,0.0,11.97,10.98,38.383,61.93,0.5,0.5,9.88,9.87,33.3,9.15,90.0,0.36,0.0,0.316666666666667,0.0,8.78,9.06,4.6,4.0,360.0,63.25,0.0,0.15,0.0,0.0,0.5,2021-10-08,GRT,,,,,,cip-bobp.org,,0
513,9.3 RSM,,CIP,DE,1 rimless,2011-05-25,1900-01-01,https://bobp.cip-bobp.org/uploads/tdcc/tab-i/9-3-rsm-en.pdf,0.0,42.24,44.88,53.32,0.0,0.0,75.0,1.37,13.59,0.0,3.36,12.19,1.02,45,0.0,45,0.0,14.12,13.67,70,52.0,0.8,2.54,9.98,9.98,9.3,0.0,0.36,59.66,4400.0,5060.0,5720.0,5250.0,83.7,25,0.0,42.4,44.87,53.59,1.37,14.13,0.0,0.0,0.0,3.36,0.0,14.25,13.7,70.0,52.18,1.27,3.05,10.24,10.24,6.34,9.35,90.0,0.45,3.48,3.5,0.0,9.0,9.28,4.6,6.0,406.4,67.67,0.0,0.1,0.0,0.0,0.5,2021-10-08,GRT,,,,,,cip-bobp.org,,0
514,9.3 x 53 R,9.3 x 53 R Finnish,CIP,FI,2 rimmed,1995-03-09,2002-05-15,https://bobp.cip-bobp.org/uploads/tdcc/tab-ii/tabiical-en-page49.pdf,0.0,39.61,41.94,53.3,0.0,0.0,76.0,1.6,14.4,0.0,0.0,0.0,0.0,0,0.0,70,0.0,12.42,11.61,38.996000000000002,56.0,0.0,0.0,9.96,9.9,9.3,0.0,0.6,76.08,3400.0,3910.0,4250.0,4300.0,65.3,25,0.0,39.7,42.14,53.8,1.6,14.43,0.0,0.0,0.0,0.0,0.0,12.45,11.67,37.35,56.96,0.0,0.0,10.02,9.96,22.78,9.36,90.0,0.3,11.55,0.783333333333333,0.0,9.05,9.28,3.1,6.0,380.0,66.51,0.0,0.15,0.0,0.0,0.5,2021-10-08,GRT,,,,,,cip-bobp.org,,0
515,9.3 x 57,,CIP,DE,1 rimless,2007-05-14,2011-05-25,https://bobp.cip-bobp.org/uploads/tdcc/tab-i/9-3-x-57-en.pdf,0.0,45.85,47.36,56.5,0.0,0.0,82.0,1.3,11.95,0.0,3.2,10.5,1.0,38.659999999999997,0.0,45,0.0,11.94,10.95,35,63.22,0.5,0.5,10.0,10.0,9.3,0.0,0.3,84.5,3000.0,3450.0,3750.0,4250.0,63.3,25,0.0,45.81,47.28,57.0,1.3,12.0,0.0,0.0,0.0,3.2,0.0,11.97,10.98,35.0,63.22,0.5,0.5,10.05,10.03,28.0,9.35,90.0,0.34,0.0,0.35,0.0,9.0,9.28,4.6,4.0,360.0,66.32,0.0,0.15,0.0,0.0,0.5,2021-10-08,GRT,,,,,,cip-bobp.org,,0
516,9.3 x 62,,CIP,DE,1 rimless,1984-06-14,2002-05-15,https://bobp.cip-bobp.org/uploads/tdcc/tab-i/tabical-en-page69.pdf,0.0,51.79,54.22,62.0,0.0,65.1,83.6,1.3,11.95,0.0,3.2,10.5,1.0,41.630000000000003,0.0,45,0.0,12.1,11.45,34.950000000000003,69.98,0.5,0.5,9.92,9.92,9.3,9.3,0.3,90.0,3900.0,4485.0,4875.0,5335.0,78.0,25,0.0,51.75,54.17,62.3,1.3,12.0,0.0,0.0,0.0,3.2,0.0,12.13,11.48,35.083,69.91,0.5,0.5,9.95,9.94,28.0,9.35,180.0,0.0,0.0,0.35,0.0,9.0,9.28,4.6,4.0,360.0,66.32,0.0,0.1,0.0,0.0,0.5,2021-10-08,GRT,,,,,,cip-bobp.org,,0
517,9.3 x 64 Brenneke,,CIP,DE,1 rimless,1984-06-14,2002-05-15,https://bobp.cip-bobp.org/uploads/tdcc/tab-i/tabical-en-page70.pdf,0.0,52.09,55.28,64.0,0.0,70.0,85.6,1.3,12.6,0.0,3.2,11.2,1.0,43,0.0,45,0.0,12.88,12.05,34.973999999999997,71.21,0.5,0.5,10.04,10.04,9.3,9.25,0.3,92.0,4400.0,5060.0,5500.0,5335.0,88.4,25,0.0,52.04,55.23,64.3,1.3,12.65,0.0,0.0,0.0,3.2,0.0,12.91,12.08,34.967,71.21,0.5,0.5,10.07,10.06,28.0,9.35,180.0,0.0,0.0,0.35,0.0,9.0,9.28,4.6,4.0,360.0,66.32,0.0,0.1,0.0,0.0,0.5,2021-10-08,GRT,,,,,,cip-bobp.org,,0
518,9.3 x 66 Sako,,CIP,FI,1 rimless,2002-01-22,2002-05-15,https://bobp.cip-bobp.org/uploads/tdcc/tab-i/tabical-en-page71.pdf,0.0,55.8,58.2,66.0,0.0,0.0,85.0,1.3,11.95,0.0,3.24,10.5,1.0,41,0.0,45,0.0,12.13,11.43,34.924999999999997,73.97,0.5,0.5,9.92,9.92,9.3,0.0,0.3,83.01,4150.0,4773.0,5188.0,6000.0,81.3,25,0.0,55.75,41.0,66.3,0.0,12.0,0.0,0.0,0.0,3.24,0.0,12.18,11.48,35.083,73.91,0.5,0.5,9.95,9.94,17.01,9.35,89.033,0.3,0.0,0.6,0.0,9.0,9.28,3.14,6.0,360.0,66.31,0.0,0.1,0.0,0.0,0.5,2021-10-08,GRT,,,,,,cip-bobp.org,,0
519,9.3 x 72 R,,CIP,DE,2 rimmed,1984-06-14,2002-05-15,https://bobp.cip-bobp.org/uploads/tdcc/tab-ii/tabiical-en-page50.pdf,0.0,0.0,50.0,72.0,0.0,0.0,86.0,1.3,12.35,0.0,0.0,0.0,0.0,0,0.0,45,0.0,10.91,0.0,0,0.0,0.0,0.0,9.82,9.82,9.57,0.0,0.3,99.0,2000.0,2300.0,2500.0,2325.0,69.0,25,0.0,0.0,50.0,72.3,1.3,12.4,0.0,0.0,0.0,0.0,0.0,10.93,0.0,0.0,0.0,0.0,0.0,9.84,9.83,27.0,9.65,180.0,0.0,0.0,0.95,0.0,8.75,9.25,4.6,4.0,420.0,64.96,0.0,0.15,0.0,0.0,0.5,2021-10-08,GRT,,,,,,cip-bobp.org,,0
520,9.3 x 74 R,,CIP,DE,2 rimmed,1984-06-14,2006-05-16,https://bobp.cip-bobp.org/uploads/tdcc/tab-ii/9-3-x-74-r-en.pdf,0.0,59.0,61.5,74.7,0.0,0.0,96.5,1.4,13.35,0.0,0.0,0.0,0.0,0,0.0,45,0.0,11.9,10.4,10.967000000000001,113.17,0.5,0.5,9.92,9.92,9.3,0.0,0.3,101.1,3400.0,3910.0,4250.0,5045.0,83.4,25,0.0,59.0,61.5,75.0,1.4,13.4,0.0,0.0,0.0,0.0,0.0,11.93,10.43,10.967,113.33,0.5,0.5,9.95,9.94,26.4,9.33,180.0,0.0,0.0,0.35,0.0,9.0,9.28,4.6,4.0,360.0,66.32,0.0,0.15,0.0,0.0,0.5,2021-10-08,GRT,,,,,,cip-bobp.org,,0
521,9.5 x 57 Mannl. Sch.,9.5 x 57 M.-Sch.,CIP,AT,1 rimless,1995-06-28,2002-05-15,https://bobp.cip-bobp.org/uploads/tdcc/tab-i/tabical-en-page72.pdf,0.0,46.5,48.02,57.0,0.0,0.0,75.0,1.2,11.9,0.0,3.2,10.3,1.0,38.659999999999997,0.0,45,0.0,11.9,11.4,42.100000000000001,61.31,0.5,0.5,10.23,10.18,9.55,0.0,0.3,68.4,3050.0,3508.0,3810.0,6065.0,69.4,25,0.0,46.46,47.96,57.3,1.2,11.95,0.0,0.0,0.0,3.2,0.0,11.93,11.43,41.933,61.37,0.5,0.5,10.28,10.22,11.4,9.65,180.0,0.0,0.0,0.95,0.0,9.27,9.62,4.6,4.0,300.0,70.85,0.0,0.15,0.0,0.0,0.5,2021-10-08,GRT,,,,,,cip-bobp.org,,0
522,9.5 x 66 SE v.H.,,CIP,DE,1 rimless,1996-05-24,2002-05-15,https://bobp.cip-bobp.org/uploads/tdcc/tab-i/tabical-en-page73.pdf,0.0,55.0,57.0,66.0,0.0,0.0,85.0,1.3,13.0,0.0,3.7,11.5,1.0,40,0.0,45,0.0,13.85,13.7,81.391000000000005,62.97,0.5,1.0,10.26,10.26,9.55,0.0,0.3,74.92,4400.0,5060.0,5500.0,6080.0,106.3,25,0.0,54.99,56.98,66.3,1.3,13.05,0.0,0.0,0.0,3.7,0.0,13.88,13.73,81.5,62.96,0.5,1.0,10.3,10.29,8.92,9.91,90.0,0.19,0.0,2.0,0.0,9.3,9.55,2.92,6.0,305.0,70.16,0.0,0.1,0.0,0.0,0.52,2021-10-08,GRT,,,,,,cip-bobp.org,,0
523,Cal. 10/76,,CIP,,7 shotshell,1984-06-14,2006-09-19,https://bobp.cip-bobp.org/uploads/tdcc/tab-vii/tabviical-en-page3.pdf,0.0,0.0,20.0,76.0,0.0,0.0,0.0,1.9,23.65,0.0,0.0,0.0,0.0,0,0.0,0,0.0,21.7,0.0,0,0.0,0.0,0.0,0.0,21.3,0.0,0.0,0.0,0.0,1050.0,1200.0,1320.0,0.0,328.0,25,0.0,0.0,0.0,76.2,1.9,23.75,0.0,0.0,0.5,0.0,0.0,21.75,0.0,0.0,0.0,0.0,0.0,0.0,21.4,11.33,0.0,10.5,0.0,0.0,0.0,0.0,19.3,19.3,0.0,0.0,0.0,292.55,35.0,0.2,0.1,0.35,0.87,2021-10-08,GRT,,,,,,cip-bobp.org,,0
524,Cal. 10/82,,CIP,,7 shotshell,1984-06-14,2006-09-19,tabviical-de-page3.pdf,0.0,0.0,20.0,82.4,0.0,0.0,0.0,1.9,23.65,0.0,0.0,0.0,0.0,0,0.0,0,0.0,21.7,0.0,0,0.0,0.0,0.0,0.0,21.3,0.0,0.0,0.0,0.0,1050.0,1200.0,1320.0,0.0,358.0,25,0.0,0.0,0.0,82.6,1.9,23.75,0.0,0.0,0.5,0.0,0.0,21.75,0.0,0.0,0.0,0.0,0.0,0.0,21.4,11.33,0.0,10.5,0.0,0.0,0.0,0.0,19.3,19.3,0.0,0.0,0.0,292.55,35.0,0.2,0.1,0.35,0.87,2021-10-08,GRT,,,,,,cip-bobp.org,,0
525,Cal. 10/89,,CIP,,7 shotshell,1984-06-14,2006-09-19,tabviical-de-page3.pdf,0.0,0.0,20.0,88.7,0.0,0.0,0.0,1.9,23.65,0.0,0.0,0.0,0.0,0,0.0,0,0.0,21.7,0.0,0,0.0,0.0,0.0,0.0,21.3,0.0,0.0,0.0,0.0,1050.0,1200.0,1320.0,0.0,388.0,25,0.0,0.0,0.0,88.9,1.9,23.75,0.0,0.0,0.5,0.0,0.0,21.75,0.0,0.0,0.0,0.0,0.0,0.0,21.4,11.33,0.0,10.5,0.0,0.0,0.0,0.0,19.3,19.3,0.0,0.0,0.0,292.55,35.0,0.2,0.1,0.35,0.87,2021-10-08,GRT,,,,,,cip-bobp.org,,0
526,Cal. 12/35 T,,CIP,,7 shotshell,2084-06-14,2018-10-17,https://bobp.cip-bobp.org/uploads/tdcc/tab-vii/12-55-en.pdf,0.0,0.0,20.0,35.0,0.0,0.0,0.0,1.85,22.45,0.0,0.0,0.0,0.0,0,0.0,0,0.0,20.6,0.0,0,0.0,0.0,0.0,0.0,20.2,0.0,0.0,0.0,0.0,150.0,173.0,188.0,0.0,119.3,25,0.0,0.0,0.0,35.0,1.85,22.55,0.0,0.0,0.5,0.0,0.0,20.65,0.0,0.0,0.0,0.0,0.0,0.0,20.3,11.33,0.0,10.5,0.0,0.0,0.0,0.0,18.2,18.2,0.0,0.0,0.0,260.16,35.0,0.2,0.1,0.35,0.87,2021-10-08,GRT,,,,,,,,0
527,Cal. 12/55,,CIP,,7 shotshell,1984-06-14,2009-05-05,https://bobp.cip-bobp.org/uploads/tdcc/tab-vii/12-55-en.pdf,0.0,0.0,20.0,55.0,0.0,0.0,0.0,1.85,22.45,0.0,0.0,0.0,0.0,0,0.0,0,0.0,20.6,0.0,0,0.0,0.0,0.0,0.0,20.2,0.0,0.0,0.0,0.0,740.0,850.0,930.0,0.0,203.0,25,0.0,0.0,0.0,55.1,1.85,22.55,0.0,0.0,0.5,0.0,0.0,20.65,0.0,0.0,0.0,0.0,0.0,0.0,20.3,11.33,0.0,10.5,0.0,0.0,0.0,0.0,18.2,18.2,0.0,0.0,0.0,260.16,35.0,0.2,0.1,0.35,0.87,2021-10-08,GRT,,,,,,cip-bobp.org,,0
528,Cal. 12/60,,CIP,,7 shotshell,1984-06-14,2009-05-05,https://bobp.cip-bobp.org/uploads/tdcc/tab-vii/12-55-en.pdf,0.0,0.0,20.0,60.0,0.0,0.0,0.0,1.85,22.45,0.0,0.0,0.0,0.0,0,0.0,0,0.0,20.6,0.0,0,0.0,0.0,0.0,0.0,20.2,0.0,0.0,0.0,0.0,740.0,850.0,930.0,0.0,225.0,25,0.0,0.0,0.0,60.1,1.85,22.55,0.0,0.0,0.5,0.0,0.0,20.65,0.0,0.0,0.0,0.0,0.0,0.0,20.3,11.33,0.0,10.5,0.0,0.0,0.0,0.0,18.2,18.2,0.0,0.0,0.0,260.16,35.0,0.2,0.1,0.35,0.87,2021-10-08,GRT,,,,,,cip-bobp.org,,0
529,Cal. 12/65,,CIP,,7 shotshell,1984-06-14,2009-05-05,https://bobp.cip-bobp.org/uploads/tdcc/tab-vii/12-55-en.pdf,0.0,0.0,20.0,65.0,0.0,0.0,0.0,1.85,22.45,0.0,0.0,0.0,0.0,0,0.0,0,0.0,20.6,0.0,0,0.0,0.0,0.0,0.0,20.2,0.0,0.0,0.0,0.0,740.0,850.0,930.0,0.0,246.0,25,0.0,0.0,0.0,65.1,1.85,22.55,0.0,0.0,0.5,0.0,0.0,20.65,0.0,0.0,0.0,0.0,0.0,0.0,20.3,11.33,0.0,10.5,0.0,0.0,0.0,0.0,18.2,18.2,0.0,0.0,0.0,260.16,35.0,0.2,0.1,0.35,0.87,2021-10-08,GRT,,,,,,cip-bobp.org,,0
530,Cal. 12/67,,CIP,,7 shotshell,1984-06-14,2009-05-05,https://bobp.cip-bobp.org/uploads/tdcc/tab-vii/12-55-en.pdf,0.0,0.0,20.0,67.5,0.0,0.0,0.0,1.85,22.45,0.0,0.0,0.0,0.0,0,0.0,0,0.0,20.6,0.0,0,0.0,0.0,0.0,0.0,20.2,0.0,0.0,0.0,0.0,740.0,850.0,930.0,0.0,256.0,25,0.0,0.0,0.0,67.6,1.85,22.55,0.0,0.0,0.5,0.0,0.0,20.65,0.0,0.0,0.0,0.0,0.0,0.0,20.3,11.33,0.0,10.5,0.0,0.0,0.0,0.0,18.2,18.2,0.0,0.0,0.0,260.16,35.0,0.2,0.1,0.35,0.87,2021-10-08,GRT,,,,,,cip-bobp.org,,0
531,Cal. 12/70,,CIP,,7 shotshell,1984-06-14,2009-05-05,https://bobp.cip-bobp.org/uploads/tdcc/tab-vii/12-55-en.pdf,0.0,0.0,20.0,69.8,0.0,0.0,0.0,1.85,22.45,0.0,0.0,0.0,0.0,0,0.0,0,0.0,20.6,0.0,0,0.0,0.0,0.0,0.0,20.2,0.0,0.0,0.0,0.0,740.0,850.0,930.0,0.0,266.0,25,0.0,0.0,0.0,69.9,1.85,22.55,0.0,0.0,0.5,0.0,0.0,20.65,0.0,0.0,0.0,0.0,0.0,0.0,20.3,11.33,0.0,10.5,0.0,0.0,0.0,0.0,18.2,18.2,0.0,0.0,0.0,260.16,35.0,0.2,0.1,0.35,0.87,2021-10-08,GRT,,,,,,cip-bobp.org,,0
532,Cal. 12/73,,CIP,,7 shotshell,1984-06-14,2009-05-05,https://bobp.cip-bobp.org/uploads/tdcc/tab-vii/12-55-en.pdf,0.0,0.0,20.0,72.8,0.0,0.0,0.0,1.85,22.45,0.0,0.0,0.0,0.0,0,0.0,0,0.0,20.6,0.0,0,0.0,0.0,0.0,0.0,20.2,0.0,0.0,0.0,0.0,1050.0,1200.0,1320.0,0.0,279.0,25,0.0,0.0,0.0,73.0,1.85,22.55,0.0,0.0,0.5,0.0,0.0,20.65,0.0,0.0,0.0,0.0,0.0,0.0,20.3,11.33,0.0,10.5,0.0,0.0,0.0,0.0,18.2,18.2,0.0,0.0,0.0,260.16,35.0,0.2,0.1,0.35,0.87,2021-10-08,GRT,,,,,,cip-bobp.org,,0
533,Cal. 12/76,,CIP,,7 shotshell,1984-06-14,2009-05-05,https://bobp.cip-bobp.org/uploads/tdcc/tab-vii/12-55-en.pdf,0.0,0.0,20.0,76.0,0.0,0.0,0.0,1.85,22.45,0.0,0.0,0.0,0.0,0,0.0,0,0.0,20.6,0.0,0,0.0,0.0,0.0,0.0,20.2,0.0,0.0,0.0,0.0,1050.0,1200.0,1320.0,0.0,292.0,25,0.0,0.0,0.0,76.2,1.85,22.55,0.0,0.0,0.5,0.0,0.0,20.65,0.0,0.0,0.0,0.0,0.0,0.0,20.3,11.33,0.0,10.5,0.0,0.0,0.0,0.0,18.2,18.2,0.0,0.0,0.0,260.16,35.0,0.2,0.1,0.35,0.87,2021-10-08,GRT,,,,,,cip-bobp.org,,0
534,Cal. 12/89,,CIP,,7 shotshell,1984-06-14,2009-05-05,https://bobp.cip-bobp.org/uploads/tdcc/tab-vii/12-55-en.pdf,0.0,0.0,20.0,88.7,0.0,0.0,0.0,1.85,22.45,0.0,0.0,0.0,0.0,0,0.0,0,0.0,20.6,0.0,0,0.0,0.0,0.0,0.0,20.2,0.0,0.0,0.0,0.0,1050.0,1200.0,1320.0,0.0,346.0,25,0.0,0.0,0.0,88.9,1.85,22.55,0.0,0.0,0.5,0.0,0.0,20.65,0.0,0.0,0.0,0.0,0.0,0.0,20.3,11.33,0.0,10.5,0.0,0.0,0.0,0.0,18.2,18.2,0.0,0.0,0.0,260.16,35.0,0.2,0.1,0.35,0.87,2021-10-08,GRT,,,,,,cip-bobp.org,,0
535,Cal. 14/65,,CIP,,7 shotshell,1984-06-14,2006-09-19,https://bobp.cip-bobp.org/uploads/tdcc/tab-vii/tabviical-en-page5.pdf,0.0,0.0,20.0,65.0,0.0,0.0,0.0,1.75,21.45,0.0,0.0,0.0,0.0,0,0.0,0,0.0,19.65,0.0,0,0.0,0.0,0.0,0.0,19.3,0.0,0.0,0.0,0.0,740.0,850.0,900.0,0.0,223.0,25,0.0,0.0,0.0,65.1,1.75,21.55,0.0,0.0,0.5,0.0,0.0,19.7,0.0,0.0,0.0,0.0,0.0,0.0,19.35,11.6,0.0,10.5,0.0,0.0,0.0,0.0,17.2,17.2,0.0,0.0,0.0,232.35,35.0,0.2,0.1,0.35,0.87,2021-10-08,GRT,,,,,,cip-bobp.org,,0
536,Cal. 14/67,,CIP,,7 shotshell,1984-06-14,2006-9-19,https://bobp.cip-bobp.org/uploads/tdcc/tab-vii/tabviical-de-page5.pdf,0.0,0.0,20.0,67.5,0.0,0.0,0.0,1.75,21.45,0.0,0.0,0.0,0.0,0,0.0,0,0.0,19.65,0.0,0,0.0,0.0,0.0,0.0,19.3,0.0,0.0,0.0,0.0,740.0,850.0,900.0,0.0,232.0,25,0.0,0.0,0.0,67.6,1.75,21.55,0.0,0.0,0.5,0.0,0.0,19.7,0.0,0.0,0.0,0.0,0.0,0.0,19.35,11.6,0.0,10.5,0.0,0.0,0.0,0.0,17.2,17.2,0.0,0.0,0.0,232.35,35.0,0.2,0.1,0.35,0.87,2021-10-08,GRT,,,,,,cip-bobp.org,,0
537,Cal. 14/70,,CIP,,7 shotshell,1984-06-14,2006-9-19,https://bobp.cip-bobp.org/uploads/tdcc/tab-vii/tabviical-de-page5.pdf,0.0,0.0,20.0,69.8,0.0,0.0,0.0,1.75,21.45,0.0,0.0,0.0,0.0,0,0.0,0,0.0,19.65,0.0,0,0.0,0.0,0.0,0.0,19.3,0.0,0.0,0.0,0.0,740.0,850.0,900.0,0.0,241.0,25,0.0,0.0,0.0,69.9,1.75,21.55,0.0,0.0,0.5,0.0,0.0,19.7,0.0,0.0,0.0,0.0,0.0,0.0,19.35,11.6,0.0,10.5,0.0,0.0,0.0,0.0,17.2,17.2,0.0,0.0,0.0,232.35,35.0,0.2,0.1,0.35,0.87,2021-10-08,GRT,,,,,,cip-bobp.org,,0
538,Cal. 16/65,,CIP,,7 shotshell,1984-06-14,2010-05-26,https://bobp.cip-bobp.org/uploads/tdcc/tab-vii/tabviical-en-page6.pdf,0.0,0.0,20.0,65.0,0.0,0.0,0.0,1.65,20.65,0.0,0.0,0.0,0.0,0,0.0,0,0.0,18.9,0.0,0,0.0,0.0,0.0,0.0,18.55,0.0,0.0,0.0,0.0,780.0,900.0,930.0,0.0,204.0,25,0.0,0.0,0.0,65.1,1.65,20.75,0.0,0.0,0.5,0.0,0.0,18.95,0.0,0.0,0.0,0.0,0.0,0.0,18.6,9.71,0.0,10.5,0.0,0.0,0.0,0.0,16.8,16.8,0.0,0.0,0.0,221.67,35.0,0.2,0.1,0.35,0.87,2021-10-08,GRT,,,,,,cip-bobp.org,,0
539,Cal. 16/67,,CIP,,7 shotshell,1984-06-14,2010-5-26,https://bobp.cip-bobp.org/uploads/tdcc/tab-vii/tabviical-de-page6.pdf,0.0,0.0,20.0,67.5,0.0,0.0,0.0,1.65,20.65,0.0,0.0,0.0,0.0,0,0.0,0,0.0,18.9,0.0,0,0.0,0.0,0.0,0.0,18.55,0.0,0.0,0.0,0.0,780.0,900.0,930.0,0.0,213.0,25,0.0,0.0,0.0,67.7,1.65,20.75,0.0,0.0,0.5,0.0,0.0,18.95,0.0,0.0,0.0,0.0,0.0,0.0,18.6,9.71,0.0,10.5,0.0,0.0,0.0,0.0,16.8,16.8,0.0,0.0,0.0,221.67,35.0,0.2,0.1,0.35,0.87,2021-10-08,GRT,,,,,,cip-bobp.org,,0
540,Cal. 16/70,,CIP,,7 shotshell,1984-06-14,2010-5-26,https://bobp.cip-bobp.org/uploads/tdcc/tab-vii/tabviical-de-page6.pdf,0.0,0.0,20.0,69.8,0.0,0.0,0.0,1.65,20.65,0.0,0.0,0.0,0.0,0,0.0,0,0.0,18.9,0.0,0,0.0,0.0,0.0,0.0,18.55,0.0,0.0,0.0,0.0,780.0,900.0,930.0,0.0,221.0,25,0.0,0.0,0.0,69.9,1.65,20.75,0.0,0.0,0.5,0.0,0.0,18.95,0.0,0.0,0.0,0.0,0.0,0.0,18.6,9.71,0.0,10.5,0.0,0.0,0.0,0.0,16.8,16.8,0.0,0.0,0.0,221.67,35.0,0.2,0.1,0.35,0.87,2021-10-08,GRT,,,,,,cip-bobp.org,,0
541,Cal. 16/76,,CIP,,7 shotshell,1984-06-14,2010-05-26,https://bobp.cip-bobp.org/uploads/tdcc/tab-vii/tabviical-en-page6.pdf,0.0,0.0,20.0,76.0,0.0,0.0,0.0,1.65,20.65,0.0,0.0,0.0,0.0,0,0.0,0,0.0,18.9,0.0,0,0.0,0.0,0.0,0.0,18.55,0.0,0.0,0.0,0.0,1050.0,1200.0,1320.0,0.0,243.0,25,0.0,0.0,0.0,76.2,1.65,20.75,0.0,0.0,0.5,0.0,0.0,18.95,0.0,0.0,0.0,0.0,0.0,0.0,18.6,9.71,0.0,10.5,0.0,0.0,0.0,0.0,16.8,16.8,0.0,0.0,0.0,221.67,35.0,0.2,0.1,0.35,0.87,2021-10-08,GRT,,,,,,cip-bobp.org,,0
542,Cal. 20/58,,CIP,,7 shotshell,2084-06-14,2020-11-10,https://bobp.cip-bobp.org/uploads/tdcc/tab-vii/tabvii-20-en.pdf,0.0,0.0,25.0,58.0,0.0,0.0,0.0,1.55,19.4,0.0,0.0,0.0,0.0,0,0.0,0,0.0,17.7,0.0,0,0.0,0.0,0.0,0.0,17.35,0.0,0.0,0.0,0.0,830.0,950.0,1040.0,0.0,155.6,25,0.0,0.0,0.0,58.1,1.55,19.5,0.0,0.0,0.5,0.0,0.0,17.75,0.0,0.0,0.0,0.0,0.0,0.0,17.4,9.17,0.0,10.5,0.0,0.0,0.0,0.0,15.7,15.7,0.0,0.0,0.0,193.59,35.0,0.2,0.1,0.35,0.87,2021-10-08,GRT,,,,,,,,0
543,Cal. 20/65,,CIP,,7 shotshell,1984-06-14,2007-05-14,https://bobp.cip-bobp.org/uploads/tdcc/tab-vii/tabvii-20-en.pdf,0.0,0.0,20.0,65.0,0.0,0.0,0.0,1.55,19.4,0.0,0.0,0.0,0.0,0,0.0,0,0.0,17.7,0.0,0,0.0,0.0,0.0,0.0,17.35,0.0,0.0,0.0,0.0,830.0,950.0,1040.0,0.0,176.0,25,0.0,0.0,0.0,65.1,1.55,19.5,0.0,0.0,0.5,0.0,0.0,17.75,0.0,0.0,0.0,0.0,0.0,0.0,17.4,9.17,0.0,10.5,0.0,0.0,0.0,0.0,15.7,15.7,0.0,0.0,0.0,193.59,35.0,0.2,0.1,0.35,0.87,2021-10-08,GRT,,,,,,cip-bobp.org,,0
544,Cal. 20/67,,CIP,,7 shotshell,1984-06-14,2007-5-14,https://bobp.cip-bobp.org/uploads/tdcc/tab-vii/tabvii-20-en.pdf,0.0,0.0,20.0,67.5,0.0,0.0,0.0,1.55,19.4,0.0,0.0,0.0,0.0,0,0.0,0,0.0,17.7,0.0,0,0.0,0.0,0.0,0.0,17.35,0.0,0.0,0.0,0.0,830.0,950.0,1040.0,0.0,184.0,25,0.0,0.0,0.0,67.6,1.55,19.5,0.0,0.0,0.5,0.0,0.0,17.75,0.0,0.0,0.0,0.0,0.0,0.0,17.4,9.17,0.0,10.5,0.0,0.0,0.0,0.0,15.7,15.7,0.0,0.0,0.0,193.59,35.0,0.2,0.1,0.35,0.87,2021-10-08,GRT,,,,,,cip-bobp.org,,0
545,Cal. 20/70,,CIP,,7 shotshell,1984-06-14,2007-5-14,https://bobp.cip-bobp.org/uploads/tdcc/tab-vii/tabvii-20-en.pdf,0.0,0.0,20.0,69.8,0.0,0.0,0.0,1.55,19.4,0.0,0.0,0.0,0.0,0,0.0,0,0.0,17.7,0.0,0,0.0,0.0,0.0,0.0,17.35,0.0,0.0,0.0,0.0,830.0,950.0,1040.0,0.0,191.0,25,0.0,0.0,0.0,69.9,1.55,19.5,0.0,0.0,0.5,0.0,0.0,17.75,0.0,0.0,0.0,0.0,0.0,0.0,17.4,9.17,0.0,10.5,0.0,0.0,0.0,0.0,15.7,15.7,0.0,0.0,0.0,193.59,35.0,0.2,0.1,0.35,0.87,2021-10-08,GRT,,,,,,cip-bobp.org,,0
546,Cal. 20/76,,CIP,,7 shotshell,1984-06-14,2007-5-14,https://bobp.cip-bobp.org/uploads/tdcc/tab-vii/tabvii-20-en.pdf,0.0,0.0,20.0,76.0,0.0,0.0,0.0,1.55,19.4,0.0,0.0,0.0,0.0,0,0.0,0,0.0,17.7,0.0,0,0.0,0.0,0.0,0.0,17.35,0.0,0.0,0.0,0.0,1050.0,1200.0,1320.0,0.0,210.0,25,0.0,0.0,0.0,76.2,1.55,19.5,0.0,0.0,0.5,0.0,0.0,17.75,0.0,0.0,0.0,0.0,0.0,0.0,17.4,9.17,0.0,10.5,0.0,0.0,0.0,0.0,15.7,15.7,0.0,0.0,0.0,193.59,35.0,0.2,0.1,0.35,0.87,2021-10-08,GRT,,,,,,cip-bobp.org,,0
547,Cal. 20/89,,CIP,,7 shotshell,1984-06-14,2007-5-14,https://bobp.cip-bobp.org/uploads/tdcc/tab-vii/tabvii-20-en.pdf,0.0,0.0,20.0,88.7,0.0,0.0,0.0,1.55,19.4,0.0,0.0,0.0,0.0,0,0.0,0,0.0,17.7,0.0,0,0.0,0.0,0.0,0.0,17.35,0.0,0.0,0.0,0.0,1050.0,1200.0,1320.0,0.0,248.0,25,0.0,0.0,0.0,88.9,1.55,19.5,0.0,0.0,0.5,0.0,0.0,17.75,0.0,0.0,0.0,0.0,0.0,0.0,17.4,9.17,0.0,10.5,0.0,0.0,0.0,0.0,15.7,15.7,0.0,0.0,0.0,193.59,35.0,0.2,0.1,0.35,0.87,2021-10-08,GRT,,,,,,cip-bobp.org,,0
548,Cal. 24/63.5,,CIP,,7 shotshell,1984-06-14,2006-9-19,https://bobp.cip-bobp.org/uploads/tdcc/tab-vii/tabviical-en-page8.pdf,0.0,0.0,20.0,63.5,0.0,0.0,0.0,1.55,18.45,0.0,0.0,0.0,0.0,0,0.0,0,0.0,16.75,0.0,0,0.0,0.0,0.0,0.0,16.45,0.0,0.0,0.0,0.0,830.0,950.0,1040.0,0.0,153.0,25,0.0,0.0,0.0,0.0,0.0,0.0,0.0,0.0,0.5,0.0,0.0,0.0,0.0,0.0,0.0,0.0,0.0,0.0,0.0,16426477621.39,0.0,0.0,0.0,0.0,0.0,0.0,14.7,0.0,0.0,0.0,0.0,169.72,35.0,0.2,0.0,0.0,0.87,2021-10-08,GRT,,,,,,cip-bobp.org,,0
549,Cal. 24/65,,CIP,,7 shotshell,1984-06-14,2006-9-19,https://bobp.cip-bobp.org/uploads/tdcc/tab-vii/tabviical-de-page8.pdf,0.0,0.0,20.0,65.0,0.0,0.0,0.0,1.55,18.45,0.0,0.0,0.0,0.0,0,0.0,0,0.0,16.75,0.0,0,0.0,0.0,0.0,0.0,16.45,0.0,0.0,0.0,0.0,830.0,950.0,1040.0,0.0,157.0,25,0.0,0.0,0.0,0.0,0.0,0.0,0.0,0.0,0.0,0.0,0.0,0.0,0.0,0.0,0.0,0.0,0.0,0.0,0.0,0.0,0.0,0.0,0.0,0.0,0.0,0.0,14.7,0.0,0.0,0.0,0.0,169.72,0.0,0.0,0.0,0.0,0.87,2021-10-08,GRT,,,,,,cip-bobp.org,,0
550,Cal. 24/70,,CIP,,7 shotshell,1984-06-14,2006-9-19,https://bobp.cip-bobp.org/uploads/tdcc/tab-vii/tabviical-de-page8.pdf,0.0,0.0,20.0,69.8,0.0,0.0,0.0,1.55,18.45,0.0,0.0,0.0,0.0,0,0.0,0,0.0,16.75,0.0,0,0.0,0.0,0.0,0.0,16.45,0.0,0.0,0.0,0.0,830.0,950.0,1040.0,0.0,170.0,25,0.0,0.0,0.0,0.0,0.0,0.0,0.0,0.0,0.0,0.0,0.0,0.0,0.0,0.0,0.0,0.0,0.0,0.0,0.0,0.0,0.0,0.0,0.0,0.0,0.0,0.0,14.7,0.0,0.0,0.0,0.0,169.72,0.0,0.0,0.0,0.0,0.87,2021-10-08,GRT,,,,,,cip-bobp.org,,0
551,Cal. 28/58.5,,CIP,,7 shotshell,2084-06-14,2017-05-17,https://bobp.cip-bobp.org/uploads/tdcc/tab-vii/tabvii-28-eng-2.pdf,0.0,0.0,14.0,58.5,0.0,0.0,0.0,1.55,17.4,0.0,0.0,0.0,0.0,0,0.0,0,0.0,15.85,0.0,0,0.0,0.0,0.0,0.0,15.55,0.0,0.0,0.0,0.0,830.0,950.0,1040.0,0.0,123.5,17,0.0,0.0,0.0,58.6,1.55,17.5,0.0,0.0,0.5,0.0,0.0,15.9,0.0,0.0,0.0,0.0,0.0,0.0,15.6,9.71,0.0,10.5,0.0,0.0,0.0,0.0,13.8,13.8,0.0,0.0,0.0,149.57,35.0,0.2,0.1,0.35,0.87,2021-10-08,GRT,,,,,,,,0
552,Cal. 28/63.5,,CIP,,7 shotshell,1984-06-14,2010-5-26,https://bobp.cip-bobp.org/uploads/tdcc/tab-vii/tabvii-28-eng-2.pdf,0.0,0.0,14.0,63.5,0.0,0.0,0.0,1.55,17.4,0.0,0.0,0.0,0.0,0,0.0,0,0.0,15.85,0.0,0,0.0,0.0,0.0,0.0,15.55,0.0,0.0,0.0,0.0,830.0,950.0,1040.0,0.0,135.0,17,0.0,0.0,0.0,63.6,1.55,17.5,0.0,0.0,0.5,0.0,0.0,15.9,0.0,0.0,0.0,0.0,0.0,0.0,15.6,9.71,0.0,10.5,0.0,0.0,0.0,0.0,13.8,13.8,0.0,0.0,0.0,149.57,35.0,0.2,0.1,0.35,0.87,2021-10-08,GRT,,,,,,cip-bobp.org,,0
553,Cal. 28/65,,CIP,,7 shotshell,1984-06-14,2010-05-26,https://bobp.cip-bobp.org/uploads/tdcc/tab-vii/tabvii-28-eng-2.pdf,0.0,0.0,14.0,65.0,0.0,0.0,0.0,1.55,17.4,0.0,0.0,0.0,0.0,0,0.0,0,0.0,15.85,0.0,0,0.0,0.0,0.0,0.0,15.55,0.0,0.0,0.0,0.0,830.0,950.0,1040.0,0.0,138.0,17,0.0,0.0,0.0,65.1,1.55,17.5,0.0,0.0,0.5,0.0,0.0,15.9,0.0,0.0,0.0,0.0,0.0,0.0,15.6,9.71,0.0,10.5,0.0,0.0,0.0,0.0,13.8,13.8,0.0,0.0,0.0,149.57,35.0,0.2,0.1,0.35,0.87,2021-10-08,GRT,,,,,,cip-bobp.org,,0
554,Cal. 28/70,,CIP,,7 shotshell,1984-06-14,2010-05-26,https://bobp.cip-bobp.org/uploads/tdcc/tab-vii/tabvii-28-eng-2.pdf,0.0,0.0,14.0,69.8,0.0,0.0,0.0,1.55,17.4,0.0,0.0,0.0,0.0,0,0.0,0,0.0,15.85,0.0,0,0.0,0.0,0.0,0.0,15.55,0.0,0.0,0.0,0.0,830.0,950.0,1040.0,0.0,150.0,17,0.0,0.0,0.0,69.9,1.55,17.5,0.0,0.0,0.5,0.0,0.0,15.9,0.0,0.0,0.0,0.0,0.0,0.0,15.6,9.71,0.0,10.5,0.0,0.0,0.0,0.0,13.8,13.8,0.0,0.0,0.0,149.57,35.0,0.2,0.1,0.35,0.87,2021-10-08,GRT,,,,,,cip-bobp.org,,0
555,Cal. 28/76,,CIP,,7 shotshell,2084-06-14,2017-05-17,https://bobp.cip-bobp.org/uploads/tdcc/tab-vii/tabvii-28-eng-2.pdf,0.0,0.0,14.0,76.0,0.0,0.0,0.0,1.55,17.4,0.0,0.0,0.0,0.0,0,0.0,0,0.0,15.85,0.0,0,0.0,0.0,0.0,0.0,15.55,0.0,0.0,0.0,0.0,1050.0,1200.0,1320.0,0.0,165.2,17,0.0,0.0,0.0,76.2,1.55,17.5,0.0,0.0,0.5,0.0,0.0,15.9,0.0,0.0,0.0,0.0,0.0,0.0,15.6,9.71,0.0,10.5,0.0,0.0,0.0,0.0,13.8,13.8,0.0,0.0,0.0,149.57,35.0,0.2,0.1,0.35,0.87,2021-10-08,GRT,,,,,,,,0
556,Cal. 32/50.7,,CIP,,7 shotshell,1984-06-14,2006-9-19,https://bobp.cip-bobp.org/uploads/tdcc/tab-vii/tabviical-en-page10.pdf,0.0,0.0,10.0,50.7,0.0,0.0,0.0,1.55,16.1,0.0,0.0,0.0,0.0,0,0.0,0,0.0,14.55,0.0,0,0.0,0.0,0.0,0.0,14.25,0.0,0.0,0.0,0.0,830.0,950.0,1040.0,0.0,86.0,12,0.0,0.0,0.0,65.1,1.55,16.2,0.0,0.0,0.5,0.0,0.0,14.6,0.0,0.0,0.0,0.0,0.0,0.0,14.3,8.9,0.0,10.5,0.0,0.0,0.0,0.0,12.7,12.7,0.0,0.0,0.0,122.72,35.0,0.2,0.1,0.35,0.87,2021-10-08,GRT,,,,,,cip-bobp.org,,0
557,Cal. 32/60,,CIP,,7 shotshell,1984-06-14,2006-9-19,https://bobp.cip-bobp.org/uploads/tdcc/tab-vii/tabviical-de-page10.pdf,0.0,0.0,14.0,60.0,0.0,0.0,0.0,1.55,16.1,0.0,0.0,0.0,0.0,0,0.0,0,0.0,14.55,0.0,0,0.0,0.0,0.0,0.0,14.25,0.0,0.0,0.0,0.0,830.0,950.0,1040.0,0.0,104.0,17,0.0,0.0,0.0,65.1,1.55,16.2,0.0,0.0,0.5,0.0,0.0,14.6,0.0,0.0,0.0,0.0,0.0,0.0,14.3,8.9,0.0,10.5,0.0,0.0,0.0,0.0,12.7,12.7,0.0,0.0,0.0,122.72,35.0,0.2,0.1,0.35,0.87,2021-10-08,GRT,,,,,,cip-bobp.org,,0
558,Cal. 32/63.5,,CIP,,7 shotshell,1984-06-14,2006-9-19,https://bobp.cip-bobp.org/uploads/tdcc/tab-vii/tabviical-de-page10.pdf,0.0,0.0,14.0,63.5,0.0,0.0,0.0,1.55,16.1,0.0,0.0,0.0,0.0,0,0.0,0,0.0,14.55,0.0,0,0.0,0.0,0.0,0.0,14.25,0.0,0.0,0.0,0.0,830.0,950.0,1040.0,0.0,111.0,17,0.0,0.0,0.0,65.1,1.55,16.2,0.0,0.0,0.5,0.0,0.0,14.6,0.0,0.0,0.0,0.0,0.0,0.0,14.3,8.9,0.0,10.5,0.0,0.0,0.0,0.0,12.7,12.7,0.0,0.0,0.0,122.72,35.0,0.2,0.1,0.35,0.87,2021-10-08,GRT,,,,,,cip-bobp.org,,0
559,Cal. 32/65 RUS,,CIP,,7 shotshell,1999-04-20,2006-09-19,https://bobp.cip-bobp.org/uploads/tdcc/tab-vii/tabviical-en-page11.pdf,0.0,0.0,14.0,65.0,0.0,0.0,0.0,1.5,15.4,0.0,0.0,0.0,0.0,0,0.0,0,0.0,13.6,0.0,0,0.0,0.0,0.0,0.0,13.25,0.0,0.0,0.0,0.0,830.0,950.0,1040.0,0.0,97.0,17,0.0,0.0,0.0,65.1,1.5,15.5,0.0,0.0,0.5,0.0,0.0,13.6,0.0,0.0,0.0,0.0,0.0,0.0,13.3,4.32,0.0,10.5,0.0,0.0,0.0,0.0,12.5,12.5,0.0,0.0,0.0,122.72,35.0,0.2,0.1,0.35,0.87,2021-10-08,GRT,,,,,,cip-bobp.org,,0
560,Cal. 32/65,,CIP,,7 shotshell,1984-06-14,2006-9-19,https://bobp.cip-bobp.org/uploads/tdcc/tab-vii/tabviical-de-page10.pdf,0.0,0.0,14.0,65.0,0.0,0.0,0.0,1.55,16.1,0.0,0.0,0.0,0.0,0,0.0,0,0.0,14.55,0.0,0,0.0,0.0,0.0,0.0,14.25,0.0,0.0,0.0,0.0,830.0,950.0,1040.0,0.0,114.0,17,0.0,0.0,0.0,65.1,1.55,16.2,0.0,0.0,0.5,0.0,0.0,14.6,0.0,0.0,0.0,0.0,0.0,0.0,14.3,8.9,0.0,10.5,0.0,0.0,0.0,0.0,12.7,12.7,0.0,0.0,0.0,122.72,35.0,0.2,0.1,0.35,0.87,2021-10-08,GRT,,,,,,cip-bobp.org,,0
561,Cal. 32/70 RUS,,CIP,,7 shotshell,1999-04-20,2006-09-19,https://bobp.cip-bobp.org/uploads/tdcc/tab-vii/tabviical-en-page11.pdf,0.0,0.0,14.0,69.8,0.0,0.0,0.0,1.5,15.4,0.0,0.0,0.0,0.0,0,0.0,0,0.0,13.6,0.0,0,0.0,0.0,0.0,0.0,13.25,0.0,0.0,0.0,0.0,830.0,950.0,1040.0,0.0,105.0,17,0.0,0.0,0.0,69.9,1.5,15.5,0.0,0.0,0.5,0.0,0.0,13.6,0.0,0.0,0.0,0.0,0.0,0.0,13.3,4.32,0.0,10.5,0.0,0.0,0.0,0.0,12.5,12.5,0.0,0.0,0.0,122.72,35.0,0.2,0.1,0.35,0.87,2021-10-08,GRT,,,,,,cip-bobp.org,,0
562,Cal. 32/70,,CIP,,7 shotshell,1984-06-14,2006-9-19,https://bobp.cip-bobp.org/uploads/tdcc/tab-vii/tabviical-de-page10.pdf,0.0,0.0,14.0,69.8,0.0,0.0,0.0,1.55,16.1,0.0,0.0,0.0,0.0,0,0.0,0,0.0,14.55,0.0,0,0.0,0.0,0.0,0.0,14.25,0.0,0.0,0.0,0.0,830.0,950.0,1040.0,0.0,123.0,17,0.0,0.0,0.0,69.9,1.55,16.2,0.0,0.0,0.5,0.0,0.0,14.6,0.0,0.0,0.0,0.0,0.0,0.0,14.3,8.9,0.0,10.5,0.0,0.0,0.0,0.0,12.7,12.7,0.0,0.0,0.0,122.72,35.0,0.2,0.1,0.35,0.87,2021-10-08,GRT,,,,,,cip-bobp.org,,0
563,Cal. 4/101,,CIP,,7 shotshell,1989-01-19,2006-9-19,https://bobp.cip-bobp.org/uploads/tdcc/tab-vii/tabviical-de-page1.pdf,0.0,0.0,20.0,101.0,0.0,0.0,0.0,3.25,30.45,0.0,0.0,0.0,0.0,0,0.0,0,0.0,27.6,0.0,0,0.0,0.0,0.0,0.0,26.2,0.0,0.0,0.0,0.0,1050.0,1200.0,1320.0,0.0,695.0,25,0.0,0.0,0.0,101.2,3.3,30.5,0.0,0.0,0.5,0.0,0.0,27.7,0.0,0.0,0.0,0.0,0.0,0.0,26.3,15.92,0.0,10.5,0.0,0.0,0.0,0.0,23.35,23.35,0.0,0.0,0.0,428.22,35.0,0.2,0.1,0.35,0.87,2021-10-08,GRT,,,,,,cip-bobp.org,,0
564,Cal. 4/82,,CIP,,7 shotshell,1989-01-19,2006-9-19,https://bobp.cip-bobp.org/uploads/tdcc/tab-vii/tabviical-en-page1.pdf,0.0,0.0,20.0,82.4,0.0,0.0,0.0,3.25,30.45,0.0,0.0,0.0,0.0,0,0.0,0,0.0,27.6,0.0,0,0.0,0.0,0.0,0.0,26.2,0.0,0.0,0.0,0.0,1050.0,1200.0,1320.0,0.0,550.0,25,0.0,0.0,0.0,82.6,3.3,30.5,0.0,0.0,0.5,0.0,0.0,27.7,0.0,0.0,0.0,0.0,0.0,0.0,26.3,15.92,0.0,10.5,0.0,0.0,0.0,0.0,23.35,23.35,0.0,0.0,0.0,428.22,35.0,0.2,0.1,0.35,0.87,2021-10-08,GRT,,,,,,cip-bobp.org,,0
565,Cal. 410/50.7,,CIP,,7 shotshell,1984-06-14,2016-5-18,https://bobp.cip-bobp.org/uploads/tdcc/tab-vii/410-en-1.pdf,0.0,0.0,10.0,50.7,0.0,0.0,0.0,1.55,13.6,0.0,0.0,0.0,0.0,0,0.0,0,0.0,12.0,0.0,0,0.0,0.0,0.0,0.0,11.75,0.0,0.0,0.0,0.0,830.0,950.0,1040.0,0.0,55.0,12.5,0.0,0.0,0.0,50.8,1.55,13.7,0.0,0.0,0.0,0.0,0.0,12.05,0.0,0.0,0.0,0.0,0.0,0.0,11.8,9.1,0.0,10.5,0.0,0.0,0.0,0.0,10.2,10.2,0.0,0.0,0.0,81.71,0.0,0.0,0.0,0.0,0.87,2021-10-08,GRT,,,,,,cip-bobp.org,,0
566,Cal. 410/63.5,,CIP,,7 shotshell,1984-06-14,2016-5-18,https://bobp.cip-bobp.org/uploads/tdcc/tab-vii/410-en-2.pdf,0.0,0.0,14.0,63.5,0.0,0.0,0.0,1.55,13.6,0.0,0.0,0.0,0.0,0,0.0,0,0.0,12.0,0.0,0,0.0,0.0,0.0,0.0,11.75,0.0,0.0,0.0,0.0,830.0,950.0,1040.0,0.0,72.0,17,0.0,0.0,0.0,63.6,1.55,13.7,0.0,0.0,0.0,0.0,0.0,12.05,0.0,0.0,0.0,0.0,0.0,0.0,11.8,9.1,0.0,10.5,0.0,0.0,0.0,0.0,10.2,10.2,0.0,0.0,0.0,81.71,0.0,0.0,0.0,0.0,0.87,2021-10-08,GRT,,,,,,cip-bobp.org,,0
567,Cal. 410/65,,CIP,,7 shotshell,1984-06-14,2016-5-18,https://bobp.cip-bobp.org/uploads/tdcc/tab-vii/410-en-3.pdf,0.0,0.0,14.0,65.0,0.0,0.0,0.0,1.55,13.6,0.0,0.0,0.0,0.0,0,0.0,0,0.0,12.0,0.0,0,0.0,0.0,0.0,0.0,11.75,0.0,0.0,0.0,0.0,830.0,950.0,1040.0,0.0,73.0,17,0.0,0.0,0.0,65.1,1.55,13.7,0.0,0.0,0.0,0.0,0.0,12.05,0.0,0.0,0.0,0.0,0.0,0.0,11.8,9.1,0.0,10.5,0.0,0.0,0.0,0.0,10.2,10.2,0.0,0.0,0.0,81.71,0.0,0.0,0.0,0.0,0.87,2021-10-08,GRT,,,,,,cip-bobp.org,,0
568,Cal. 410/70,,CIP,,7 shotshell,1984-06-14,2016-5-18,https://bobp.cip-bobp.org/uploads/tdcc/tab-vii/410-en-4.pdf,0.0,0.0,14.0,69.8,0.0,0.0,0.0,1.55,13.6,0.0,0.0,0.0,0.0,0,0.0,0,0.0,12.0,0.0,0,0.0,0.0,0.0,0.0,11.75,0.0,0.0,0.0,0.0,830.0,950.0,1040.0,0.0,80.0,17,0.0,0.0,0.0,69.9,1.55,13.7,0.0,0.0,0.0,0.0,0.0,12.05,0.0,0.0,0.0,0.0,0.0,0.0,11.8,9.1,0.0,10.5,0.0,0.0,0.0,0.0,10.2,10.2,0.0,0.0,0.0,81.71,0.0,0.0,0.0,0.0,0.87,2021-10-08,GRT,,,,,,cip-bobp.org,,0
569,Cal. 410/73,,CIP,,7 shotshell,1984-06-14,2016-5-18,https://bobp.cip-bobp.org/uploads/tdcc/tab-vii/410-en-5.pdf,0.0,0.0,14.0,72.8,0.0,0.0,0.0,1.55,13.6,0.0,0.0,0.0,0.0,0,0.0,0,0.0,12.0,0.0,0,0.0,0.0,0.0,0.0,11.75,0.0,0.0,0.0,0.0,1050.0,1200.0,1320.0,0.0,83.0,17,0.0,0.0,0.0,73.0,1.55,13.7,0.0,0.0,0.0,0.0,0.0,12.05,0.0,0.0,0.0,0.0,0.0,0.0,11.8,9.1,0.0,10.5,0.0,0.0,0.0,0.0,10.2,10.2,0.0,0.0,0.0,81.71,0.0,0.0,0.0,0.0,0.87,2021-10-08,GRT,,,,,,cip-bobp.org,,0
570,Cal. 410/76,,CIP,,7 shotshell,1984-06-14,2016-5-18,https://bobp.cip-bobp.org/uploads/tdcc/tab-vii/410-en-6.pdf,0.0,0.0,14.0,76.0,0.0,0.0,0.0,1.55,13.6,0.0,0.0,0.0,0.0,0,0.0,0,0.0,12.0,0.0,0,0.0,0.0,0.0,0.0,11.75,0.0,0.0,0.0,0.0,1050.0,1200.0,1320.0,0.0,88.0,17,0.0,0.0,0.0,76.2,1.55,13.7,0.0,0.0,0.0,0.0,0.0,12.05,0.0,0.0,0.0,0.0,0.0,0.0,11.8,9.1,0.0,10.5,0.0,0.0,0.0,0.0,10.2,10.2,0.0,0.0,0.0,81.71,0.0,0.0,0.0,0.0,0.87,2021-10-08,GRT,,,,,,cip-bobp.org,,0
571,Cal. 8 mm C.F,,CIP,,7 shotshell,1989-01-19,2006-9-19,https://bobp.cip-bobp.org/uploads/tdcc/tab-vii/tabviical-de-page13.pdf,0.0,0.0,10.0,44.3,0.0,0.0,0.0,1.45,12.2,0.0,0.0,0.0,0.0,0,0.0,0,0.0,9.8,0.0,0,0.0,0.0,0.0,0.0,9.0,0.0,0.0,0.0,0.0,830.0,950.0,1040.0,0.0,25.5,12.5,0.0,0.0,0.0,0.0,0.0,0.0,0.0,0.0,0.0,0.0,0.0,0.0,0.0,0.0,0.0,0.0,0.0,0.0,0.0,0.0,0.0,0.0,0.0,0.0,0.0,0.0,7.9,0.0,0.0,0.0,0.0,49.02,0.0,0.0,0.0,0.0,0.87,2021-10-08,GRT,,,,,,cip-bobp.org,,0
572,Cal. 8/100,,CIP,,7 shotshell,1989-01-19,2006-9-19,https://bobp.cip-bobp.org/uploads/tdcc/tab-vii/tabviical-de-page2.pdf,0.0,0.0,20.0,100.0,0.0,0.0,0.0,2.9,26.25,0.0,0.0,0.0,0.0,0,0.0,0,0.0,23.5,0.0,0,0.0,0.0,0.0,0.0,23.15,0.0,0.0,0.0,0.0,1050.0,1200.0,1320.0,0.0,528.0,25,0.0,0.0,0.0,0.0,0.0,0.0,0.0,0.0,0.0,0.0,0.0,0.0,0.0,0.0,0.0,0.0,0.0,0.0,0.0,0.0,0.0,0.0,0.0,0.0,0.0,0.0,20.8,0.0,0.0,0.0,0.0,339.79,0.0,0.0,0.0,0.0,0.87,2021-10-08,GRT,,,,,,cip-bobp.org,,0
573,Cal. 8/47.5 mm C.F.,,CIP,IT,7 shotshell,2004-09-27,2006-09-19,https://bobp.cip-bobp.org/uploads/tdcc/tab-vii/tabviical-en-page14.pdf,0.0,0.0,8.0,47.5,0.0,0.0,0.0,1.45,12.2,0.0,0.0,0.0,0.0,0,0.0,0,0.0,9.8,0.0,0,0.0,0.0,0.0,0.0,9.0,0.0,0.0,0.0,0.0,830.0,950.0,1040.0,0.0,27.7,10.5,0.0,0.0,0.0,47.5,1.45,12.3,0.0,0.0,0.5,0.0,0.0,9.85,0.0,0.0,0.0,0.0,0.0,0.0,9.05,6.2,0.0,10.5,0.0,0.0,0.0,0.0,7.9,7.9,0.0,0.0,0.0,49.02,35.0,0.2,0.1,0.35,0.87,2021-10-08,GRT,,,,,,,,0
574,Cal. 8/82,,CIP,,7 shotshell,1989-01-19,2006-09-19,https://bobp.cip-bobp.org/uploads/tdcc/tab-vii/tabviical-en-page2.pdf,0.0,0.0,20.0,82.4,0.0,0.0,0.0,2.9,26.25,0.0,0.0,0.0,0.0,0,0.0,0,0.0,23.5,0.0,0,0.0,0.0,0.0,0.0,23.15,0.0,0.0,0.0,0.0,1050.0,1200.0,1320.0,0.0,428.0,25,0.0,0.0,0.0,82.6,2.95,26.3,0.0,0.0,0.5,0.0,0.0,23.65,0.0,0.0,0.0,0.0,0.0,0.0,23.2,12.95,0.0,10.5,0.0,0.0,0.0,0.0,20.8,20.8,0.0,0.0,0.0,339.79,35.0,0.2,0.1,0.35,0.87,2021-10-08,GRT,,,,,,cip-bobp.org,,0
575,Cal. 9 mm C.F. Mori,,CIP,IT,7 shotshell,2004-09-27,2006-09-19,https://bobp.cip-bobp.org/uploads/tdcc/tab-vii/tabviical-en-page16.pdf,0.0,0.0,7.0,45.0,0.0,0.0,0.0,1.45,10.45,0.0,0.0,0.0,0.0,0,0.0,0,0.0,8.8,0.0,0,0.0,0.0,0.0,0.0,8.35,0.0,0.0,0.0,0.0,830.0,950.0,1040.0,0.0,21.7,9,0.0,0.0,0.0,45.1,1.45,10.7,0.0,0.0,0.5,0.0,0.0,8.85,0.0,0.0,0.0,0.0,0.0,0.0,0.0,0.0,0.0,13.3,0.0,0.0,0.0,0.0,8.35,0.0,0.0,0.0,0.0,54.76,35.0,0.2,0.1,0.35,0.87,2021-10-08,GRT,,,,,,,,0
576,Cal. 9 mm C.F.,,CIP,,7 shotshell,1989-01-19,2006-09-19,https://bobp.cip-bobp.org/uploads/tdcc/tab-vii/tabviical-en-page15.pdf,0.0,0.0,10.0,44.5,0.0,0.0,0.0,1.4,11.4,0.0,0.0,0.0,0.0,0,0.0,0,0.0,9.85,0.0,0,0.0,0.0,0.0,0.0,9.65,0.0,0.0,0.0,0.0,830.0,950.0,1040.0,0.0,30.3,12.5,0.0,0.0,0.0,44.6,1.45,11.5,0.0,0.0,0.5,0.0,0.0,9.9,0.0,0.0,0.0,0.0,0.0,0.0,9.7,6.47,0.0,10.5,0.0,0.0,0.0,0.0,8.5,8.5,0.0,0.0,0.0,56.75,35.0,0.2,0.1,0.35,0.87,2021-10-08,GRT,,,,,,cip-bobp.org,,0
577,my Cartridge Name,my alternate Cartridge Name,WildCat,US,1 rimless,1984-06-14,2002-5-15,https://bobp.cip-bobp.org/uploads/tdcc/tab-i/223-rem-170406-en.pdf,0.0,0.0,0.0,44.7,0.0,0.0,57.4,1.14,9.6,0.0,3.12928,8.43,0.76,25,0.0,35,0.0,9.58,0.0,0,47.12,0.0,0.0,0.0,9.58,9.03,0.0,0.45,46.88,4300.0,4945.0,5375.0,1825.0,41.0,25,0.0,0.0,0.0,45.01,0.0,9.66,0.0,0.0,0.0,3.13,0.0,9.61,0.0,0.0,47.05,0.0,0.0,0.0,9.61,3.35,9.05,180.0,0.0,0.0,1.95,0.0,8.82,9.02,2.49,6.0,250.0,62.61,0.0,0.1,0.0,0.0,0.6,2021-10-08,GRT,,,,,,cip-bobp.org,,0
578,.260 AI,.260 Ackley Improved,WildCat,US,1 rimless,2012-05-30,1900-1-1,,0.0,42.32,44.88,51.69,0.0,0.0,76.64,1.37,12.01,0.0,3.85,10.39,1.4,36,0.0,35,0.0,11.95,11.74,80,48.77,0.76,3.18,7.39,7.39,6.72,0.0,0.38,58.42,4350.0,5003.0,5438.0,3400.0,57.0,25,0.0,42.32,44.88,51.94,0.0,12.01,0.0,0.0,0.0,3.84,0.0,11.98,11.76,80.0,47.95,0.76,3.18,7.54,7.52,9.65,6.72,90.0,0.4,6.48,1.5,0.0,6.5,6.71,2.29,5.0,203.0,34.66,0.0,0.1,0.0,0.0,0.52,2021-10-25,grtuser,,,,,,cip-bobp.org,,0
